{
    "id" : "castDef_Mais",
    "internalName" : "Phillip_Mais",
    "firstName" : "Phillip",
    "lastName" : "Mais",
    "callsign" : "",
    "rank" : "Brigadier General",
    "gender" : "Male",
    "factionID" : "Steiner",
    "sgCharType" : "UNSET",
    "showRank" : true,
    "showFirstName" : true,
    "showCallsign" : false,
    "showLastName" : true,
    "localizeName" : true,
    "defaultEmotePortrait" : {
        "emote" : "Default",
        "portraitAssetPath" : "sprites/Portraits/guiTxrPort_SteinerRep_utr.png"
    },
    "emotePotraitList" : [
        
    ]
}
