{
    "FixedEquipment": [
        {
            "MountedLocation": "Head", 
            "ComponentDefID": "Gear_Quirk_ImprovedCommunications_Rifleman", 
            "SimGameUID": "", 
            "ComponentDefType": "Upgrade", 
            "HardpointSlot": -1, 
            "GUID": null, 
            "DamageLevel": "Functional", 
            "prefabName": "", 
            "hasPrefabName": true
        }, 
        {
            "MountedLocation": "CenterTorso", 
            "ComponentDefID": "emod_structureslots_standard", 
            "SimGameUID": "", 
            "ComponentDefType": "Upgrade", 
            "HardpointSlot": -1, 
            "GUID": null, 
            "DamageLevel": "Functional", 
            "prefabName": "", 
            "hasPrefabName": true
        }
    ], 
    "Description": {
        "Cost": 6056640, 
        "Rarity": 3, 
        "Purchasable": true, 
        "Manufacturer": "", 
        "Model": "", 
        "UIName": "Rifleman GDL", 
        "Id": "chassisdef_riflemangdl_RFL-3N", 
        "Name": "Rifleman GDL", 
        "Details": "The definitive anti-aircraft 'Mech, the Rifleman was first fielded in 2505, making it among the earliest 'Mechs ever built. Armed with medium autocannons and a bevy of lasers, the Rifleman is a great fire-support mech but a bad line combatant, thanks to poor armoring.", 
        "Icon": "uixTxrIcon_rifleman"
    }, 
    "VariantName": "RFL-3N", 
    "StockRole": "Anti-Aircraft & Direct-Fire Support", 
    "YangsThoughts": "The definitive anti-aircraft 'Mech, the Rifleman was first fielded in 2505, making it among the earliest 'Mechs ever built. Armed with medium autocannons and a bevy of lasers, the Rifleman is a great fire-support mech but a bad line combatant, thanks to poor armoring.", 
    "PrefabIdentifier": "chrPrfMech_riflemanBase-001", 
    "PrefabBase": "rifleman", 
    "Tonnage": 60, 
    "InitialTonnage": 6, 
    "weightClass": "HEAVY", 
    "BattleValue": 5514000, 
    "Heatsinks": 0, 
    "TopSpeed": 120, 
    "TurnRadius": 90, 
    "MaxJumpjets": 30, 
    "Stability": 160, 
    "StabilityDefenses": [
        0, 
        0, 
        0, 
        0, 
        0, 
        0
    ], 
    "SpotterDistanceMultiplier": 1, 
    "VisibilityMultiplier": 1, 
    "SensorRangeMultiplier": 1, 
    "Signature": 0, 
    "Radius": 8, 
    "PunchesWithLeftArm": false, 
    "EngageRangeModifier": 0, 
    "MeleeDamage": 65, 
    "MeleeInstability": 55, 
    "MeleeToHitModifier": 0, 
    "DFADamage": 80, 
    "DFAToHitModifier": 0, 
    "DFASelfDamage": 80, 
    "DFAInstability": 80, 
    "ChassisTags": {
        "items": [], 
        "tagSetSourceFile": ""
    }, 
    "MechPartMax": 0, 
    "MovementCapDefID": "movedef_rifleman_RFL-3N", 
    "PathingCapDefID": "pathingdef_heavy", 
    "HardpointDataDefID": "hardpointdatadef_rifleman", 
    "LOSSourcePositions": [
        {
            "x": 0, 
            "y": 14, 
            "z": 0.5
        }, 
        {
            "x": 4.5, 
            "y": 13, 
            "z": -0.5
        }, 
        {
            "x": -4.5, 
            "y": 13, 
            "z": -0.5
        }
    ], 
    "LOSTargetPositions": [
        {
            "x": 0, 
            "y": 14, 
            "z": 0.5
        }, 
        {
            "x": 4.5, 
            "y": 13, 
            "z": -0.5
        }, 
        {
            "x": -4.5, 
            "y": 13, 
            "z": -0.5
        }, 
        {
            "x": 2.5, 
            "y": 5, 
            "z": 1.25
        }, 
        {
            "x": -2.5, 
            "y": 5, 
            "z": 1.25
        }
    ], 
    "MechPartCount": 0, 
    "Locations": [
        {
            "Location": "Head", 
            "Hardpoints": [], 
            "Tonnage": 0, 
            "InventorySlots": 6, 
            "MaxArmor": 45, 
            "MaxRearArmor": -1, 
            "InternalStructure": 16
        }, 
        {
            "Location": "LeftArm", 
            "Hardpoints": [
                {
                    "Omni": false, 
                    "weaponMountID": "Energy"
                }, 
                {
                    "Omni": false, 
                    "weaponMountID": "Ballistic"
                }, 
                {
                    "Omni": false, 
                    "weaponMountID": "Ballistic"
                }
            ], 
            "Tonnage": 0, 
            "InventorySlots": 12, 
            "MaxArmor": 100, 
            "MaxRearArmor": -1, 
            "InternalStructure": 50
        }, 
        {
            "Location": "LeftTorso", 
            "Hardpoints": [
                {
                    "Omni": false, 
                    "weaponMountID": "Energy"
                }
            ], 
            "Tonnage": 0, 
            "InventorySlots": 12, 
            "MaxArmor": 140, 
            "MaxRearArmor": 70, 
            "InternalStructure": 70
        }, 
        {
            "Location": "CenterTorso", 
            "Hardpoints": [], 
            "Tonnage": 0, 
            "InventorySlots": 15, 
            "MaxArmor": 200, 
            "MaxRearArmor": 100, 
            "InternalStructure": 100
        }, 
        {
            "Location": "RightTorso", 
            "Hardpoints": [
                {
                    "Omni": false, 
                    "weaponMountID": "Energy"
                }
            ], 
            "Tonnage": 0, 
            "InventorySlots": 12, 
            "MaxArmor": 140, 
            "MaxRearArmor": 70, 
            "InternalStructure": 70
        }, 
        {
            "Location": "RightArm", 
            "Hardpoints": [
                {
                    "Omni": false, 
                    "weaponMountID": "Energy"
                }, 
                {
                    "Omni": false, 
                    "weaponMountID": "Ballistic"
                }, 
                {
                    "Omni": false, 
                    "weaponMountID": "Ballistic"
                }
            ], 
            "Tonnage": 0, 
            "InventorySlots": 12, 
            "MaxArmor": 100, 
            "MaxRearArmor": -1, 
            "InternalStructure": 50
        }, 
        {
            "Location": "LeftLeg", 
            "Hardpoints": [], 
            "Tonnage": 0, 
            "InventorySlots": 6, 
            "MaxArmor": 140, 
            "MaxRearArmor": -1, 
            "InternalStructure": 70
        }, 
        {
            "Location": "RightLeg", 
            "Hardpoints": [], 
            "Tonnage": 0, 
            "InventorySlots": 6, 
            "MaxArmor": 140, 
            "MaxRearArmor": -1, 
            "InternalStructure": 70
        }
    ]
}