{
  "MechTags": {
    "items": [
      "unit_generic",
      "unit_bracket_high",
      "unit_jumpOK",
      "unit_release",
      "unit_mech",
      "unit_medium",
      "unit_ready",
      "unit_lance_assassin",
      "unit_lance_support",
      "unit_role_sniper",
      "unit_solaris",
      "unit_indirectFire",
      "INVALID_UNSET",
      "NoFaction",
      "Player1sMercUnit",
      "Owner",
      "Player2sMercUnit",
      "Unknown",
      "Faction_Neutral",
      "Faction_Employer",
      "Faction_Target",
      "Faction_TargetsAlly",
      "comstar",
      "WordOfBlake",
      "auriganmercenaries",
      "steiner",
      "marik",
      "kurita",
      "davion",
      "liao",
      "jarnfolk",
      "delphi",
      "hanse",
      "castile",
      "chainelane",
      "tortuga",
      "axumite",
      "auriganpirates",
      "locals",
      "magistracyofcanopus",
      "marian",
      "taurianconcordat",
      "rasalhague",
      "outworld",
      "ives",
      "elysia",
      "oberon",
      "valkyrate",
      "circinus",
      "illyrian",
      "lothian",
      "aurigandirectorate",
      "auriganrestoration",
      "nofaction",
      "MercenaryReviewBoard",
      "betrayers",
      "FlakJackals",
      "LocalsBrockwayRefugees",
      "SelfEmployed",
      "MasonsMarauders",
      "SteelBeast",
      "KellHounds",
      "RazorbackMercs",
      "HostileMercenaries",
      "EmeraldDawn",
      "SianTriumphant",
      "ProfHorvat",
      "RedHareRegiment",
      "EdCorbu",
      "DuchyOfAndurien",
      "BlackCalderaDefense",
      "HouseNakano",
      "GrayDeathLegion",
      "BlackCalderaDefense_Hidden",
      "SelfEmployed_Yang",
      "SecuritySolutionsInc",
      "PaladinProtectionLLC",
      "HouseKhulan",
      "BlackWidowCompany",
      "BaumannGroup",
      "BountyHunterAssociates",
      "BLACKLISTED"
    ],
    "tagSetSourceFile": ""
  },
  "ChassisID": "chassisdef_griffin_GRF-1N",
  "Description": {
    "Cost": 252573,
    "Rarity": 1,
    "Purchasable": true,
    "Manufacturer": null,
    "Model": null,
    "UIName": "Griffin GRF-1N",
    "Id": "mechdef_griffin_tr_GRF-1N",
    "Name": "Griffin GRF-1N",
    "Details": "__/Base_3061.mechdef_griffin_GRF-1N.Details/__",
    "Icon": "uixTxrIcon_griffin"
  },
  "simGameMechPartCost": 252573,
  "Version": 1,
  "Locations": [
    {
      "DamageLevel": "Functional",
      "Location": "Head",
      "CurrentArmor": 45,
      "CurrentRearArmor": -1,
      "CurrentInternalStructure": 16,
      "AssignedArmor": 45,
      "AssignedRearArmor": -1
    },
    {
      "DamageLevel": "Functional",
      "Location": "LeftArm",
      "CurrentArmor": 70,
      "CurrentRearArmor": -1,
      "CurrentInternalStructure": 45,
      "AssignedArmor": 55,
      "AssignedRearArmor": -1
    },
    {
      "DamageLevel": "Functional",
      "Location": "LeftTorso",
      "CurrentArmor": 100,
      "CurrentRearArmor": 30,
      "CurrentInternalStructure": 65,
      "AssignedArmor": 75,
      "AssignedRearArmor": 30
    },
    {
      "DamageLevel": "Functional",
      "Location": "CenterTorso",
      "CurrentArmor": 100,
      "CurrentRearArmor": 35,
      "CurrentInternalStructure": 90,
      "AssignedArmor": 60,
      "AssignedRearArmor": 35
    },
    {
      "DamageLevel": "Functional",
      "Location": "RightTorso",
      "CurrentArmor": 100,
      "CurrentRearArmor": 30,
      "CurrentInternalStructure": 65,
      "AssignedArmor": 55,
      "AssignedRearArmor": 30
    },
    {
      "DamageLevel": "Functional",
      "Location": "RightArm",
      "CurrentArmor": 70,
      "CurrentRearArmor": -1,
      "CurrentInternalStructure": 45,
      "AssignedArmor": 45,
      "AssignedRearArmor": -1
    },
    {
      "DamageLevel": "Functional",
      "Location": "LeftLeg",
      "CurrentArmor": 90,
      "CurrentRearArmor": -1,
      "CurrentInternalStructure": 65,
      "AssignedArmor": 75,
      "AssignedRearArmor": -1
    },
    {
      "DamageLevel": "Functional",
      "Location": "RightLeg",
      "CurrentArmor": 90,
      "CurrentRearArmor": -1,
      "CurrentInternalStructure": 65,
      "AssignedArmor": 80,
      "AssignedRearArmor": -1
    }
  ],
  "inventory": [
    {
      "MountedLocation": "CenterTorso",
      "ComponentDefID": "emod_armorslots_standard",
      "ComponentDefType": "Upgrade",
      "HardpointSlot": -1,
      "DamageLevel": "Functional",
      "hasPrefabName": false
    },
    {
      "MountedLocation": "CenterTorso",
      "ComponentDefID": "emod_structureslots_standard",
      "ComponentDefType": "Upgrade",
      "HardpointSlot": -1,
      "DamageLevel": "Functional",
      "hasPrefabName": false
    },
    {
      "MountedLocation": "CenterTorso",
      "ComponentDefID": "emod_engine_275",
      "ComponentDefType": "HeatSink",
      "HardpointSlot": -1,
      "DamageLevel": "Functional",
      "hasPrefabName": false
    },
    {
      "MountedLocation": "CenterTorso",
      "ComponentDefID": "emod_kit_shs",
      "ComponentDefType": "HeatSink",
      "HardpointSlot": -1,
      "DamageLevel": "Functional",
      "hasPrefabName": false
    },
    {
      "MountedLocation": "CenterTorso",
      "ComponentDefID": "Gear_Engine_Heatsinks",
      "ComponentDefType": "HeatSink",
      "HardpointSlot": -1,
      "DamageLevel": "Functional",
      "hasPrefabName": false
    },
    {
      "MountedLocation": "CenterTorso",
      "ComponentDefID": "Gear_Gyro_Generic_Standard",
      "ComponentDefType": "Upgrade",
      "HardpointSlot": -1,
      "DamageLevel": "Functional",
      "hasPrefabName": false
    },
    {
      "MountedLocation": "CenterTorso",
      "ComponentDefID": "emod_engineslots_std_center",
      "ComponentDefType": "HeatSink",
      "HardpointSlot": -1,
      "DamageLevel": "Functional",
      "hasPrefabName": false
    },
    {
      "MountedLocation": "Head",
      "ComponentDefID": "Gear_Cockpit_Generic_Standard",
      "ComponentDefType": "Upgrade",
      "HardpointSlot": -1,
      "DamageLevel": "Functional",
      "hasPrefabName": false
    },
    {
      "MountedLocation": "LeftArm",
      "ComponentDefID": "emod_arm_part_shoulder",
      "ComponentDefType": "Upgrade",
      "HardpointSlot": 0,
      "DamageLevel": "Functional",
      "hasPrefabName": false,
      "SimGameUID": ""
    },
    {
      "MountedLocation": "LeftArm",
      "ComponentDefID": "emod_arm_part_upper",
      "ComponentDefType": "Upgrade",
      "HardpointSlot": 0,
      "DamageLevel": "Functional",
      "hasPrefabName": false,
      "SimGameUID": ""
    },
    {
      "MountedLocation": "LeftArm",
      "ComponentDefID": "emod_arm_part_lower",
      "ComponentDefType": "Upgrade",
      "HardpointSlot": 0,
      "DamageLevel": "Functional",
      "hasPrefabName": false,
      "SimGameUID": ""
    },
    {
      "MountedLocation": "LeftArm",
      "ComponentDefID": "emod_arm_part_hand",
      "ComponentDefType": "Upgrade",
      "HardpointSlot": 0,
      "DamageLevel": "Functional",
      "hasPrefabName": false,
      "SimGameUID": ""
    },
    {
      "MountedLocation": "RightArm",
      "ComponentDefID": "emod_arm_part_shoulder",
      "ComponentDefType": "Upgrade",
      "HardpointSlot": 0,
      "DamageLevel": "Functional",
      "hasPrefabName": false,
      "SimGameUID": ""
    },
    {
      "MountedLocation": "RightArm",
      "ComponentDefID": "emod_arm_part_upper",
      "ComponentDefType": "Upgrade",
      "HardpointSlot": 0,
      "DamageLevel": "Functional",
      "hasPrefabName": false,
      "SimGameUID": ""
    },
    {
      "MountedLocation": "RightArm",
      "ComponentDefID": "emod_arm_part_lower",
      "ComponentDefType": "Upgrade",
      "HardpointSlot": 0,
      "DamageLevel": "Functional",
      "hasPrefabName": false,
      "SimGameUID": ""
    },
    {
      "MountedLocation": "RightArm",
      "ComponentDefID": "emod_arm_part_hand",
      "ComponentDefType": "Upgrade",
      "HardpointSlot": 0,
      "DamageLevel": "Functional",
      "hasPrefabName": false,
      "SimGameUID": ""
    },
    {
      "MountedLocation": "LeftLeg",
      "ComponentDefID": "emod_leg_hip",
      "ComponentDefType": "Upgrade",
      "HardpointSlot": 0,
      "DamageLevel": "Functional",
      "hasPrefabName": false,
      "SimGameUID": ""
    },
    {
      "MountedLocation": "LeftLeg",
      "ComponentDefID": "emod_leg_upper",
      "ComponentDefType": "Upgrade",
      "HardpointSlot": 0,
      "DamageLevel": "Functional",
      "hasPrefabName": false,
      "SimGameUID": ""
    },
    {
      "MountedLocation": "LeftLeg",
      "ComponentDefID": "emod_leg_lower",
      "ComponentDefType": "Upgrade",
      "HardpointSlot": 0,
      "DamageLevel": "Functional",
      "hasPrefabName": false,
      "SimGameUID": ""
    },
    {
      "MountedLocation": "LeftLeg",
      "ComponentDefID": "emod_leg_foot",
      "ComponentDefType": "Upgrade",
      "HardpointSlot": 0,
      "DamageLevel": "Functional",
      "hasPrefabName": false,
      "SimGameUID": ""
    },
    {
      "MountedLocation": "RightLeg",
      "ComponentDefID": "emod_leg_hip",
      "ComponentDefType": "Upgrade",
      "HardpointSlot": 0,
      "DamageLevel": "Functional",
      "hasPrefabName": false,
      "SimGameUID": ""
    },
    {
      "MountedLocation": "RightLeg",
      "ComponentDefID": "emod_leg_upper",
      "ComponentDefType": "Upgrade",
      "HardpointSlot": 0,
      "DamageLevel": "Functional",
      "hasPrefabName": false,
      "SimGameUID": ""
    },
    {
      "MountedLocation": "RightLeg",
      "ComponentDefID": "emod_leg_lower",
      "ComponentDefType": "Upgrade",
      "HardpointSlot": 0,
      "DamageLevel": "Functional",
      "hasPrefabName": false,
      "SimGameUID": ""
    },
    {
      "MountedLocation": "RightLeg",
      "ComponentDefID": "emod_leg_foot",
      "ComponentDefType": "Upgrade",
      "HardpointSlot": 0,
      "DamageLevel": "Functional",
      "hasPrefabName": false,
      "SimGameUID": ""
    },
    {
      "MountedLocation": "LeftTorso",
      "ComponentDefID": "Gear_JumpJet_Generic_Standard",
      "ComponentDefType": "JumpJet",
      "HardpointSlot": -1,
      "DamageLevel": "Functional",
      "hasPrefabName": false
    },
    {
      "MountedLocation": "LeftTorso",
      "ComponentDefID": "Gear_JumpJet_Generic_Standard",
      "ComponentDefType": "JumpJet",
      "HardpointSlot": -1,
      "DamageLevel": "Functional",
      "hasPrefabName": false
    },
    {
      "MountedLocation": "CenterTorso",
      "ComponentDefID": "Gear_JumpJet_Generic_Standard",
      "ComponentDefType": "JumpJet",
      "HardpointSlot": -1,
      "DamageLevel": "Functional",
      "hasPrefabName": false
    },
    {
      "MountedLocation": "RightTorso",
      "ComponentDefID": "Weapon_LRM_LRM10_0-STOCK",
      "ComponentDefType": "Weapon",
      "HardpointSlot": 0,
      "DamageLevel": "Functional",
      "hasPrefabName": false
    },
    {
      "MountedLocation": "RightTorso",
      "ComponentDefID": "Gear_JumpJet_Generic_Standard",
      "ComponentDefType": "JumpJet",
      "HardpointSlot": -1,
      "DamageLevel": "Functional",
      "hasPrefabName": false
    },
    {
      "MountedLocation": "RightTorso",
      "ComponentDefID": "Gear_JumpJet_Generic_Standard",
      "ComponentDefType": "JumpJet",
      "HardpointSlot": -1,
      "DamageLevel": "Functional",
      "hasPrefabName": false
    },
    {
      "MountedLocation": "RightTorso",
      "ComponentDefID": "Ammo_AmmunitionBox_Generic_LRM",
      "ComponentDefType": "AmmunitionBox",
      "HardpointSlot": -1,
      "DamageLevel": "Functional",
      "hasPrefabName": false
    },
    {
      "MountedLocation": "RightTorso",
      "ComponentDefID": "Ammo_AmmunitionBox_Generic_LRM",
      "ComponentDefType": "AmmunitionBox",
      "HardpointSlot": -1,
      "DamageLevel": "Functional",
      "hasPrefabName": false
    },
    {
      "MountedLocation": "RightArm",
      "ComponentDefID": "Weapon_PPC_PPC_0-STOCK",
      "ComponentDefType": "Weapon",
      "HardpointSlot": 0,
      "DamageLevel": "Functional",
      "hasPrefabName": false
    },
    {
      "MountedLocation": "LeftLeg",
      "ComponentDefID": "Gear_HeatSink_Generic_Standard",
      "ComponentDefType": "HeatSink",
      "HardpointSlot": -1,
      "DamageLevel": "Functional",
      "hasPrefabName": false
    },
    {
      "MountedLocation": "RightLeg",
      "ComponentDefID": "Gear_HeatSink_Generic_Standard",
      "ComponentDefType": "HeatSink",
      "HardpointSlot": -1,
      "DamageLevel": "Functional",
      "hasPrefabName": false
    }
  ]
}