{
  "MechTags": {
    "items": [
      "unit_jumpOK",
      "unit_release",
      "unit_mech",
      "unit_medium",
      "unit_lance_support",
      "unit_role_sniper",
      "unit_bracket_med",
      "unit_generic",
      "unit_solaris",
      "INVALID_UNSET",
      "NoFaction",
      "Player1sMercUnit",
      "Owner",
      "Player2sMercUnit",
      "Unknown",
      "Faction_Neutral",
      "Faction_Employer",
      "Faction_Target",
      "Faction_TargetsAlly",
      "WordOfBlake",
      "comstar",
      "steiner",
      "marik",
      "kurita",
      "davion",
      "liao",
      "jarnfolk",
      "delphi",
      "hanse",
      "castile",
      "chainelane",
      "tortuga",
      "axumite",
      "auriganmercenaries",
      "auriganpirates",
      "locals",
      "magistracyofcanopus",
      "marian",
      "taurianconcordat",
      "rasalhague",
      "outworld",
      "ives",
      "elysia",
      "oberon",
      "valkyrate",
      "circinus",
      "illyrian",
      "lothian",
      "aurigandirectorate",
      "auriganrestoration",
      "FlakJackals",
      "nofaction",
      "MercenaryReviewBoard",
      "betrayers",
      "FlakJackals",
      "LocalsBrockwayRefugees",
      "SelfEmployed",
      "MasonsMarauders",
      "SteelBeast",
      "KellHounds",
      "RazorbackMercs",
      "HostileMercenaries",
      "EmeraldDawn",
      "SianTriumphant",
      "ProfHorvat",
      "RedHareRegiment",
      "EdCorbu",
      "DuchyOfAndurien",
      "BlackCalderaDefense",
      "HouseNakano",
      "GrayDeathLegion",
      "BlackCalderaDefense_Hidden",
      "SelfEmployed_Yang",
      "SecuritySolutionsInc",
      "PaladinProtectionLLC",
      "HouseKhulan",
      "BlackWidowCompany",
      "BaumannGroup",
      "BountyHunterAssociates",
      "BLACKLISTED"
    ],
    "tagSetSourceFile": ""
  },
  "ChassisID": "chassisdef_phoenixhawk_PXH-1",
  "Description": {
    "Cost": 155943,
    "Rarity": 1,
    "Purchasable": true,
    "Manufacturer": null,
    "Model": null,
    "UIName": "Phoenix Hawk PXH-1",
    "Id": "mechdef_phoenixhawk_tr_PXH-1",
    "Name": "Phoenix Hawk PXH-1",
    "Details": "First introduced by the Terran Hegemony in 2568, the Phoenix Hawk was one of the most well known BattleMechs in the Inner Sphere. The 'Mech began life when Orguss Industries realized that it could reinforce the Stinger chassis to create a larger version, one with the same speed and maneuverability as the Stinger but with superior armor, firepower and electronics. Though not without its own drawbacks, the Phoenix Hawk quickly became the standard by which all other reconnaissance 'Mechs were measured.",
    "Icon": "uixTxrIcon_phoenixhawk"
  },
  "simGameMechPartCost": 155943,
  "Version": 1,
  "Locations": [
    {
      "DamageLevel": "Functional",
      "Location": "Head",
      "CurrentArmor": 30,
      "CurrentRearArmor": -1,
      "CurrentInternalStructure": 16,
      "AssignedArmor": 30,
      "AssignedRearArmor": -1
    },
    {
      "DamageLevel": "Functional",
      "Location": "LeftArm",
      "CurrentArmor": 50,
      "CurrentRearArmor": -1,
      "CurrentInternalStructure": 35,
      "AssignedArmor": 40,
      "AssignedRearArmor": -1
    },
    {
      "DamageLevel": "Functional",
      "Location": "LeftTorso",
      "CurrentArmor": 90,
      "CurrentRearArmor": 20,
      "CurrentInternalStructure": 55,
      "AssignedArmor": 65,
      "AssignedRearArmor": 20
    },
    {
      "DamageLevel": "Functional",
      "Location": "CenterTorso",
      "CurrentArmor": 115,
      "CurrentRearArmor": 25,
      "CurrentInternalStructure": 70,
      "AssignedArmor": 70,
      "AssignedRearArmor": 25
    },
    {
      "DamageLevel": "Functional",
      "Location": "RightTorso",
      "CurrentArmor": 90,
      "CurrentRearArmor": 20,
      "CurrentInternalStructure": 55,
      "AssignedArmor": 60,
      "AssignedRearArmor": 20
    },
    {
      "DamageLevel": "Functional",
      "Location": "RightArm",
      "CurrentArmor": 50,
      "CurrentRearArmor": -1,
      "CurrentInternalStructure": 35,
      "AssignedArmor": 35,
      "AssignedRearArmor": -1
    },
    {
      "DamageLevel": "Functional",
      "Location": "LeftLeg",
      "CurrentArmor": 50,
      "CurrentRearArmor": -1,
      "CurrentInternalStructure": 55,
      "AssignedArmor": 75,
      "AssignedRearArmor": -1
    },
    {
      "DamageLevel": "Functional",
      "Location": "RightLeg",
      "CurrentArmor": 45,
      "CurrentRearArmor": -1,
      "CurrentInternalStructure": 55,
      "AssignedArmor": 75,
      "AssignedRearArmor": -1
    }
  ],
  "inventory": [
    {
      "MountedLocation": "CenterTorso",
      "ComponentDefID": "emod_armorslots_standard",
      "ComponentDefType": "Upgrade",
      "HardpointSlot": -1,
      "DamageLevel": "Functional",
      "hasPrefabName": false
    },
    {
      "MountedLocation": "CenterTorso",
      "ComponentDefID": "emod_structureslots_standard",
      "ComponentDefType": "Upgrade",
      "HardpointSlot": -1,
      "DamageLevel": "Functional",
      "hasPrefabName": false
    },
    {
      "MountedLocation": "CenterTorso",
      "ComponentDefID": "emod_engine_270",
      "ComponentDefType": "HeatSink",
      "HardpointSlot": -1,
      "DamageLevel": "Functional",
      "hasPrefabName": false
    },
    {
      "MountedLocation": "CenterTorso",
      "ComponentDefID": "emod_kit_shs",
      "ComponentDefType": "HeatSink",
      "HardpointSlot": -1,
      "DamageLevel": "Functional",
      "hasPrefabName": false
    },
    {
      "MountedLocation": "CenterTorso",
      "ComponentDefID": "Gear_Engine_Heatsinks",
      "ComponentDefType": "HeatSink",
      "HardpointSlot": -1,
      "DamageLevel": "Functional",
      "hasPrefabName": false
    },
    {
      "MountedLocation": "CenterTorso",
      "ComponentDefID": "Gear_Gyro_Generic_Standard",
      "ComponentDefType": "Upgrade",
      "HardpointSlot": -1,
      "DamageLevel": "Functional",
      "hasPrefabName": false
    },
    {
      "MountedLocation": "CenterTorso",
      "ComponentDefID": "emod_engineslots_std_center",
      "ComponentDefType": "HeatSink",
      "HardpointSlot": -1,
      "DamageLevel": "Functional",
      "hasPrefabName": false
    },
    {
      "MountedLocation": "Head",
      "ComponentDefID": "Gear_Cockpit_Generic_Standard",
      "ComponentDefType": "Upgrade",
      "HardpointSlot": -1,
      "DamageLevel": "Functional",
      "hasPrefabName": false
    },
    {
      "MountedLocation": "LeftArm",
      "ComponentDefID": "emod_arm_part_shoulder",
      "ComponentDefType": "Upgrade",
      "HardpointSlot": 0,
      "DamageLevel": "Functional",
      "hasPrefabName": false,
      "SimGameUID": ""
    },
    {
      "MountedLocation": "LeftArm",
      "ComponentDefID": "emod_arm_part_upper",
      "ComponentDefType": "Upgrade",
      "HardpointSlot": 0,
      "DamageLevel": "Functional",
      "hasPrefabName": false,
      "SimGameUID": ""
    },
    {
      "MountedLocation": "LeftArm",
      "ComponentDefID": "emod_arm_part_lower",
      "ComponentDefType": "Upgrade",
      "HardpointSlot": 0,
      "DamageLevel": "Functional",
      "hasPrefabName": false,
      "SimGameUID": ""
    },
    {
      "MountedLocation": "LeftArm",
      "ComponentDefID": "emod_arm_part_hand",
      "ComponentDefType": "Upgrade",
      "HardpointSlot": 0,
      "DamageLevel": "Functional",
      "hasPrefabName": false,
      "SimGameUID": ""
    },
    {
      "MountedLocation": "RightArm",
      "ComponentDefID": "emod_arm_part_shoulder",
      "ComponentDefType": "Upgrade",
      "HardpointSlot": 0,
      "DamageLevel": "Functional",
      "hasPrefabName": false,
      "SimGameUID": ""
    },
    {
      "MountedLocation": "RightArm",
      "ComponentDefID": "emod_arm_part_upper",
      "ComponentDefType": "Upgrade",
      "HardpointSlot": 0,
      "DamageLevel": "Functional",
      "hasPrefabName": false,
      "SimGameUID": ""
    },
    {
      "MountedLocation": "RightArm",
      "ComponentDefID": "emod_arm_part_lower",
      "ComponentDefType": "Upgrade",
      "HardpointSlot": 0,
      "DamageLevel": "Functional",
      "hasPrefabName": false,
      "SimGameUID": ""
    },
    {
      "MountedLocation": "RightArm",
      "ComponentDefID": "emod_arm_part_hand",
      "ComponentDefType": "Upgrade",
      "HardpointSlot": 0,
      "DamageLevel": "Functional",
      "hasPrefabName": false,
      "SimGameUID": ""
    },
    {
      "MountedLocation": "LeftLeg",
      "ComponentDefID": "emod_leg_hip",
      "ComponentDefType": "Upgrade",
      "HardpointSlot": 0,
      "DamageLevel": "Functional",
      "hasPrefabName": false,
      "SimGameUID": ""
    },
    {
      "MountedLocation": "LeftLeg",
      "ComponentDefID": "emod_leg_upper",
      "ComponentDefType": "Upgrade",
      "HardpointSlot": 0,
      "DamageLevel": "Functional",
      "hasPrefabName": false,
      "SimGameUID": ""
    },
    {
      "MountedLocation": "LeftLeg",
      "ComponentDefID": "emod_leg_lower",
      "ComponentDefType": "Upgrade",
      "HardpointSlot": 0,
      "DamageLevel": "Functional",
      "hasPrefabName": false,
      "SimGameUID": ""
    },
    {
      "MountedLocation": "LeftLeg",
      "ComponentDefID": "emod_leg_foot",
      "ComponentDefType": "Upgrade",
      "HardpointSlot": 0,
      "DamageLevel": "Functional",
      "hasPrefabName": false,
      "SimGameUID": ""
    },
    {
      "MountedLocation": "RightLeg",
      "ComponentDefID": "emod_leg_hip",
      "ComponentDefType": "Upgrade",
      "HardpointSlot": 0,
      "DamageLevel": "Functional",
      "hasPrefabName": false,
      "SimGameUID": ""
    },
    {
      "MountedLocation": "RightLeg",
      "ComponentDefID": "emod_leg_upper",
      "ComponentDefType": "Upgrade",
      "HardpointSlot": 0,
      "DamageLevel": "Functional",
      "hasPrefabName": false,
      "SimGameUID": ""
    },
    {
      "MountedLocation": "RightLeg",
      "ComponentDefID": "emod_leg_lower",
      "ComponentDefType": "Upgrade",
      "HardpointSlot": 0,
      "DamageLevel": "Functional",
      "hasPrefabName": false,
      "SimGameUID": ""
    },
    {
      "MountedLocation": "RightLeg",
      "ComponentDefID": "emod_leg_foot",
      "ComponentDefType": "Upgrade",
      "HardpointSlot": 0,
      "DamageLevel": "Functional",
      "hasPrefabName": false,
      "SimGameUID": ""
    },
    {
      "MountedLocation": "LeftArm",
      "ComponentDefID": "Weapon_Laser_MediumLaser_0-STOCK",
      "ComponentDefType": "Weapon",
      "HardpointSlot": 0,
      "DamageLevel": "Functional",
      "hasPrefabName": false
    },
    {
      "MountedLocation": "LeftArm",
      "ComponentDefID": "Weapon_MachineGun_MachineGun_0-STOCK",
      "ComponentDefType": "Weapon",
      "HardpointSlot": 1,
      "DamageLevel": "Functional",
      "hasPrefabName": false
    },
    {
      "MountedLocation": "LeftTorso",
      "ComponentDefID": "Gear_JumpJet_Generic_Standard",
      "ComponentDefType": "JumpJet",
      "HardpointSlot": -1,
      "DamageLevel": "Functional",
      "hasPrefabName": false
    },
    {
      "MountedLocation": "LeftTorso",
      "ComponentDefID": "Gear_JumpJet_Generic_Standard",
      "ComponentDefType": "JumpJet",
      "HardpointSlot": -1,
      "DamageLevel": "Functional",
      "hasPrefabName": false
    },
    {
      "MountedLocation": "LeftTorso",
      "ComponentDefID": "Gear_JumpJet_Generic_Standard",
      "ComponentDefType": "JumpJet",
      "HardpointSlot": -1,
      "DamageLevel": "Functional",
      "hasPrefabName": false
    },
    {
      "MountedLocation": "CenterTorso",
      "ComponentDefID": "Ammo_AmmunitionBox_Generic_MG",
      "ComponentDefType": "AmmunitionBox",
      "HardpointSlot": -1,
      "DamageLevel": "Functional",
      "hasPrefabName": false
    },
    {
      "MountedLocation": "RightTorso",
      "ComponentDefID": "Gear_JumpJet_Generic_Standard",
      "ComponentDefType": "JumpJet",
      "HardpointSlot": -1,
      "DamageLevel": "Functional",
      "hasPrefabName": false
    },
    {
      "MountedLocation": "RightTorso",
      "ComponentDefID": "Gear_JumpJet_Generic_Standard",
      "ComponentDefType": "JumpJet",
      "HardpointSlot": -1,
      "DamageLevel": "Functional",
      "hasPrefabName": false
    },
    {
      "MountedLocation": "RightTorso",
      "ComponentDefID": "Gear_JumpJet_Generic_Standard",
      "ComponentDefType": "JumpJet",
      "HardpointSlot": -1,
      "DamageLevel": "Functional",
      "hasPrefabName": false
    },
    {
      "MountedLocation": "RightArm",
      "ComponentDefID": "Weapon_Laser_MediumLaser_0-STOCK",
      "ComponentDefType": "Weapon",
      "HardpointSlot": 0,
      "DamageLevel": "Functional",
      "hasPrefabName": false
    },
    {
      "MountedLocation": "RightArm",
      "ComponentDefID": "Weapon_Laser_LargeLaser_0-STOCK",
      "ComponentDefType": "Weapon",
      "HardpointSlot": 1,
      "DamageLevel": "Functional",
      "hasPrefabName": false
    },
    {
      "MountedLocation": "RightArm",
      "ComponentDefID": "Weapon_MachineGun_MachineGun_0-STOCK",
      "ComponentDefType": "Weapon",
      "HardpointSlot": 2,
      "DamageLevel": "Functional",
      "hasPrefabName": false
    }
  ]
}
