{
  "MechTags": {
    "items": [
      "unit_release",
      "unit_mech",
      "unit_heavy",
      "unit_lance_support",
      "unit_role_sniper",
      "unit_generic",
      "unit_bracket_med",
      "unit_solaris",
      "INVALID_UNSET",
      "NoFaction",
      "Player1sMercUnit",
      "Owner",
      "Player2sMercUnit",
      "Unknown",
      "Faction_Neutral",
      "Faction_Employer",
      "Faction_Target",
      "Faction_TargetsAlly",
      "comstar",
      "WordOfBlake",
      "steiner",
      "marik",
      "kurita",
      "davion",
      "liao",
      "hanse",
      "castile",
      "tortuga",
      "auriganpirates",
      "magistracyofcanopus",
      "marian",
      "taurianconcordat",
      "rasalhague",
      "outworld",
      "ives",
      "elysia",
      "oberon",
      "valkyrate",
      "circinus",
      "illyrian",
      "lothian",
      "aurigandirectorate",
      "auriganrestoration",
      "FlakJackals",
      "LocalsBrockwayRefugees",
      "MasonsMarauders",
      "SteelBeast",
      "KellHounds",
      "RazorbackMercs",
      "HostileMercenaries",
      "EmeraldDawn",
      "SianTriumphant",
      "RedHareRegiment",
      "EdCorbu",
      "DuchyOfAndurien",
      "BlackCalderaDefense",
      "HouseNakano",
      "BlackCalderaDefense_Hidden",
      "SecuritySolutionsInc",
      "PaladinProtectionLLC",
      "HouseKhulan",
      "BlackWidowCompany",
      "BaumannGroup",
      "BountyHunterAssociates"
    ],
    "tagSetSourceFile": ""
  },
  "ChassisID": "chassisdef_rifleman_RFL-3N",
  "Description": {
    "Cost": 262009,
    "Rarity": 3,
    "Purchasable": true,
    "Manufacturer": null,
    "Model": null,
    "UIName": "Rifleman RFL-3N",
    "Id": "mechdef_rifleman_RFL-3N",
    "Name": "Rifleman RFL-3N",
    "Details": "Designed as a medium fire-support platform, the Rifleman was plagued with a variety of problems since its debut and was ill-suited as a front-line combatant.",
    "Icon": "Rifleman"
  },
  "simGameMechPartCost": 262009,
  "Version": 1,
  "Locations": [
    {
      "DamageLevel": "Functional",
      "Location": "Head",
      "CurrentArmor": 30,
      "CurrentRearArmor": -1,
      "CurrentInternalStructure": 16,
      "AssignedArmor": 30,
      "AssignedRearArmor": -1
    },
    {
      "DamageLevel": "Functional",
      "Location": "LeftArm",
      "CurrentArmor": 75,
      "CurrentRearArmor": -1,
      "CurrentInternalStructure": 50,
      "AssignedArmor": 75,
      "AssignedRearArmor": -1
    },
    {
      "DamageLevel": "Functional",
      "Location": "LeftTorso",
      "CurrentArmor": 75,
      "CurrentRearArmor": 10,
      "CurrentInternalStructure": 70,
      "AssignedArmor": 75,
      "AssignedRearArmor": 10
    },
    {
      "DamageLevel": "Functional",
      "Location": "CenterTorso",
      "CurrentArmor": 110,
      "CurrentRearArmor": 20,
      "CurrentInternalStructure": 100,
      "AssignedArmor": 110,
      "AssignedRearArmor": 20
    },
    {
      "DamageLevel": "Functional",
      "Location": "RightTorso",
      "CurrentArmor": 75,
      "CurrentRearArmor": 10,
      "CurrentInternalStructure": 70,
      "AssignedArmor": 75,
      "AssignedRearArmor": 10
    },
    {
      "DamageLevel": "Functional",
      "Location": "RightArm",
      "CurrentArmor": 75,
      "CurrentRearArmor": -1,
      "CurrentInternalStructure": 50,
      "AssignedArmor": 75,
      "AssignedRearArmor": -1
    },
    {
      "DamageLevel": "Functional",
      "Location": "LeftLeg",
      "CurrentArmor": 60,
      "CurrentRearArmor": -1,
      "CurrentInternalStructure": 70,
      "AssignedArmor": 60,
      "AssignedRearArmor": -1
    },
    {
      "DamageLevel": "Functional",
      "Location": "RightLeg",
      "CurrentArmor": 60,
      "CurrentRearArmor": -1,
      "CurrentInternalStructure": 70,
      "AssignedArmor": 60,
      "AssignedRearArmor": -1
    }
  ],
  "inventory": [
    {
      "MountedLocation": "CenterTorso",
      "ComponentDefID": "emod_armorslots_standard",
      "ComponentDefType": "Upgrade",
      "HardpointSlot": -1,
      "DamageLevel": "Functional",
      "hasPrefabName": false
    },
    {
      "MountedLocation": "CenterTorso",
      "ComponentDefID": "emod_structureslots_standard",
      "ComponentDefType": "Upgrade",
      "HardpointSlot": -1,
      "DamageLevel": "Functional",
      "hasPrefabName": false
    },
    {
      "MountedLocation": "CenterTorso",
      "ComponentDefID": "emod_engine_240",
      "ComponentDefType": "HeatSink",
      "HardpointSlot": -1,
      "DamageLevel": "Functional",
      "hasPrefabName": false
    },
    {
      "MountedLocation": "CenterTorso",
      "ComponentDefID": "emod_kit_shs",
      "ComponentDefType": "HeatSink",
      "HardpointSlot": -1,
      "DamageLevel": "Functional",
      "hasPrefabName": false
    },
    {
      "MountedLocation": "CenterTorso",
      "ComponentDefID": "Gear_Engine_Heatsinks",
      "ComponentDefType": "HeatSink",
      "HardpointSlot": -1,
      "DamageLevel": "Functional",
      "hasPrefabName": false
    },
    {
      "MountedLocation": "CenterTorso",
      "ComponentDefID": "Gear_Gyro_Generic_Standard",
      "ComponentDefType": "Upgrade",
      "HardpointSlot": -1,
      "DamageLevel": "Functional",
      "hasPrefabName": false
    },
    {
      "MountedLocation": "CenterTorso",
      "ComponentDefID": "emod_engineslots_std_center",
      "ComponentDefType": "HeatSink",
      "HardpointSlot": -1,
      "DamageLevel": "Functional",
      "hasPrefabName": false
    },
    {
      "MountedLocation": "Head",
      "ComponentDefID": "Gear_Cockpit_Generic_Standard",
      "ComponentDefType": "Upgrade",
      "HardpointSlot": -1,
      "DamageLevel": "Functional",
      "hasPrefabName": false
    },
    {
      "MountedLocation": "LeftArm",
      "ComponentDefID": "emod_arm_part_shoulder",
      "ComponentDefType": "Upgrade",
      "HardpointSlot": 0,
      "DamageLevel": "Functional",
      "hasPrefabName": false,
      "SimGameUID": ""
    },
    {
      "MountedLocation": "LeftArm",
      "ComponentDefID": "emod_arm_part_upper",
      "ComponentDefType": "Upgrade",
      "HardpointSlot": 0,
      "DamageLevel": "Functional",
      "hasPrefabName": false,
      "SimGameUID": ""
    },
    {
      "MountedLocation": "RightArm",
      "ComponentDefID": "emod_arm_part_shoulder",
      "ComponentDefType": "Upgrade",
      "HardpointSlot": 0,
      "DamageLevel": "Functional",
      "hasPrefabName": false,
      "SimGameUID": ""
    },
    {
      "MountedLocation": "RightArm",
      "ComponentDefID": "emod_arm_part_upper",
      "ComponentDefType": "Upgrade",
      "HardpointSlot": 0,
      "DamageLevel": "Functional",
      "hasPrefabName": false,
      "SimGameUID": ""
    },
    {
      "MountedLocation": "LeftLeg",
      "ComponentDefID": "emod_leg_hip",
      "ComponentDefType": "Upgrade",
      "HardpointSlot": 0,
      "DamageLevel": "Functional",
      "hasPrefabName": false,
      "SimGameUID": ""
    },
    {
      "MountedLocation": "LeftLeg",
      "ComponentDefID": "emod_leg_upper",
      "ComponentDefType": "Upgrade",
      "HardpointSlot": 0,
      "DamageLevel": "Functional",
      "hasPrefabName": false,
      "SimGameUID": ""
    },
    {
      "MountedLocation": "LeftLeg",
      "ComponentDefID": "emod_leg_lower",
      "ComponentDefType": "Upgrade",
      "HardpointSlot": 0,
      "DamageLevel": "Functional",
      "hasPrefabName": false,
      "SimGameUID": ""
    },
    {
      "MountedLocation": "LeftLeg",
      "ComponentDefID": "emod_leg_foot",
      "ComponentDefType": "Upgrade",
      "HardpointSlot": 0,
      "DamageLevel": "Functional",
      "hasPrefabName": false,
      "SimGameUID": ""
    },
    {
      "MountedLocation": "RightLeg",
      "ComponentDefID": "emod_leg_hip",
      "ComponentDefType": "Upgrade",
      "HardpointSlot": 0,
      "DamageLevel": "Functional",
      "hasPrefabName": false,
      "SimGameUID": ""
    },
    {
      "MountedLocation": "RightLeg",
      "ComponentDefID": "emod_leg_upper",
      "ComponentDefType": "Upgrade",
      "HardpointSlot": 0,
      "DamageLevel": "Functional",
      "hasPrefabName": false,
      "SimGameUID": ""
    },
    {
      "MountedLocation": "RightLeg",
      "ComponentDefID": "emod_leg_lower",
      "ComponentDefType": "Upgrade",
      "HardpointSlot": 0,
      "DamageLevel": "Functional",
      "hasPrefabName": false,
      "SimGameUID": ""
    },
    {
      "MountedLocation": "RightLeg",
      "ComponentDefID": "emod_leg_foot",
      "ComponentDefType": "Upgrade",
      "HardpointSlot": 0,
      "DamageLevel": "Functional",
      "hasPrefabName": false,
      "SimGameUID": ""
    },
    {
      "MountedLocation": "LeftArm",
      "ComponentDefID": "Weapon_Laser_LargeLaser_0-STOCK",
      "ComponentDefType": "Weapon",
      "HardpointSlot": 0,
      "DamageLevel": "Functional",
      "hasPrefabName": false
    },
    {
      "MountedLocation": "LeftArm",
      "ComponentDefID": "Weapon_Autocannon_AC5_0-STOCK",
      "ComponentDefType": "Weapon",
      "HardpointSlot": 1,
      "DamageLevel": "Functional",
      "hasPrefabName": false
    },
    {
      "MountedLocation": "CenterTorso",
      "ComponentDefID": "Ammo_AmmunitionBox_Generic_AC5",
      "ComponentDefType": "AmmunitionBox",
      "HardpointSlot": -1,
      "DamageLevel": "Functional",
      "hasPrefabName": false
    },
    {
      "MountedLocation": "LeftTorso",
      "ComponentDefID": "Weapon_Laser_MediumLaser_0-STOCK",
      "ComponentDefType": "Weapon",
      "HardpointSlot": 0,
      "DamageLevel": "Functional",
      "hasPrefabName": false
    },
    {
      "MountedLocation": "RightTorso",
      "ComponentDefID": "Weapon_Laser_MediumLaser_0-STOCK",
      "ComponentDefType": "Weapon",
      "HardpointSlot": 0,
      "DamageLevel": "Functional",
      "hasPrefabName": false
    },
    {
      "MountedLocation": "RightArm",
      "ComponentDefID": "Weapon_Laser_LargeLaser_0-STOCK",
      "ComponentDefType": "Weapon",
      "HardpointSlot": 0,
      "DamageLevel": "Functional",
      "hasPrefabName": false
    },
    {
      "MountedLocation": "RightArm",
      "ComponentDefID": "Weapon_Autocannon_AC5_0-STOCK",
      "ComponentDefType": "Weapon",
      "HardpointSlot": 1,
      "DamageLevel": "Functional",
      "hasPrefabName": false
    },
    {
      "MountedLocation": "LeftLeg",
      "ComponentDefID": "Gear_HeatSink_Generic_Standard",
      "ComponentDefType": "HeatSink",
      "HardpointSlot": -1,
      "DamageLevel": "Functional",
      "hasPrefabName": false
    }
  ]
}
