{
    "id" : "castDef_Kalmar",
    "internalName" : "Lori_Kalmar",
    "firstName" : "Lori",
    "lastName" : "Kalmar",
    "callsign" : "",
    "rank" : "MechWarrior",
    "gender" : "Female",
    "factionID" : "GrayDeathLegion",
    "sgCharType" : "UNSET",
    "showRank" : true,
    "showFirstName" : true,
    "showCallsign" : false,
    "showLastName" : true,
    "localizeName" : true,
    "defaultEmotePortrait" : {
        "emote" : "Default",
        "portraitAssetPath" : "sprites/Portraits/guiTxrPort_GenericMW_default_utr.png"
    },
    "emotePotraitList" : [
        
    ]
}
