{
    "StartingMilestoneID" : "ms_fp_birthOfALegend_001_Start",
    "Milestones" : [
        {
            "Description" : {
                "Id" : "ms_fp_birthOfALegend_001_Start",
                "Name" : "Start",
                "Details" : "Starting milestone",
                "Icon" : null
            },
            "Scope" : "Company",
            "Requirements" : [],
            "Results" : [
                {
                    "Scope" : "Company",
                    "Requirements" : {
                        "Scope" : "Company",
                        "RequirementTags" : {
                            "items" : [],
                            "tagSetSourceFile" : ""
                        },
                        "ExclusionTags" : {
                            "items" : [],
                            "tagSetSourceFile" : ""
                        },
                        "RequirementComparisons" : []
                    },
                    "AddedTags" : {
                        "items" : [],
                        "tagSetSourceFile" : ""
                    },
                    "RemovedTags" : {
                        "items" : [],
                        "tagSetSourceFile" : ""
                    },
                    "Stats" : null,
                    "Actions" : [
                        {
                            "Type" : "Flashpoint_SetNextMilestone",
                            "value" : "ms_fp_birthOfALegend_002_Briefing",
                            "valueConstant" : null,
                            "additionalValues" : null
                        }
                    ],
                    "ForceEvents" : null,
                    "TemporaryResult" : false,
                    "ResultDuration" : 0
                }
            ],
            "Repeatable" : false,
            "UseRandomInvocation" : false,
            "InvokeChance" : 0
        },
        {
            "Description" : {
                "Id" : "ms_fp_birthOfALegend_002_Briefing",
                "Name" : "Briefing",
                "Details" : "Briefing",
                "Icon" : null
            },
            "Scope" : "Company",
            "Requirements" : [],
            "Results" : [
                {
                    "Scope" : "Company",
                    "Requirements" : {
                        "Scope" : "Company",
                        "RequirementTags" : {
                            "items" : [],
                            "tagSetSourceFile" : ""
                        },
                        "ExclusionTags" : {
                            "items" : [],
                            "tagSetSourceFile" : ""
                        },
                        "RequirementComparisons" : []
                    },
                    "AddedTags" : {
                        "items" : [],
                        "tagSetSourceFile" : ""
                    },
                    "RemovedTags" : {
                        "items" : [],
                        "tagSetSourceFile" : ""
                    },
                    "Stats" : null,
                    "Actions" : [
                        {
                            "Type" : "System_StartConversation",
                            "value" : "9c9f078dfe56656cab5c84e2",
                            "valueConstant" : null,
                            "additionalValues" : [
                                "{TGT_FLASHPOINT.Def.Description.Name}",
                                "High Orbit \u2014 {TGT_FLASHPOINT.CurSystem.Name}",
                                "Conference",
                                null
                            ]
                        },
                        {
                            "Type" : "Flashpoint_SetNextMilestone",
                            "value" : "ms_fp_birthOfALegend_003_Mission1",
                            "valueConstant" : null,
                            "additionalValues" : null
                        }
                    ],
                    "ForceEvents" : null,
                    "TemporaryResult" : false,
                    "ResultDuration" : 0
                }
            ],
            "Repeatable" : false,
            "UseRandomInvocation" : false,
            "InvokeChance" : 0
        },
        {
            "Description" : {
                "Id" : "ms_fp_birthOfALegend_003_Mission1",
                "Name" : "Mission1",
                "Details" : "First Mission",
                "Icon" : null
            },
            "Scope" : "Company",
            "Requirements" : [],
            "Results" : [
                {
                    "Scope" : "Company",
                    "Requirements" : {
                        "Scope" : "Company",
                        "RequirementTags" : {
                            "items" : [],
                            "tagSetSourceFile" : ""
                        },
                        "ExclusionTags" : {
                            "items" : [],
                            "tagSetSourceFile" : ""
                        },
                        "RequirementComparisons" : []
                    },
                    "AddedTags" : {
                        "items" : [],
                        "tagSetSourceFile" : ""
                    },
                    "RemovedTags" : {
                        "items" : [],
                        "tagSetSourceFile" : ""
                    },
                    "Stats" : null,
                    "Actions" : [
                        {
                            "Type" : "Flashpoint_AddContract",
                            "value" : "mapGeneral_sandyMesa_aDes",
                            "valueConstant" : null,
                            "additionalValues" : [
                                null,
                                "c06a6023-64c8-4891-a740-ae87b6a371dd",
                                "fp_birthOfALegend_TrialByFire",
                                "Locals",
                                "Kurita",
                                "6",
                                "ms_fp_birthOfALegend_004_Mission2",
                                null,
                                null,
                                "ms_fp_birthOfALegend_100_FailComplete",
                                null,
                                null
                            ]
                        },
                        {
                            "Type" : "System_ForceDropshipRoom",
                            "value" : "Contract",
                            "valueConstant" : null,
                            "additionalValues" : [
                                null
                            ]
                        }
                    ],
                    "ForceEvents" : null,
                    "TemporaryResult" : false,
                    "ResultDuration" : 0
                }
            ],
            "Repeatable" : false,
            "UseRandomInvocation" : false,
            "InvokeChance" : 0
        },
        {
            "Description" : {
                "Id" : "ms_fp_birthOfALegend_004_Mission2",
                "Name" : "Mission2",
                "Details" : "Mission 2",
                "Icon" : null
            },
            "Scope" : "Company",
            "Requirements" : [],
            "Results" : [
                {
                    "Scope" : "Company",
                    "Requirements" : {
                        "Scope" : "Company",
                        "RequirementTags" : {
                            "items" : [],
                            "tagSetSourceFile" : ""
                        },
                        "ExclusionTags" : {
                            "items" : [],
                            "tagSetSourceFile" : ""
                        },
                        "RequirementComparisons" : []
                    },
                    "AddedTags" : {
                        "items" : [],
                        "tagSetSourceFile" : ""
                    },
                    "RemovedTags" : {
                        "items" : [],
                        "tagSetSourceFile" : ""
                    },
                    "Stats" : null,
                    "Actions" : [
                        {
                            "Type" : "Flashpoint_StartContract",
                            "value" : "mapGeneral_bleakRidge_aBad",
                            "valueConstant" : null,
                            "additionalValues" : [
                                null,
                                "6e7fa82a-aafe-4d2d-b186-c9b212c8c5a4",
                                "fp_birthOfALegend_Thunder_Rift",
                                "Locals",
                                "Kurita",
                                "6",
                                "ms_fp_birthOfALegend_005_FinalTalk",
                                "Locals",
                                null,
                                "ms_fp_birthOfALegend_100_FailComplete",
                                null,
                                null
                            ]
                        }
                    ],
                    "ForceEvents" : null,
                    "TemporaryResult" : false,
                    "ResultDuration" : 0
                }
            ],
            "Repeatable" : false,
            "UseRandomInvocation" : false,
            "InvokeChance" : 0
        },
        {
            "Description" : {
                "Id" : "ms_fp_birthOfALegend_005_FinalTalk",
                "Name" : "FinalTalk",
                "Details" : "Post-mission",
                "Icon" : null
            },
            "Scope" : "Company",
            "Requirements" : [],
            "Results" : [
                {
                    "Scope" : "Company",
                    "Requirements" : {
                        "Scope" : "Company",
                        "RequirementTags" : {
                            "items" : [],
                            "tagSetSourceFile" : ""
                        },
                        "ExclusionTags" : {
                            "items" : [],
                            "tagSetSourceFile" : ""
                        },
                        "RequirementComparisons" : []
                    },
                    "AddedTags" : {
                        "items" : [],
                        "tagSetSourceFile" : ""
                    },
                    "RemovedTags" : {
                        "items" : [],
                        "tagSetSourceFile" : ""
                    },
                    "Stats" : null,
                    "Actions" : [
                        {
                            "Type" : "System_StartConversation",
                            "value" : "9cc9c9265212278b96e514e4",
                            "valueConstant" : null,
                            "additionalValues" : [
                                "{TGT_FLASHPOINT.Def.Description.Name} II",
                                "High Orbit \u2014 {TGT_FLASHPOINT.CurSystem.Name}",
                                "Conference",
                                null
                            ]
                        },
                        {
                            "Type" : "Flashpoint_SetNextMilestone",
                            "value" : "ms_fp_birthOfALegend_006_FlashpointCompleted",
                            "valueConstant" : null,
                            "additionalValues" : null
                        }
                    ],
                    "ForceEvents" : null,
                    "TemporaryResult" : false,
                    "ResultDuration" : 0
                }
            ],
            "Repeatable" : false,
            "UseRandomInvocation" : false,
            "InvokeChance" : 0
        },
        {
            "Description" : {
                "Id" : "ms_fp_birthOfALegend_006_FlashpointCompleted",
                "Name" : "FlashpointCompleted",
                "Details" : "Complete",
                "Icon" : null
            },
            "Scope" : "Company",
            "Requirements" : [],
            "Results" : [
                {
                    "Scope" : "Company",
                    "Requirements" : {
                        "Scope" : "Company",
                        "RequirementTags" : {
                            "items" : [],
                            "tagSetSourceFile" : ""
                        },
                        "ExclusionTags" : {
                            "items" : [],
                            "tagSetSourceFile" : ""
                        },
                        "RequirementComparisons" : []
                    },
                    "AddedTags" : {
                        "items" : [
                            "fp_finished_birthOfALegend"
                        ],
                        "tagSetSourceFile" : ""
                    },
                    "RemovedTags" : {
                        "items" : [],
                        "tagSetSourceFile" : ""
                    },
                    "Stats" : null,
                    "Actions" : [
                        {
                            "Type" : "Flashpoint_CompleteFlashpoint",
                            "value" : "ms_fp_birthOfALegend_007_Reward",
                            "valueConstant" : null,
                            "additionalValues" : [
                                null,
                                null
                            ]
                        }
                    ],
                    "ForceEvents" : null,
                    "TemporaryResult" : false,
                    "ResultDuration" : 0
                }
            ],
            "Repeatable" : false,
            "UseRandomInvocation" : false,
            "InvokeChance" : 0
        },
        {
            "Description" : {
                "Id" : "ms_fp_birthOfALegend_007_Reward",
                "Name" : "Reward",
                "Details" : "Reward",
                "Icon" : null
            },
            "Scope" : "Company",
            "Requirements" : [],
            "Results" : [
                {
                    "Scope" : "Company",
                    "Requirements" : {
                        "Scope" : "Company",
                        "RequirementTags" : {
                            "items" : [],
                            "tagSetSourceFile" : ""
                        },
                        "ExclusionTags" : {
                            "items" : [],
                            "tagSetSourceFile" : ""
                        },
                        "RequirementComparisons" : []
                    },
                    "AddedTags" : {
                        "items" : [],
                        "tagSetSourceFile" : ""
                    },
                    "RemovedTags" : {
                        "items" : [],
                        "tagSetSourceFile" : ""
                    },
                    "Stats" : [
                        {
                            "typeString" : "System.Int32",
                            "name" : "Funds",
                            "value" : "500000",
                            "set" : false,
                            "valueConstant" : null
                        }
                    ],
                    "Actions" : [
                        {
                            "Type" : "System_ForceDropshipRoom",
                            "value" : "Argo",
                            "valueConstant" : null,
                            "additionalValues" : [
                                null
                            ]
                        }
                    ],
                    "ForceEvents" : null,
                    "TemporaryResult" : false,
                    "ResultDuration" : 0
                }
            ],
            "Repeatable" : false,
            "UseRandomInvocation" : false,
            "InvokeChance" : 0
        },
        {
            "Description" : {
                "Id" : "ms_fp_birthOfALegend_100_FailComplete",
                "Name" : "FailComplete",
                "Details" : "fail milestone",
                "Icon" : null
            },
            "Scope" : "Company",
            "Requirements" : [],
            "Results" : [
                {
                    "Scope" : "Company",
                    "Requirements" : {
                        "Scope" : "Company",
                        "RequirementTags" : {
                            "items" : [],
                            "tagSetSourceFile" : ""
                        },
                        "ExclusionTags" : {
                            "items" : [],
                            "tagSetSourceFile" : ""
                        },
                        "RequirementComparisons" : []
                    },
                    "AddedTags" : {
                        "items" : [],
                        "tagSetSourceFile" : ""
                    },
                    "RemovedTags" : {
                        "items" : [],
                        "tagSetSourceFile" : ""
                    },
                    "Stats" : null,
                    "Actions" : [
                        {
                            "Type" : "Flashpoint_FailFlashpoint",
                            "value" : null,
                            "valueConstant" : null,
                            "additionalValues" : null
                        }
                    ],
                    "ForceEvents" : null,
                    "TemporaryResult" : false,
                    "ResultDuration" : 0
                }
            ],
            "Repeatable" : false,
            "UseRandomInvocation" : false,
            "InvokeChance" : 0
        }
    ]
}