{
    "Description" : {
        "Id" : "fp_secondTry",
        "Name" : "Second Try",
        "Details" : "The journey with Gray Death Legion",
        "Icon" : "secondTry_titlecard.png"
    },
    "Weight" : 50,
    "InternalName" : "secondTry",
    "PublishState" : "PUBLISHED",
    "Difficulty" : 10,
    "Requirements" : [
        {
            "Scope" : "Company",
            "RequirementTags" : {
                "items" : [
                    "fp_finished_falconsFury"
                ],
                "tagSetSourceFile" : "Tags/CompanyTags"
            },
            "ExclusionTags" : {
                "items" : [
                    "fp_finished_secondTry"
                ],
                "tagSetSourceFile" : ""
            },
            "RequirementComparisons" : []
        }
    ],
    "LocationRequirements" : {
        "Scope" : "StarSystem",
        "RequirementTags" : {
            "items" : [
                "planet_name_pandora"
            ],
            "tagSetSourceFile" : "Tags/PlanetNameTags"
        },
        "ExclusionTags" : {
            "items" : [],
            "tagSetSourceFile" : ""
        },
        "RequirementComparisons" : []
    },
    "PotentialEmployers" : [
        "GrayDeathLegion"
    ],
    "TargetFaction" : "JadeFalcon",
    "AllowRefitTime" : false,
    "FlashpointLength" : "MEDIUM",
    "Repeatable" : false,
    "MilestoneSetID" : "ms_fp_secondTry",
    "UseAvailableTimeoutOverride" : false,
    "AvailableTimeout" : 0,
    "UseInProgressTimeoutOverride" : false,
    "InProgressTimeout" : 0,
    "RewardCollectionID" : "itemCollection_loot_Mech_SLDF",
    "UnitDropTonnageHint" : "None",
    "LanceDropTonnageHint" : "None",
    "FlashpointShortDescription" : "Gray Death Legion is engaging Clan Jade Falcon on Pandora. It looks like Grayson is determined to repay for the defeat on Sudeten. We have received an offer to participate in the operation.",
    "FlashpointDescriberCastDefId" : "castDef_DariusDefault",
    "Tags" : {
        "items" : [],
        "tagSetSourceFile" : "tags/FlashpointTags"
    }
}