{
    "Description": {
        "Id": "lancedef_mech_d9_tukayyid_support",
        "Name": "Dynamic Dif 9 Support",
        "Details": "",
        "Icon": "",
        "Cost": 0,
        "Rarity": 0,
        "Purchasable": false
    },
    "Difficulty": 9,
    "LanceTags": {
        "items": [
            "lance_bracket_high",
            "lance_type_support",
            "lance_type_dynamic",
            "lance_type_mech",
            "lance_type_notallvehicles",
            "lance_type_roguetech"
        ],
        "tagSetSourceFile": "Tags/LanceTags"
    },
    "LanceUnits": [
        {
            "unitType": "Mech",
            "unitId": "Tagged",
            "unitSimGameID": null,
            "pilotId": "Tagged",
            "pilotSimGameID": null,
            "unitTagSet": {
                "items": [
                    "unit_mech",
                    "{CUR_TEAM.faction}",
                    "unit_bracket_high"
                ],
                "tagSetSourceFile": "Tags/UnitTags"
            },
            "excludedUnitTagSet": {
                "items": [
                    "unit_noncombatant",
                    "unit_bracket_low",
                    "unit_lance_assassin",
                    "unit_assault",
		    "unit_sldf"
                ],
                "tagSetSourceFile": "Tags/UnitTags"
            },
            "pilotTagSet": {
                "items": [
                    "pilot_npc_d9",
                    "pilot_npc_high"
                ],
                "tagSetSourceFile": "Tags/PilotTags"
            },
            "excludedPilotTagSet": {
                "items": null,
                "tagSetSourceFile": "Tags/PilotTags"
            },
            "locked": false
        },
        {
            "unitType": "Mech",
            "unitId": "Tagged",
            "unitSimGameID": null,
            "pilotId": "Tagged",
            "pilotSimGameID": null,
            "unitTagSet": {
                "items": [
                    "unit_mech",
                    "{CUR_TEAM.faction}",
                    "unit_bracket_high",
                    "unit_lance_support"
                ],
                "tagSetSourceFile": "Tags/UnitTags"
            },
            "excludedUnitTagSet": {
                "items": [
                    "unit_noncombatant",
                    "unit_legendary",
                    "unit_bracket_low",
                    "unit_assault",
		    "unit_sldf"
                ],
                "tagSetSourceFile": "Tags/UnitTags"
            },
            "pilotTagSet": {
                "items": [
                    "pilot_npc_d9"
                ],
                "tagSetSourceFile": "Tags/PilotTags"
            },
            "excludedPilotTagSet": {
                "items": null,
                "tagSetSourceFile": "Tags/PilotTags"
            },
            "locked": false
        },
        {
            "unitType": "Mech",
            "unitId": "Tagged",
            "unitSimGameID": null,
            "pilotId": "Tagged",
            "pilotSimGameID": null,
            "unitTagSet": {
                "items": [
                    "unit_mech",
                    "unit_lance_support",
                    "{CUR_TEAM.faction}"
                ],
                "tagSetSourceFile": "Tags/UnitTags"
            },
            "excludedUnitTagSet": {
                "items": [
                    "unit_noncombatant",
                    "unit_legendary",
                    "unit_bracket_low",
                    "unit_assault",
		    "unit_sldf"
                ],
                "tagSetSourceFile": "Tags/UnitTags"
            },
            "pilotTagSet": {
                "items": [
                    "pilot_npc_d9"
                ],
                "tagSetSourceFile": "Tags/PilotTags"
            },
            "excludedPilotTagSet": {
                "items": null,
                "tagSetSourceFile": "Tags/PilotTags"
            },
            "locked": false
        },
        {
            "unitType": "Mech",
            "unitId": "Tagged",
            "unitSimGameID": null,
            "pilotId": "Tagged",
            "pilotSimGameID": null,
            "unitTagSet": {
                "items": [
                    "unit_mech",
					"unit_predator",
                    "{CUR_TEAM.faction}"
                ],
                "tagSetSourceFile": "Tags/UnitTags"
            },
            "excludedUnitTagSet": {
                "items": [
                    "unit_noncombatant",
                    "unit_legendary",
                    "unit_bracket_low",
                    "unit_lance_assassin",
                    "unit_assault",
		    "unit_sldf"
                ],
                "tagSetSourceFile": "Tags/UnitTags"
            },
            "pilotTagSet": {
                "items": [
                    "pilot_npc_d9"
                ],
                "tagSetSourceFile": "Tags/PilotTags"
            },
            "excludedPilotTagSet": {
                "items": null,
                "tagSetSourceFile": "Tags/PilotTags"
            },
            "locked": false
        }
    ]
}