{
  "MechTags": {
    "items": [
      "unit_mech",
      "unit_heavy",
      "unit_indirectFire",
      "unit_range_long",
      "unit_speed_low",
      "unit_armor_high",
      "unit_hot",
      "unit_lance_support",
      "unit_role_sniper",
      "unit_release",
			"unit_LosTech"
    ],
    "tagSetSourceFile": ""
  },
  "ChassisID": "chassisdef_archer_ARC-4M",
  "HeraldryID": null,
  "Description": {
    "Cost": 9660000,
    "Rarity": 3,
    "Purchasable": true,
    "Manufacturer": null,
    "Model": null,
    "UIName": "GDL Archer ARC-4M",
    "Id": "mechdef_archer_GDL_ARC-4M",
    "Name": "Archer",
    "Details": "An upgrade using rediscovered Star League technology, the 4M was built built on Calloway VI by Earthwerks in 3049 for the Free Worlds League. It used an Earthwerk Archer II Endo Steel chassis to free up weight for a number of improvements. It carried an additional half-ton of armor and utilized ten double heat sinks for added heat dissipation capabilities. The 'Mech also upgraded its twin LRM-20 launchers by adding Artemis IV fire control systems to the launchers and incorporated CASE to protect the four tons of missile ammo.",
    "Icon": "uixTxrIcon_archer"
  },
  "simGameMechPartCost": 970000,
  "Version": 1,
  "Locations": [
    {
      "DamageLevel": "Functional",
      "Location": "Head",
      "CurrentArmor": 45,
      "CurrentRearArmor": -1,
      "CurrentInternalStructure": 16,
      "AssignedArmor": 45,
      "AssignedRearArmor": -1
    },
    {
      "DamageLevel": "Functional",
      "Location": "LeftArm",
      "CurrentArmor": 110,
      "CurrentRearArmor": -1,
      "CurrentInternalStructure": 55,
      "AssignedArmor": 110,
      "AssignedRearArmor": -1
    },
    {
      "DamageLevel": "Functional",
      "Location": "LeftTorso",
      "CurrentArmor": 120,
      "CurrentRearArmor": 30,
      "CurrentInternalStructure": 75,
      "AssignedArmor": 120,
      "AssignedRearArmor": 30
    },
    {
      "DamageLevel": "Functional",
      "Location": "CenterTorso",
      "CurrentArmor": 165,
      "CurrentRearArmor": 50,
      "CurrentInternalStructure": 110,
      "AssignedArmor": 165,
      "AssignedRearArmor": 50
    },
    {
      "DamageLevel": "Functional",
      "Location": "RightTorso",
      "CurrentArmor": 120,
      "CurrentRearArmor": 30,
      "CurrentInternalStructure": 75,
      "AssignedArmor": 120,
      "AssignedRearArmor": 30
    },
    {
      "DamageLevel": "Functional",
      "Location": "RightArm",
      "CurrentArmor": 110,
      "CurrentRearArmor": -1,
      "CurrentInternalStructure": 55,
      "AssignedArmor": 110,
      "AssignedRearArmor": -1
    },
    {
      "DamageLevel": "Functional",
      "Location": "LeftLeg",
      "CurrentArmor": 150,
      "CurrentRearArmor": -1,
      "CurrentInternalStructure": 75,
      "AssignedArmor": 150,
      "AssignedRearArmor": -1
    },
    {
      "DamageLevel": "Functional",
      "Location": "RightLeg",
      "CurrentArmor": 150,
      "CurrentRearArmor": -1,
      "CurrentInternalStructure": 75,
      "AssignedArmor": 150,
      "AssignedRearArmor": -1
    }
  ],
  "inventory": [
    {
      "MountedLocation": "LeftArm",
      "ComponentDefID": "Weapon_Laser_MediumLaserER_NU_2-Intek",
      "SimGameUID": null,
      "ComponentDefType": "Weapon",
      "HardpointSlot": 0,
      "GUID": null,
      "DamageLevel": "Functional",
      "prefabName": null,
      "hasPrefabName": false
    },
    {
      "MountedLocation": "LeftTorso",
      "ComponentDefID": "Weapon_LRM_ALRM20_2-Telos",
      "SimGameUID": null,
      "ComponentDefType": "Weapon",
      "HardpointSlot": 0,
      "GUID": null,
      "DamageLevel": "Functional",
      "prefabName": null,
      "hasPrefabName": false
    },
	{
      "MountedLocation": "LeftTorso",
      "ComponentDefID": "Ammo_AmmunitionBox_Generic_LRM",
      "SimGameUID": null,
      "ComponentDefType": "AmmunitionBox",
      "HardpointSlot": -1,
      "GUID": null,
      "DamageLevel": "Functional",
      "prefabName": null,
      "hasPrefabName": false
    },
	{
      "MountedLocation": "LeftTorso",
      "ComponentDefID": "Ammo_AmmunitionBox_Generic_LRM",
      "SimGameUID": null,
      "ComponentDefType": "AmmunitionBox",
      "HardpointSlot": -1,
      "GUID": null,
      "DamageLevel": "Functional",
      "prefabName": null,
      "hasPrefabName": false
    },
    {
      "MountedLocation": "CenterTorso",
      "ComponentDefID": "Weapon_Laser_MediumLaserER_NU_2-Intek",
      "SimGameUID": null,
      "ComponentDefType": "Weapon",
      "HardpointSlot": 0,
      "GUID": null,
      "DamageLevel": "Functional",
      "prefabName": null,
      "hasPrefabName": false
    },
	{
      "MountedLocation": "CenterTorso",
      "ComponentDefID": "Weapon_Laser_MediumLaserER_NU_2-Intek",
      "SimGameUID": null,
      "ComponentDefType": "Weapon",
      "HardpointSlot": 1,
      "GUID": null,
      "DamageLevel": "Functional",
      "prefabName": null,
      "hasPrefabName": false
    },
    {
      "MountedLocation": "RightTorso",
      "ComponentDefID": "Weapon_LRM_ALRM20_2-Telos",
      "SimGameUID": null,
      "ComponentDefType": "Weapon",
      "HardpointSlot": 0,
      "GUID": null,
      "DamageLevel": "Functional",
      "prefabName": null,
      "hasPrefabName": false
    },
    {
      "MountedLocation": "RightTorso",
      "ComponentDefID": "Ammo_AmmunitionBox_Generic_LRM",
      "SimGameUID": null,
      "ComponentDefType": "AmmunitionBox",
      "HardpointSlot": -1,
      "GUID": null,
      "DamageLevel": "Functional",
      "prefabName": null,
      "hasPrefabName": false
    },
	{
      "MountedLocation": "RightTorso",
      "ComponentDefID": "Ammo_AmmunitionBox_Generic_LRM",
      "SimGameUID": null,
      "ComponentDefType": "AmmunitionBox",
      "HardpointSlot": -1,
      "GUID": null,
      "DamageLevel": "Functional",
      "prefabName": null,
      "hasPrefabName": false
    },
    {
      "MountedLocation": "RightArm",
      "ComponentDefID": "Weapon_Laser_MediumLaserER_NU_2-Intek",
      "SimGameUID": null,
      "ComponentDefType": "Weapon",
      "HardpointSlot": 0,
      "GUID": null,
      "DamageLevel": "Functional",
      "prefabName": null,
      "hasPrefabName": false
    }
  ]
}