{
    "MechTags": {
        "items": [
            "unit_indirectFire",
            "unit_release",
            "unit_mech",
            "unit_medium",
            "unit_ready",
            "unit_lance_support",
            "unit_role_sniper",
			"unit_range_long",
			"unit_indirectFire",
			"unit_hot",
			"NotDavion",
			"NotKurita",
			"Marik",
			"NotTaurianConcordat"
        ],
        "tagSetSourceFile": ""
    },
    "ChassisID": "chassisdef_trebuchet_GDL_TBT-5N",
    "HeraldryID": null,
    "Description": {
        "Cost": 5640000,
        "Rarity": 2,
        "Purchasable": true,
        "Manufacturer": null,
        "Model": null,
        "UIName": "Trebuchet TBT-5N",
        "Id": "mechdef_trebuchet_GDL_TBT-5N",
        "Name": "Trebuchet",
        "Details": "One of the lightest dedicated fire support 'Mechs to be found, the Trebuchet 5N can mount enough missiles to give even heavy units pause. However, 'Trenchbuckets' are known for running hot and don't have much in the way of protection.",
        "Icon": "uixTxrIcon_trebuchet"
    },
    "simGameMechPartCost": 560000,
    "Version": 1,
    "Locations": [
        {
            "DamageLevel": "Functional",
            "Location": "Head",
            "CurrentArmor": 45,
            "CurrentRearArmor": -1,
            "CurrentInternalStructure": 16,
            "AssignedArmor": 45,
            "AssignedRearArmor": -1
        },
        {
            "DamageLevel": "Functional",
            "Location": "LeftArm",
            "CurrentArmor": 50,
            "CurrentRearArmor": -1,
            "CurrentInternalStructure": 40,
            "AssignedArmor": 50,
            "AssignedRearArmor": -1
        },
        {
            "DamageLevel": "Functional",
            "Location": "LeftTorso",
            "CurrentArmor": 55,
            "CurrentRearArmor": 25,
            "CurrentInternalStructure": 60,
            "AssignedArmor": 55,
            "AssignedRearArmor": 25
        },
        {
            "DamageLevel": "Functional",
            "Location": "CenterTorso",
            "CurrentArmor": 110,
            "CurrentRearArmor": 35,
            "CurrentInternalStructure": 80,
            "AssignedArmor": 110,
            "AssignedRearArmor": 35
        },
        {
            "DamageLevel": "Functional",
            "Location": "RightTorso",
            "CurrentArmor": 55,
            "CurrentRearArmor": 25,
            "CurrentInternalStructure": 60,
            "AssignedArmor": 55,
            "AssignedRearArmor": 25
        },
        {
            "DamageLevel": "Functional",
            "Location": "RightArm",
            "CurrentArmor": 50,
            "CurrentRearArmor": -1,
            "CurrentInternalStructure": 40,
            "AssignedArmor": 50,
            "AssignedRearArmor": -1
        },
        {
            "DamageLevel": "Functional",
            "Location": "LeftLeg",
            "CurrentArmor": 75,
            "CurrentRearArmor": -1,
            "CurrentInternalStructure": 60,
            "AssignedArmor": 75,
            "AssignedRearArmor": -1
        },
        {
            "DamageLevel": "Functional",
            "Location": "RightLeg",
            "CurrentArmor": 75,
            "CurrentRearArmor": -1,
            "CurrentInternalStructure": 60,
            "AssignedArmor": 75,
            "AssignedRearArmor": -1
        }
    ],
    "inventory": [
        {
            "MountedLocation": "LeftArm",
            "ComponentDefID": "Weapon_LRM_LRM15_3-Zeus",
            "SimGameUID": null,
            "ComponentDefType": "Weapon",
            "HardpointSlot": 0,
            "GUID": null,
            "DamageLevel": "Functional",
            "prefabName": null,
            "hasPrefabName": false
        },
        {
            "MountedLocation": "LeftArm",
            "ComponentDefID": "Weapon_Laser_MediumLaser_0-STOCK",
            "SimGameUID": null,
            "ComponentDefType": "Weapon",
            "HardpointSlot": 1,
            "GUID": null,
            "DamageLevel": "Functional",
            "prefabName": null,
            "hasPrefabName": false
        },
        {
            "MountedLocation": "LeftTorso",
            "ComponentDefID": "Ammo_AmmunitionBox_Generic_LRM",
            "SimGameUID": null,
            "ComponentDefType": "AmmunitionBox",
            "HardpointSlot": -1,
            "GUID": null,
            "DamageLevel": "Functional",
            "prefabName": null,
            "hasPrefabName": false
        },
        {
            "MountedLocation": "RightTorso",
            "ComponentDefID": "Weapon_LRM_LRM15_3-Zeus",
            "SimGameUID": null,
            "ComponentDefType": "Weapon",
            "HardpointSlot": 0,
            "GUID": null,
            "DamageLevel": "Functional",
            "prefabName": null,
            "hasPrefabName": false
        },
        {
            "MountedLocation": "RightTorso",
            "ComponentDefID": "Ammo_AmmunitionBox_Generic_LRM",
            "SimGameUID": null,
            "ComponentDefType": "AmmunitionBox",
            "HardpointSlot": -1,
            "GUID": null,
            "DamageLevel": "Functional",
            "prefabName": null,
            "hasPrefabName": false
        },
        {
            "MountedLocation": "RightArm",
            "ComponentDefID": "Weapon_Laser_MediumLaser_0-STOCK",
            "SimGameUID": null,
            "ComponentDefType": "Weapon",
            "HardpointSlot": 0,
            "GUID": null,
            "DamageLevel": "Functional",
            "prefabName": null,
            "hasPrefabName": false
        },
        {
            "MountedLocation": "RightArm",
            "ComponentDefID": "Weapon_Laser_MediumLaser_0-STOCK",
            "SimGameUID": null,
            "ComponentDefType": "Weapon",
            "HardpointSlot": 1,
            "GUID": null,
            "DamageLevel": "Functional",
            "prefabName": null,
            "hasPrefabName": false
        }
    ]
}