{
    "id" : "castDef_fp_graysonCarlyle35",
    "internalName" : "fp_graysonCarlyle35",
    "firstName" : "Grayson",
    "lastName" : "Carlyle",
    "callsign" : "Col. Carlyle",
    "rank" : "Colonel",
    "gender" : "Male",
    "faction" : "GrayDeathLegion",
    "sgCharType" : "UNSET",
    "showRank" : true,
    "showFirstName" : true,
    "showCallsign" : false,
    "showLastName" : true,
    "localizeName" : false,
    "defaultEmotePortrait" : {
        "emote" : "Default",
        "portraitAssetPath" : "../../Mods/fp_falconsFuryVaPlus/portraits/GCarlyle35.png"
    },
    "emotePotraitList" : [
        
    ]
}
