{
    "StartingMilestoneID" : "ms_fp_secondTry_001_Start",
    "Milestones" : [
        {
            "Description" : {
                "Id" : "ms_fp_secondTry_001_Start",
                "Name" : "Start",
                "Details" : "Starting milestone",
                "Icon" : null
            },
            "Scope" : "Company",
            "Requirements" : [],
            "Results" : [
                {
                    "Scope" : "Company",
                    "Requirements" : {
                        "Scope" : "Company",
                        "RequirementTags" : {
                            "items" : [],
                            "tagSetSourceFile" : ""
                        },
                        "ExclusionTags" : {
                            "items" : [],
                            "tagSetSourceFile" : ""
                        },
                        "RequirementComparisons" : []
                    },
                    "AddedTags" : {
                        "items" : [],
                        "tagSetSourceFile" : ""
                    },
                    "RemovedTags" : {
                        "items" : [],
                        "tagSetSourceFile" : ""
                    },
                    "Stats" : null,
                    "Actions" : [
                        {
                            "Type" : "Flashpoint_SetNextMilestone",
                            "value" : "ms_fp_secondTry_002_Briefing",
                            "valueConstant" : null,
                            "additionalValues" : null
                        }
                    ],
                    "ForceEvents" : null,
                    "TemporaryResult" : false,
                    "ResultDuration" : 0
                }
            ],
            "Repeatable" : false,
            "UseRandomInvocation" : false,
            "InvokeChance" : 0
        },
        {
            "Description" : {
                "Id" : "ms_fp_secondTry_002_Briefing",
                "Name" : "Briefing",
                "Details" : "Briefing",
                "Icon" : null
            },
            "Scope" : "Company",
            "Requirements" : [],
            "Results" : [
                {
                    "Scope" : "Company",
                    "Requirements" : {
                        "Scope" : "Company",
                        "RequirementTags" : {
                            "items" : [],
                            "tagSetSourceFile" : ""
                        },
                        "ExclusionTags" : {
                            "items" : [],
                            "tagSetSourceFile" : ""
                        },
                        "RequirementComparisons" : []
                    },
                    "AddedTags" : {
                        "items" : [],
                        "tagSetSourceFile" : ""
                    },
                    "RemovedTags" : {
                        "items" : [],
                        "tagSetSourceFile" : ""
                    },
                    "Stats" : null,
                    "Actions" : [
                        {
                            "Type" : "System_StartConversation",
                            "value" : "9c407abc49c05609bbbb644f",
                            "valueConstant" : null,
                            "additionalValues" : [
                                "{TGT_FLASHPOINT.Def.Description.Name}",
                                "High Orbit \u2014 {TGT_FLASHPOINT.CurSystem.Name}",
                                "Conference",
                                null
                            ]
                        },
                        {
                            "Type" : "Flashpoint_SetNextMilestone",
                            "value" : "ms_fp_secondTry_003_Mission1",
                            "valueConstant" : null,
                            "additionalValues" : null
                        }
                    ],
                    "ForceEvents" : null,
                    "TemporaryResult" : false,
                    "ResultDuration" : 0
                }
            ],
            "Repeatable" : false,
            "UseRandomInvocation" : false,
            "InvokeChance" : 0
        },
        {
            "Description" : {
                "Id" : "ms_fp_secondTry_003_Mission1",
                "Name" : "Mission1",
                "Details" : "First Mission",
                "Icon" : null
            },
            "Scope" : "Company",
            "Requirements" : [],
            "Results" : [
                {
                    "Scope" : "Company",
                    "Requirements" : {
                        "Scope" : "Company",
                        "RequirementTags" : {
                            "items" : [],
                            "tagSetSourceFile" : ""
                        },
                        "ExclusionTags" : {
                            "items" : [],
                            "tagSetSourceFile" : ""
                        },
                        "RequirementComparisons" : []
                    },
                    "AddedTags" : {
                        "items" : [],
                        "tagSetSourceFile" : ""
                    },
                    "RemovedTags" : {
                        "items" : [],
                        "tagSetSourceFile" : ""
                    },
                    "Stats" : null,
                    "Actions" : [
                        {
                            "Type" : "Flashpoint_AddContract",
                            "value" : "mapGeneral_riftValley_vJung",
                            "valueConstant" : null,
                            "additionalValues" : [
                                null,
                                "5a63a527-ed11-4d43-9d24-afec237da5fe",
                                "fp_secondTry_VandmaalCrossing",
                                "GrayDeathLegion",
                                "JadeFalcon",
                                "10",
                                "ms_fp_secondTry_004_Mission1_Debriefing",
                                null,
                                null,
                                "ms_fp_secondTry_100_FailComplete",
                                null,
                                null
                            ]
                        },
                        {
                            "Type" : "System_ForceDropshipRoom",
                            "value" : "Contract",
                            "valueConstant" : null,
                            "additionalValues" : [
                                null
                            ]
                        }
                    ],
                    "ForceEvents" : null,
                    "TemporaryResult" : false,
                    "ResultDuration" : 0
                }
            ],
            "Repeatable" : false,
            "UseRandomInvocation" : false,
            "InvokeChance" : 0
        },
        {
            "Description" : {
                "Id" : "ms_fp_secondTry_004_Mission1_Debriefing",
                "Name" : "Mission1_Debriefing",
                "Details" : "mission 1 debriefing",
                "Icon" : null
            },
            "Scope" : "Company",
            "Requirements" : [],
            "Results" : [
                {
                    "Scope" : "Company",
                    "Requirements" : {
                        "Scope" : "Company",
                        "RequirementTags" : {
                            "items" : [],
                            "tagSetSourceFile" : ""
                        },
                        "ExclusionTags" : {
                            "items" : [],
                            "tagSetSourceFile" : ""
                        },
                        "RequirementComparisons" : []
                    },
                    "AddedTags" : {
                        "items" : [],
                        "tagSetSourceFile" : ""
                    },
                    "RemovedTags" : {
                        "items" : [],
                        "tagSetSourceFile" : ""
                    },
                    "Stats" : null,
                    "Actions" : [
                        {
                            "Type" : "System_StartConversation",
                            "value" : "9c580485e137792ac2008980",
                            "valueConstant" : null,
                            "additionalValues" : [
                                "{TGT_FLASHPOINT.Def.Description.Name} II",
                                "High Orbit \u2014 {TGT_FLASHPOINT.CurSystem.Name}",
                                "Conference",
                                null
                            ]
                        },
                        {
                            "Type" : "Flashpoint_SetNextMilestone",
                            "value" : "ms_fp_secondTry_005_Mission2",
                            "valueConstant" : null,
                            "additionalValues" : null
                        }
                    ],
                    "ForceEvents" : null,
                    "TemporaryResult" : false,
                    "ResultDuration" : 0
                }
            ],
            "Repeatable" : false,
            "UseRandomInvocation" : false,
            "InvokeChance" : 0
        },
        {
            "Description" : {
                "Id" : "ms_fp_secondTry_005_Mission2",
                "Name" : "Mission2",
                "Details" : "Mission 2",
                "Icon" : null
            },
            "Scope" : "Company",
            "Requirements" : [],
            "Results" : [
                {
                    "Scope" : "Company",
                    "Requirements" : {
                        "Scope" : "Company",
                        "RequirementTags" : {
                            "items" : [],
                            "tagSetSourceFile" : ""
                        },
                        "ExclusionTags" : {
                            "items" : [],
                            "tagSetSourceFile" : ""
                        },
                        "RequirementComparisons" : []
                    },
                    "AddedTags" : {
                        "items" : [],
                        "tagSetSourceFile" : ""
                    },
                    "RemovedTags" : {
                        "items" : [],
                        "tagSetSourceFile" : ""
                    },
                    "Stats" : null,
                    "Actions" : [
                        {
                            "Type" : "Flashpoint_StartContract",
                            "value" : "mapGeneral_terracePlaza_uTech",
                            "valueConstant" : null,
                            "additionalValues" : [
                                null,
                                "bfac7400-4935-47a8-9be0-16fe00fb2b95",
                                "fp_secondTry_JointOperation",
                                "GrayDeathLegion",
                                "JadeFalcon",
                                "10",
                                "ms_fp_secondTry_006_FinalTalk",
                                "Locals",
                                null,
                                "ms_fp_secondTry_100_FailComplete",
                                null,
                                null
                            ]
                        }
                    ],
                    "ForceEvents" : null,
                    "TemporaryResult" : false,
                    "ResultDuration" : 0
                }
            ],
            "Repeatable" : false,
            "UseRandomInvocation" : false,
            "InvokeChance" : 0
        },
        {
            "Description" : {
                "Id" : "ms_fp_secondTry_006_FinalTalk",
                "Name" : "FinalTalk",
                "Details" : "Post-mission",
                "Icon" : null
            },
            "Scope" : "Company",
            "Requirements" : [],
            "Results" : [
                {
                    "Scope" : "Company",
                    "Requirements" : {
                        "Scope" : "Company",
                        "RequirementTags" : {
                            "items" : [],
                            "tagSetSourceFile" : ""
                        },
                        "ExclusionTags" : {
                            "items" : [],
                            "tagSetSourceFile" : ""
                        },
                        "RequirementComparisons" : []
                    },
                    "AddedTags" : {
                        "items" : [],
                        "tagSetSourceFile" : ""
                    },
                    "RemovedTags" : {
                        "items" : [],
                        "tagSetSourceFile" : ""
                    },
                    "Stats" : null,
                    "Actions" : [
                        {
                            "Type" : "System_StartConversation",
                            "value" : "9c03c72120244bdce6dadd59",
                            "valueConstant" : null,
                            "additionalValues" : [
                                "{TGT_FLASHPOINT.Def.Description.Name} III",
                                "High Orbit \u2014 {TGT_FLASHPOINT.CurSystem.Name}",
                                "Conference",
                                null
                            ]
                        },
                        {
                            "Type" : "Flashpoint_SetNextMilestone",
                            "value" : "ms_fp_secondTry_007_FlashpointCompleted",
                            "valueConstant" : null,
                            "additionalValues" : null
                        }
                    ],
                    "ForceEvents" : null,
                    "TemporaryResult" : false,
                    "ResultDuration" : 0
                }
            ],
            "Repeatable" : false,
            "UseRandomInvocation" : false,
            "InvokeChance" : 0
        },
        {
            "Description" : {
                "Id" : "ms_fp_secondTry_007_FlashpointCompleted",
                "Name" : "FlashpointCompleted",
                "Details" : "Complete",
                "Icon" : null
            },
            "Scope" : "Company",
            "Requirements" : [],
            "Results" : [
                {
                    "Scope" : "Company",
                    "Requirements" : {
                        "Scope" : "Company",
                        "RequirementTags" : {
                            "items" : [],
                            "tagSetSourceFile" : ""
                        },
                        "ExclusionTags" : {
                            "items" : [],
                            "tagSetSourceFile" : ""
                        },
                        "RequirementComparisons" : []
                    },
                    "AddedTags" : {
                        "items" : [
                            "fp_finished_secondTry"
                        ],
                        "tagSetSourceFile" : ""
                    },
                    "RemovedTags" : {
                        "items" : [],
                        "tagSetSourceFile" : ""
                    },
                    "Stats" : null,
                    "Actions" : [
                        {
                            "Type" : "Flashpoint_CompleteFlashpoint",
                            "value" : "ms_fp_secondTry_008_Reward",
                            "valueConstant" : null,
                            "additionalValues" : [
                                null,
                                null
                            ]
                        }
                    ],
                    "ForceEvents" : null,
                    "TemporaryResult" : false,
                    "ResultDuration" : 0
                }
            ],
            "Repeatable" : false,
            "UseRandomInvocation" : false,
            "InvokeChance" : 0
        },
        {
            "Description" : {
                "Id" : "ms_fp_secondTry_008_Reward",
                "Name" : "Reward",
                "Details" : "Reward",
                "Icon" : null
            },
            "Scope" : "Company",
            "Requirements" : [],
            "Results" : [
                {
                    "Scope" : "Company",
                    "Requirements" : {
                        "Scope" : "Company",
                        "RequirementTags" : {
                            "items" : [],
                            "tagSetSourceFile" : ""
                        },
                        "ExclusionTags" : {
                            "items" : [],
                            "tagSetSourceFile" : ""
                        },
                        "RequirementComparisons" : []
                    },
                    "AddedTags" : {
                        "items" : [],
                        "tagSetSourceFile" : ""
                    },
                    "RemovedTags" : {
                        "items" : [],
                        "tagSetSourceFile" : ""
                    },
                    "Stats" : [
                        {
                            "typeString" : "System.Int32",
                            "name" : "Funds",
                            "value" : "2500000",
                            "set" : false,
                            "valueConstant" : null
                        }
                    ],
                    "Actions" : [
                        {
                            "Type" : "System_ForceDropshipRoom",
                            "value" : "Argo",
                            "valueConstant" : null,
                            "additionalValues" : [
                                null
                            ]
                        }
                    ],
                    "ForceEvents" : null,
                    "TemporaryResult" : false,
                    "ResultDuration" : 0
                }
            ],
            "Repeatable" : false,
            "UseRandomInvocation" : false,
            "InvokeChance" : 0
        },
        {
            "Description" : {
                "Id" : "ms_fp_secondTry_100_FailComplete",
                "Name" : "FailComplete",
                "Details" : "fail milestone",
                "Icon" : null
            },
            "Scope" : "Company",
            "Requirements" : [],
            "Results" : [
                {
                    "Scope" : "Company",
                    "Requirements" : {
                        "Scope" : "Company",
                        "RequirementTags" : {
                            "items" : [],
                            "tagSetSourceFile" : ""
                        },
                        "ExclusionTags" : {
                            "items" : [],
                            "tagSetSourceFile" : ""
                        },
                        "RequirementComparisons" : []
                    },
                    "AddedTags" : {
                        "items" : [],
                        "tagSetSourceFile" : ""
                    },
                    "RemovedTags" : {
                        "items" : [],
                        "tagSetSourceFile" : ""
                    },
                    "Stats" : null,
                    "Actions" : [
                        {
                            "Type" : "Flashpoint_FailFlashpoint",
                            "value" : null,
                            "valueConstant" : null,
                            "additionalValues" : null
                        }
                    ],
                    "ForceEvents" : null,
                    "TemporaryResult" : false,
                    "ResultDuration" : 0
                }
            ],
            "Repeatable" : false,
            "UseRandomInvocation" : false,
            "InvokeChance" : 0
        }
    ]
}