{
    "Description" : {
        "Id" : "fp_tukayyid",
        "Name" : "Battle of Tukayyid",
        "Details" : "The battle of Tukayyid",
        "Icon" : "tukayyid_titlecard.png"
    },
    "Weight" : 50,
    "InternalName" : "tukayyid",
    "PublishState" : "PUBLISHED",
    "Difficulty" : 10,
    "Requirements" : [
        {
            "Scope" : "Company",
            "RequirementTags" : {
                "items" : [],
                "tagSetSourceFile" : "Tags/CompanyTags"
            },
            "ExclusionTags" : {
                "items" : [],
                "tagSetSourceFile" : ""
            },
            "RequirementComparisons" : []
        }
    ],
    "LocationRequirements" : {
        "Scope" : "StarSystem",
        "RequirementTags" : {
            "items" : [
                "planet_name_tukayyid"
            ],
            "tagSetSourceFile" : "Tags/PlanetNameTags"
        },
        "ExclusionTags" : {
            "items" : [
                "fp_finished_tukayyid"
            ],
            "tagSetSourceFile" : ""
        },
        "RequirementComparisons" : []
    },
    "PotentialEmployers" : [
        "ComStar"
    ],
    "TargetFaction" : "Unknown",
    "AllowRefitTime" : false,
    "FlashpointLength" : "CAMPAIGN",
    "Repeatable" : false,
    "MilestoneSetID" : "ms_fp_tukayyid",
    "UseAvailableTimeoutOverride" : false,
    "AvailableTimeout" : 0,
    "UseInProgressTimeoutOverride" : false,
    "InProgressTimeout" : 0,
    "RewardCollectionID" : "itemCollection_loot_Weapon_SLDF",
    "UnitDropTonnageHint" : "None",
    "LanceDropTonnageHint" : "Heavy",
    "FlashpointShortDescription" : "ComStar has offered us to participate in a proxy battle against Clans for the control of Terra. The outcome of this battle will decide the future of the Inner Sphere.",
    "FlashpointDescriberCastDefId" : "castDef_DariusDefault",
    "Tags" : {
        "items" : [],
        "tagSetSourceFile" : "tags/FlashpointTags"
    }
}