{
    "StartingMilestoneID" : "ms_fp_solaris_championship_assault_001_Start",
    "Milestones" : [
        {
            "Description" : {
                "Id" : "ms_fp_solaris_championship_assault_001_Start",
                "Name" : "Start",
                "Details" : "flashpoint",
                "Icon" : null
            },
            "Scope" : "Company",
            "Requirements" : [],
            "Results" : [
                {
                    "Scope" : "Flashpoint",
                    "Requirements" : {
                        "Scope" : "Company",
                        "RequirementTags" : {
                            "items" : [],
                            "tagSetSourceFile" : ""
                        },
                        "ExclusionTags" : {
                            "items" : [],
                            "tagSetSourceFile" : ""
                        },
                        "RequirementComparisons" : []
                    },
                    "AddedTags" : {
                        "items" : [],
                        "tagSetSourceFile" : ""
                    },
                    "RemovedTags" : {
                        "items" : [],
                        "tagSetSourceFile" : ""
                    },
                    "Stats" : null,
                    "Actions" : null,
                    "ForceEvents" : null,
                    "TemporaryResult" : false,
                    "ResultDuration" : 0
                },
                {
                    "Scope" : "Company",
                    "Requirements" : {
                        "Scope" : "Company",
                        "RequirementTags" : {
                            "items" : [],
                            "tagSetSourceFile" : ""
                        },
                        "ExclusionTags" : {
                            "items" : [],
                            "tagSetSourceFile" : ""
                        },
                        "RequirementComparisons" : []
                    },
                    "AddedTags" : {
                        "items" : ["company_solaris_championship"],
                        "tagSetSourceFile" : ""
                    },
                    "RemovedTags" : {
                        "items" : [],
                        "tagSetSourceFile" : ""
                    },
                    "Stats" : null,
                    "Actions" : [
                        {
                            "Type" : "Flashpoint_SetNextMilestone",
                            "value" : "ms_fp_solaris_championship_assault_002_Briefing",
                            "valueConstant" : null,
                            "additionalValues" : null
                        }
                    ],
                    "ForceEvents" : null,
                    "TemporaryResult" : false,
                    "ResultDuration" : 0
                }
            ],
            "Repeatable" : false,
            "UseRandomInvocation" : false,
            "InvokeChance" : 0
        },
        {
            "Description" : {
                "Id" : "ms_fp_solaris_championship_assault_002_Briefing",
                "Name" : "Briefing",
                "Details" : "Flashpoint briefing",
                "Icon" : null
            },
            "Scope" : "Company",
            "Requirements" : [],
            "Results" : [
                {
                    "Scope" : "Company",
                    "Requirements" : {
                        "Scope" : "Company",
                        "RequirementTags" : {
                            "items" : [],
                            "tagSetSourceFile" : ""
                        },
                        "ExclusionTags" : {
                            "items" : [],
                            "tagSetSourceFile" : ""
                        },
                        "RequirementComparisons" : []
                    },
                    "AddedTags" : {
                        "items" : [],
                        "tagSetSourceFile" : ""
                    },
                    "RemovedTags" : {
                        "items" : [],
                        "tagSetSourceFile" : ""
                    },
                    "Stats" : null,
                    "Actions" : [
                        {
                            "Type" : "System_StartConversation",
                            "value" : "9ca8b537134f7cf6242b556d",
                            "valueConstant" : "",
                            "additionalValues" : [
                                "{TGT_FLASHPOINT.Def.Description.Name}",
                                "{TGT_FLASHPOINT.CurSystem.Name}",
                                "Conference",
                                null
                            ]
                        },
                        {
                            "Type" : "Flashpoint_SetNextMilestone",
                            "value" : "ms_fp_solaris_championship_assault_003_battle_1_64",
                            "valueConstant" : null,
                            "additionalValues" : null
                        }
                    ],
                    "ForceEvents" : null,
                    "TemporaryResult" : false,
                    "ResultDuration" : 0
                }
            ],
            "Repeatable" : false,
            "UseRandomInvocation" : false,
            "InvokeChance" : 0
        },
        {
            "Description" : {
                "Id" : "ms_fp_solaris_championship_assault_003_battle_1_64",
                "Name" : "battle_1_64",
                "Details" : "1st Mission of the flashpoint",
                "Icon" : null
            },
            "Scope" : "Company",
            "Requirements" : [],
            "Results" : [
                {
                    "Scope" : "Company",
                    "Requirements" : {
                        "Scope" : "Company",
                        "RequirementTags" : {
                            "items" : [],
                            "tagSetSourceFile" : ""
                        },
                        "ExclusionTags" : {
                            "items" : [],
                            "tagSetSourceFile" : ""
                        },
                        "RequirementComparisons" : []
                    },
                    "AddedTags" : {
                        "items" : [],
                        "tagSetSourceFile" : ""
                    },
                    "RemovedTags" : {
                        "items" : [],
                        "tagSetSourceFile" : ""
                    },
                    "Stats" : null,
                    "Actions" : [
                        {
                            "Type" : "Flashpoint_AddContract",
                            "value" : "",
                            "valueConstant" : null,
                            "additionalValues" : [
                                "",
                                "",
                                "fp_c_solaris_assault_1_64",
                                "Solaris7",
                                "Unknown",
                                "7",
                                "ms_fp_solaris_championship_assault_004_battle_1_32",
                                null,
                                null,
                                "ms_fp_solaris_championship_assault_100_CancelComplete",
                                null,
                                null
                            ]
                        },
                        {
                            "Type" : "System_ForceDropshipRoom",
                            "value" : "Contract",
                            "valueConstant" : null,
                            "additionalValues" : [
                                null
                            ]
                        }
                    ],
                    "ForceEvents" : null,
                    "TemporaryResult" : false,
                    "ResultDuration" : 0
                }
            ],
            "Repeatable" : false,
            "UseRandomInvocation" : false,
            "InvokeChance" : 0
        },
        {
            "Description" : {
                "Id" : "ms_fp_solaris_championship_assault_004_battle_1_32",
                "Name" : "battle_1_32",
                "Details" : "2nd Mission of the flashpoint",
                "Icon" : null
            },
            "Scope" : "Company",
            "Requirements" : [],
            "Results" : [
                {
                    "Scope" : "Company",
                    "Requirements" : {
                        "Scope" : "Company",
                        "RequirementTags" : {
                            "items" : [],
                            "tagSetSourceFile" : ""
                        },
                        "ExclusionTags" : {
                            "items" : [],
                            "tagSetSourceFile" : ""
                        },
                        "RequirementComparisons" : []
                    },
                    "AddedTags" : {
                        "items" : [],
                        "tagSetSourceFile" : ""
                    },
                    "RemovedTags" : {
                        "items" : [],
                        "tagSetSourceFile" : ""
                    },
                    "Stats" : null,
                    "Actions" : [
                        {
                            "Type" : "Flashpoint_AddContract",
                            "value" : "",
                            "valueConstant" : null,
                            "additionalValues" : [
                                "",
                                "",
                                "fp_c_solaris_assault_1_32",
                                "Solaris7",
                                "Unknown",
                                "8",
                                "ms_fp_solaris_championship_assault_005_battle_1_16",
                                null,
                                null,
                                "ms_fp_solaris_championship_assault_100_CancelComplete",
                                null,
                                null
                            ]
                        },
                        {
                            "Type" : "System_ForceDropshipRoom",
                            "value" : "Contract",
                            "valueConstant" : null,
                            "additionalValues" : [
                                null
                            ]
                        }
                    ],
                    "ForceEvents" : null,
                    "TemporaryResult" : false,
                    "ResultDuration" : 0
                }
            ],
            "Repeatable" : false,
            "UseRandomInvocation" : false,
            "InvokeChance" : 0
        },
        {
            "Description" : {
                "Id" : "ms_fp_solaris_championship_assault_005_battle_1_16",
                "Name" : "battle_1_16",
                "Details" : "Mission 3",
                "Icon" : null
            },
            "Scope" : "Company",
            "Requirements" : [],
            "Results" : [
                {
                    "Scope" : "Company",
                    "Requirements" : {
                        "Scope" : "Company",
                        "RequirementTags" : {
                            "items" : [],
                            "tagSetSourceFile" : ""
                        },
                        "ExclusionTags" : {
                            "items" : [],
                            "tagSetSourceFile" : ""
                        },
                        "RequirementComparisons" : []
                    },
                    "AddedTags" : {
                        "items" : [],
                        "tagSetSourceFile" : ""
                    },
                    "RemovedTags" : {
                        "items" : [],
                        "tagSetSourceFile" : ""
                    },
                    "Stats" : null,
                    "Actions" : [
                        {
                            "Type" : "Flashpoint_AddContract",
                            "value" : "",
                            "valueConstant" : null,
                            "additionalValues" : [
                                null,
                                "",
                                "fp_c_solaris_assault_1_16",
                                "Solaris7",
                                "Unknown",
                                "8",
                                "ms_fp_solaris_championship_assault_006_battle_1_8",
                                null,
                                null,
                                "ms_fp_solaris_championship_assault_100_CancelComplete",
                                null,
                                null
                            ]
                        },
                        {
                            "Type" : "System_ForceDropshipRoom",
                            "value" : "Contract",
                            "valueConstant" : null,
                            "additionalValues" : [
                                null
                            ]
                        }
                    ],
                    "ForceEvents" : null,
                    "TemporaryResult" : false,
                    "ResultDuration" : 0
                }
            ],
            "Repeatable" : false,
            "UseRandomInvocation" : false,
            "InvokeChance" : 0
        },
        {
            "Description" : {
                "Id" : "ms_fp_solaris_championship_assault_006_battle_1_8",
                "Name" : "battle_1_8",
                "Details" : "Mission 3",
                "Icon" : null
            },
            "Scope" : "Company",
            "Requirements" : [],
            "Results" : [
                {
                    "Scope" : "Company",
                    "Requirements" : {
                        "Scope" : "Company",
                        "RequirementTags" : {
                            "items" : [],
                            "tagSetSourceFile" : ""
                        },
                        "ExclusionTags" : {
                            "items" : [],
                            "tagSetSourceFile" : ""
                        },
                        "RequirementComparisons" : []
                    },
                    "AddedTags" : {
                        "items" : [],
                        "tagSetSourceFile" : ""
                    },
                    "RemovedTags" : {
                        "items" : [],
                        "tagSetSourceFile" : ""
                    },
                    "Stats" : null,
                    "Actions" : [
                        {
                            "Type" : "Flashpoint_AddContract",
                            "value" : "",
                            "valueConstant" : null,
                            "additionalValues" : [
                                null,
                                "",
                                "fp_c_solaris_assault_1_8",
                                "Solaris7",
                                "Unknown",
                                "9",
                                "ms_fp_solaris_championship_assault_007_battle_1_4",
                                null,
                                null,
                                "ms_fp_solaris_championship_assault_100_CancelComplete",
                                null,
                                null
                            ]
                        },
                        {
                            "Type" : "System_ForceDropshipRoom",
                            "value" : "Contract",
                            "valueConstant" : null,
                            "additionalValues" : [
                                null
                            ]
                        }
                    ],
                    "ForceEvents" : null,
                    "TemporaryResult" : false,
                    "ResultDuration" : 0
                }
            ],
            "Repeatable" : false,
            "UseRandomInvocation" : false,
            "InvokeChance" : 0
        },
        {
            "Description" : {
                "Id" : "ms_fp_solaris_championship_assault_007_battle_1_4",
                "Name" : "battle_1_4",
                "Details" : "Mission 3",
                "Icon" : null
            },
            "Scope" : "Company",
            "Requirements" : [],
            "Results" : [
                {
                    "Scope" : "Company",
                    "Requirements" : {
                        "Scope" : "Company",
                        "RequirementTags" : {
                            "items" : [],
                            "tagSetSourceFile" : ""
                        },
                        "ExclusionTags" : {
                            "items" : [],
                            "tagSetSourceFile" : ""
                        },
                        "RequirementComparisons" : []
                    },
                    "AddedTags" : {
                        "items" : [],
                        "tagSetSourceFile" : ""
                    },
                    "RemovedTags" : {
                        "items" : [],
                        "tagSetSourceFile" : ""
                    },
                    "Stats" : null,
                    "Actions" : [
                        {
                            "Type" : "Flashpoint_AddContract",
                            "value" : "",
                            "valueConstant" : null,
                            "additionalValues" : [
                                null,
                                "",
                                "fp_c_solaris_assault_1_4",
                                "Solaris7",
                                "Unknown",
                                "9",
                                "ms_fp_solaris_championship_assault_008_battle_1_2",
                                null,
                                null,
                                "ms_fp_solaris_championship_assault_100_CancelComplete",
                                null,
                                null
                            ]
                        },
                        {
                            "Type" : "System_ForceDropshipRoom",
                            "value" : "Contract",
                            "valueConstant" : null,
                            "additionalValues" : [
                                null
                            ]
                        }
                    ],
                    "ForceEvents" : null,
                    "TemporaryResult" : false,
                    "ResultDuration" : 0
                }
            ],
            "Repeatable" : false,
            "UseRandomInvocation" : false,
            "InvokeChance" : 0
        },
        {
            "Description" : {
                "Id" : "ms_fp_solaris_championship_assault_008_battle_1_2",
                "Name" : "battle_1_2",
                "Details" : "Mission 3",
                "Icon" : null
            },
            "Scope" : "Company",
            "Requirements" : [],
            "Results" : [
                {
                    "Scope" : "Company",
                    "Requirements" : {
                        "Scope" : "Company",
                        "RequirementTags" : {
                            "items" : [],
                            "tagSetSourceFile" : ""
                        },
                        "ExclusionTags" : {
                            "items" : [],
                            "tagSetSourceFile" : ""
                        },
                        "RequirementComparisons" : []
                    },
                    "AddedTags" : {
                        "items" : [],
                        "tagSetSourceFile" : ""
                    },
                    "RemovedTags" : {
                        "items" : [],
                        "tagSetSourceFile" : ""
                    },
                    "Stats" : null,
                    "Actions" : [
                        {
                            "Type" : "Flashpoint_AddContract",
                            "value" : "",
                            "valueConstant" : null,
                            "additionalValues" : [
                                null,
                                "",
                                "fp_c_solaris_assault_1_2",
                                "Solaris7",
                                "Unknown",
                                "10",
                                "ms_fp_solaris_championship_assault_009_battle_final",
                                null,
                                null,
                                "ms_fp_solaris_championship_assault_100_CancelComplete",
                                null,
                                null
                            ]
                        },
                        {
                            "Type" : "System_ForceDropshipRoom",
                            "value" : "Contract",
                            "valueConstant" : null,
                            "additionalValues" : [
                                null
                            ]
                        }
                    ],
                    "ForceEvents" : null,
                    "TemporaryResult" : false,
                    "ResultDuration" : 0
                }
            ],
            "Repeatable" : false,
            "UseRandomInvocation" : false,
            "InvokeChance" : 0
        },
        {
            "Description" : {
                "Id" : "ms_fp_solaris_championship_assault_009_battle_final",
                "Name" : "battle_final",
                "Details" : "Mission 3",
                "Icon" : null
            },
            "Scope" : "Company",
            "Requirements" : [],
            "Results" : [
                {
                    "Scope" : "Company",
                    "Requirements" : {
                        "Scope" : "Company",
                        "RequirementTags" : {
                            "items" : [],
                            "tagSetSourceFile" : ""
                        },
                        "ExclusionTags" : {
                            "items" : [],
                            "tagSetSourceFile" : ""
                        },
                        "RequirementComparisons" : []
                    },
                    "AddedTags" : {
                        "items" : [],
                        "tagSetSourceFile" : ""
                    },
                    "RemovedTags" : {
                        "items" : [],
                        "tagSetSourceFile" : ""
                    },
                    "Stats" : null,
                    "Actions" : [
                        {
                            "Type" : "Flashpoint_AddContract",
                            "value" : "",
                            "valueConstant" : null,
                            "additionalValues" : [
                                null,
                                "",
                                "fp_c_solaris_assault_final",
                                "Solaris7",
                                "Unknown",
                                "10",
                                "ms_fp_solaris_championship_assault_010_FinalTalk",
                                null,
                                null,
                                "ms_fp_solaris_championship_assault_100_CancelComplete",
                                null,
                                null
                            ]
                        },
                        {
                            "Type" : "System_ForceDropshipRoom",
                            "value" : "Contract",
                            "valueConstant" : null,
                            "additionalValues" : [
                                null
                            ]
                        }
                    ],
                    "ForceEvents" : null,
                    "TemporaryResult" : false,
                    "ResultDuration" : 0
                }
            ],
            "Repeatable" : false,
            "UseRandomInvocation" : false,
            "InvokeChance" : 0
        },
        {
            "Description" : {
                "Id" : "ms_fp_solaris_championship_assault_010_FinalTalk",
                "Name" : "FinalTalk",
                "Details" : "Final talk after last mission",
                "Icon" : null
            },
            "Scope" : "Company",
            "Requirements" : [],
            "Results" : [
                {
                    "Scope" : "Company",
                    "Requirements" : {
                        "Scope" : "Company",
                        "RequirementTags" : {
                            "items" : [],
                            "tagSetSourceFile" : ""
                        },
                        "ExclusionTags" : {
                            "items" : [],
                            "tagSetSourceFile" : ""
                        },
                        "RequirementComparisons" : []
                    },
                    "AddedTags" : {
                        "items" : [],
                        "tagSetSourceFile" : ""
                    },
                    "RemovedTags" : {
                        "items" : [],
                        "tagSetSourceFile" : ""
                    },
                    "Stats" : null,
                    "Actions" : [
                        {
                            "Type" : "System_StartConversation",
                            "value" : "9cfd1e20ae758890d2b21eab",
                            "valueConstant" : null,
                            "additionalValues" : [
                                "{TGT_FLASHPOINT.Def.Description.Name}",
                                "{TGT_FLASHPOINT.CurSystem.Name}",
                                "Conference",
                                null
                            ]
                        },
                        {
                            "Type" : "Flashpoint_SetNextMilestone",
                            "value" : "ms_fp_solaris_championship_assault_011_Complete",
                            "valueConstant" : null,
                            "additionalValues" : null
                        }
                    ],
                    "ForceEvents" : null,
                    "TemporaryResult" : false,
                    "ResultDuration" : 0
                }
            ],
            "Repeatable" : false,
            "UseRandomInvocation" : false,
            "InvokeChance" : 0
        },
        {
            "Description" : {
                "Id" : "ms_fp_solaris_championship_assault_011_Complete",
                "Name" : "Complete",
                "Details" : "Flahpoint completed",
                "Icon" : null
            },
            "Scope" : "Company",
            "Requirements" : [],
            "Results" : [
                {
                    "Scope" : "Company",
                    "Requirements" : {
                        "Scope" : "Company",
                        "RequirementTags" : {
                            "items" : [],
                            "tagSetSourceFile" : ""
                        },
                        "ExclusionTags" : {
                            "items" : [],
                            "tagSetSourceFile" : ""
                        },
                        "RequirementComparisons" : []
                    },
                    "AddedTags" : {
                        "items" : [
                            "solaris_assault_champion"
                        ],
                        "tagSetSourceFile" : ""
                    },
                    "RemovedTags" : {
                        "items" : [
                            "company_solaris_season_assault","company_solaris_championship"
                        ],
                        "tagSetSourceFile" : ""
                    },
                    "Stats" : null,
                    "Actions" : [
                        {
                            "Type" : "Flashpoint_CompleteFlashpoint",
                            "value" : "ms_fp_solaris_championship_assault_012_Reward",
                            "valueConstant" : null,
                            "additionalValues" : [
                                null,
                                null
                            ]
                        }
                    ],
                    "ForceEvents" : null,
                    "TemporaryResult" : false,
                    "ResultDuration" : 0
                }
            ],
            "Repeatable" : false,
            "UseRandomInvocation" : false,
            "InvokeChance" : 0
        },
        {
            "Description" : {
                "Id" : "ms_fp_solaris_championship_assault_012_Reward",
                "Name" : "Reward",
                "Details" : "Reward milestone",
                "Icon" : null
            },
            "Scope" : "Company",
            "Requirements" : [],
            "Results" : [
                {
                    "Scope" : "Company",
                    "Requirements" : {
                        "Scope" : "Company",
                        "RequirementTags" : {
                            "items" : [],
                            "tagSetSourceFile" : ""
                        },
                        "ExclusionTags" : {
                            "items" : [],
                            "tagSetSourceFile" : ""
                        },
                        "RequirementComparisons" : []
                    },
                    "AddedTags" : {
                        "items" : [],
                        "tagSetSourceFile" : ""
                    },
                    "RemovedTags" : {
                        "items" : [],
                        "tagSetSourceFile" : ""
                    },
                    "Stats" : [
                        {
                            "typeString" : "System.Int32",
                            "name" : "Funds",
                            "value" : "5000000",
                            "set" : false,
                            "valueConstant" : null
                        }
                    ],
                    "Actions" : [
                        {
                            "Type" : "System_ForceDropshipRoom",
                            "value" : "Argo",
                            "valueConstant" : null,
                            "additionalValues" : [
                                null
                            ]
                        }
                    ],
                    "ForceEvents" : [
		    {
			"Scope" : "Company",
			"EventID" : "event_solarisSeasonStart",
			"MinDaysWait" : 0,
			"MaxDaysWait" : 0,
			"Probability" : 100
		    }
		    ],
                    "TemporaryResult" : false,
                    "ResultDuration" : 0
                }
            ],
            "Repeatable" : false,
            "UseRandomInvocation" : false,
            "InvokeChance" : 0
        },
        {
            "Description" : {
                "Id" : "ms_fp_solaris_championship_assault_100_CancelComplete",
                "Name" : "CancelComplete",
                "Details" : "Cancel",
                "Icon" : null
            },
            "Scope" : "Company",
            "Requirements" : [],
            "Results" : [
                {
                    "Scope" : "Company",
                    "Requirements" : {
                        "Scope" : "Company",
                        "RequirementTags" : {
                            "items" : [],
                            "tagSetSourceFile" : ""
                        },
                        "ExclusionTags" : {
                            "items" : [],
                            "tagSetSourceFile" : ""
                        },
                        "RequirementComparisons" : []
                    },
                    "AddedTags" : {
                        "items" : [],
                        "tagSetSourceFile" : ""
                    },
                    "RemovedTags" : {
                        "items" : ["company_solaris_season_assault","company_solaris_championship"],
                        "tagSetSourceFile" : ""
                    },
                    "Stats" : null,
                    "Actions" : [
                        {
                            "Type" : "System_ForceDropshipRoom",
                            "value" : "Ship",
                            "valueConstant" : null,
                            "additionalValues" : [
                                null
                            ]
                        },
                        {
                            "Type" : "Flashpoint_FailFlashpoint",
                            "value" : "0",
                            "valueConstant" : null,
                            "additionalValues" : null
                        }
                    ],
                    "ForceEvents" : [
		    		    {
			"Scope" : "Company",
			"EventID" : "event_solarisSeasonStart",
			"MinDaysWait" : 0,
			"MaxDaysWait" : 0,
			"Probability" : 100
		    }
		    ],
                    "TemporaryResult" : false,
                    "ResultDuration" : 0
                }
            ],
            "Repeatable" : false,
            "UseRandomInvocation" : false,
            "InvokeChance" : 0
        }
    ]
}