{
	"travelContractFactionID" : "AuriganRestoration",
	"blackMarketFactionID" : "AuriganPirates", 
    "enumerationValueList" : [
		{
			"ID" : 0,
			"Name" : "INVALID_UNSET",
			"FriendlyName" : "INVALID_UNSET",
			"Description" : "",
			"FactionDefID" : "",
			"IsRealFaction" : false,
			"IsGreatHouse" : false,
			"IsClan" : false,
			"IsMercenary" : false,
			"IsPirate" : false,
			"DoesGainReputation" : false,
			"CanAlly" : false,
			"IsProceduralContractFaction" : false,
			"IsCareerScoringFaction" : false,
			"IsCareerIgnoredContractTarget" : false,
			"IsCareerStartingDisplayFaction" : false,
			"IsStoryStartingDisplayFaction" : false,
			"HasAIBehaviorVariableScope" : false
		},
		{
			"ID" : 1,
			"Name" : "NoFaction",
			"FriendlyName" : "NoFaction",
			"Description" : "",
			"FactionDefID" : "faction_NoFaction",
			"IsRealFaction" : true,
			"IsGreatHouse" : false,
			"IsClan" : false,
			"IsMercenary" : false,
			"IsPirate" : false,
			"DoesGainReputation" : false,
			"CanAlly" : false,
			"IsProceduralContractFaction" : false,
			"IsCareerScoringFaction" : false,
			"IsCareerIgnoredContractTarget" : false,
			"IsCareerStartingDisplayFaction" : false,
			"IsStoryStartingDisplayFaction" : false,
			"HasAIBehaviorVariableScope" : false
		},
		{
			"ID" : 2,
			"Name" : "Davion",
			"FriendlyName" : "Davion",
			"Description" : "",
			"FactionDefID" : "faction_Davion",
			"IsRealFaction" : true,
			"IsGreatHouse" : true,
			"IsClan" : false,
			"IsMercenary" : false,
			"IsPirate" : false,
			"DoesGainReputation" : true,
			"CanAlly" : true,
			"IsProceduralContractFaction" : true,
			"IsPossibleNeutralToAllFaction" : true,
			"IsPossibleHostileToAllFaction" : true,
			"IsPossibleAllyFallbackFaction" : true,
			"IsCareerScoringFaction" : true,
			"IsCareerIgnoredContractTarget" : false,
			"IsCareerStartingDisplayFaction" : true,
			"IsStoryStartingDisplayFaction" : true,
			"HasAIBehaviorVariableScope" : true
		},
		{
			"ID" : 3,
			"Name" : "Liao",
			"FriendlyName" : "Liao",
			"Description" : "",
			"FactionDefID" : "faction_Liao",
			"IsRealFaction" : true,
			"IsGreatHouse" : true,
			"IsClan" : false,
			"IsMercenary" : false,
			"IsPirate" : false,
			"DoesGainReputation" : true,
			"CanAlly" : true,
			"IsProceduralContractFaction" : true,
			"IsPossibleNeutralToAllFaction" : true,
			"IsPossibleHostileToAllFaction" : true,
			"IsPossibleAllyFallbackFaction" : true,
			"IsCareerScoringFaction" : true,
			"IsCareerIgnoredContractTarget" : false,
			"IsCareerStartingDisplayFaction" : true,
			"IsStoryStartingDisplayFaction" : true,
			"HasAIBehaviorVariableScope" : true
		},
		{
			"ID" : 4,
			"Name" : "Kurita",
			"FriendlyName" : "Kurita",
			"Description" : "",
			"FactionDefID" : "faction_Kurita",
			"IsRealFaction" : true,
			"IsGreatHouse" : true,
			"IsClan" : false,
			"IsMercenary" : false,
			"IsPirate" : false,
			"DoesGainReputation" : true,
			"CanAlly" : true,
			"IsProceduralContractFaction" : true,
			"IsPossibleNeutralToAllFaction" : true,
			"IsPossibleHostileToAllFaction" : true,
			"IsPossibleAllyFallbackFaction" : true,
			"IsCareerScoringFaction" : true,
			"IsCareerIgnoredContractTarget" : false,
			"IsCareerStartingDisplayFaction" : true,
			"IsStoryStartingDisplayFaction" : true,
			"HasAIBehaviorVariableScope" : true
		},
		{
			"ID" : 5,
			"Name" : "Marik",
			"FriendlyName" : "Marik",
			"Description" : "",
			"FactionDefID" : "faction_Marik",
			"IsRealFaction" : true,
			"IsGreatHouse" : true,
			"IsClan" : false,
			"IsMercenary" : false,
			"IsPirate" : false,
			"DoesGainReputation" : true,
			"CanAlly" : true,
			"IsProceduralContractFaction" : true,
			"IsPossibleNeutralToAllFaction" : true,
			"IsPossibleHostileToAllFaction" : true,
			"IsPossibleAllyFallbackFaction" : true,
			"IsCareerScoringFaction" : true,
			"IsCareerIgnoredContractTarget" : false,
			"IsCareerStartingDisplayFaction" : true,
			"IsStoryStartingDisplayFaction" : true,
			"HasAIBehaviorVariableScope" : true
		},
		{
			"ID" : 6,
			"Name" : "Steiner",
			"FriendlyName" : "Steiner",
			"Description" : "",
			"FactionDefID" : "faction_Steiner",
			"IsRealFaction" : true,
			"IsGreatHouse" : true,
			"IsClan" : false,
			"IsMercenary" : false,
			"IsPirate" : false,
			"DoesGainReputation" : true,
			"CanAlly" : true,
			"IsProceduralContractFaction" : true,
			"IsPossibleNeutralToAllFaction" : true,
			"IsPossibleHostileToAllFaction" : true,
			"IsPossibleAllyFallbackFaction" : true,
			"IsCareerScoringFaction" : true,
			"IsCareerIgnoredContractTarget" : false,
			"IsCareerStartingDisplayFaction" : true,
			"IsStoryStartingDisplayFaction" : true,
			"HasAIBehaviorVariableScope" : true
		},
		{
			"ID" : 7,
			"Name" : "TaurianConcordat",
			"FriendlyName" : "TaurianConcordat",
			"Description" : "",
			"FactionDefID" : "faction_TaurianConcordat",
			"IsRealFaction" : true,
			"IsGreatHouse" : false,
			"IsClan" : false,
			"IsMercenary" : false,
			"IsPirate" : false,
			"DoesGainReputation" : true,
			"CanAlly" : true,
			"IsProceduralContractFaction" : true,
			"IsPossibleNeutralToAllFaction" : true,
			"IsPossibleHostileToAllFaction" : true,
			"IsPossibleAllyFallbackFaction" : true,
			"IsCareerScoringFaction" : true,
			"IsCareerIgnoredContractTarget" : false,
			"IsCareerStartingDisplayFaction" : true,
			"IsStoryStartingDisplayFaction" : true,
			"HasAIBehaviorVariableScope" : false
		},
		{
			"ID" : 8,
			"Name" : "MagistracyOfCanopus",
			"FriendlyName" : "MagistracyOfCanopus",
			"Description" : "",
			"FactionDefID" : "faction_MagistracyOfCanopus",
			"IsRealFaction" : true,
			"IsGreatHouse" : false,
			"IsClan" : false,
			"IsMercenary" : false,
			"IsPirate" : false,
			"DoesGainReputation" : true,
			"CanAlly" : true,
			"IsProceduralContractFaction" : true,
			"IsPossibleNeutralToAllFaction" : true,
			"IsPossibleHostileToAllFaction" : true,
			"IsPossibleAllyFallbackFaction" : true,
			"IsCareerScoringFaction" : true,
			"IsCareerIgnoredContractTarget" : false,
			"IsCareerStartingDisplayFaction" : true,
			"IsStoryStartingDisplayFaction" : true,
			"HasAIBehaviorVariableScope" : false
		},
		{
			"ID" : 9,
			"Name" : "AuriganDirectorate",
			"FriendlyName" : "AuriganDirectorate",
			"Description" : "",
			"FactionDefID" : "faction_AuriganDirectorate",
			"IsRealFaction" : true,
			"IsGreatHouse" : false,
			"IsClan" : false,
			"IsMercenary" : false,
			"IsPirate" : false,
			"DoesGainReputation" : true,
			"CanAlly" : true,
			"IsProceduralContractFaction" : true,
			"IsCareerScoringFaction" : false,
			"IsCareerIgnoredContractTarget" : true,
			"IsCareerStartingDisplayFaction" : false,
			"IsStoryStartingDisplayFaction" : false,
			"HasAIBehaviorVariableScope" : false
		},
		{
			"ID" : 10,
			"Name" : "AuriganRestoration",
			"FriendlyName" : "AuriganRestoration",
			"Description" : "",
			"FactionDefID" : "faction_AuriganRestoration",
			"IsRealFaction" : true,
			"IsGreatHouse" : false,
			"IsClan" : false,
			"IsMercenary" : false,
			"IsPirate" : false,
			"DoesGainReputation" : true,
			"CanAlly" : false,
			"IsProceduralContractFaction" : true,
			"IsPossibleNeutralToAllFaction" : true,
			"IsPossibleHostileToAllFaction" : false,
			"IsPossibleAllyFallbackFaction" : true,
			"IsCareerScoringFaction" : false,
			"IsCareerIgnoredContractTarget" : false,
			"IsCareerStartingDisplayFaction" : true,
			"IsStoryStartingDisplayFaction" : false,
			"HasAIBehaviorVariableScope" : false
		},
		{
			"ID" : 11,
			"Name" : "ComStar",
			"FriendlyName" : "ComStar",
			"Description" : "",
			"FactionDefID" : "faction_ComStar",
			"IsRealFaction" : true,
			"IsGreatHouse" : false,
			"IsClan" : false,
			"IsMercenary" : false,
			"IsPirate" : false,
			"DoesGainReputation" : false,
			"CanAlly" : false,
			"IsProceduralContractFaction" : false,
			"IsPossibleNeutralToAllFaction" : false,
			"IsPossibleHostileToAllFaction" : false,
			"IsPossibleAllyFallbackFaction" : false,
			"IsCareerScoringFaction" : false,
			"IsCareerIgnoredContractTarget" : false,
			"IsCareerStartingDisplayFaction" : false,
			"IsStoryStartingDisplayFaction" : false,
			"HasAIBehaviorVariableScope" : false
		},
		{
			"ID" : 12,
			"Name" : "MercenaryReviewBoard",
			"FriendlyName" : "MercenaryReviewBoard",
			"Description" : "",
			"FactionDefID" : "faction_MercenaryReviewBoard",
			"IsRealFaction" : true,
			"IsGreatHouse" : false,
			"IsClan" : false,
			"IsMercenary" : false,
			"IsPirate" : false,
			"DoesGainReputation" : true,
			"CanAlly" : false,
			"IsProceduralContractFaction" : false,
			"IsCareerScoringFaction" : false,
			"IsCareerIgnoredContractTarget" : false,
			"IsCareerStartingDisplayFaction" : false,
			"IsStoryStartingDisplayFaction" : false,
			"HasAIBehaviorVariableScope" : false
		},
		{
			"ID" : 13,
			"Name" : "AuriganPirates",
			"FriendlyName" : "AuriganPirates",
			"Description" : "",
			"FactionDefID" : "faction_AuriganPirates",
			"IsRealFaction" : true,
			"IsGreatHouse" : false,
			"IsClan" : false,
			"IsMercenary" : false,
			"IsPirate" : true,
			"DoesGainReputation" : true,
			"CanAlly" : true,
			"IsProceduralContractFaction" : true,
			"IsPossibleNeutralToAllFaction" : false,
			"IsPossibleHostileToAllFaction" : true,
			"IsPossibleAllyFallbackFaction" : false,
			"IsCareerScoringFaction" : true,
			"IsCareerIgnoredContractTarget" : false,
			"IsCareerStartingDisplayFaction" : true,
			"IsStoryStartingDisplayFaction" : true,
			"HasAIBehaviorVariableScope" : false
		},
		{
			"ID" : 14,
			"Name" : "AuriganMercenaries",
			"FriendlyName" : "AuriganMercenaries",
			"Description" : "",
			"FactionDefID" : "faction_AuriganMercenaries",
			"IsRealFaction" : true,
			"IsGreatHouse" : false,
			"IsClan" : false,
			"IsMercenary" : true,
			"IsPirate" : false,
			"DoesGainReputation" : false,
			"CanAlly" : false,
			"IsProceduralContractFaction" : false,
			"IsPossibleNeutralToAllFaction" : true,
			"IsPossibleHostileToAllFaction" : false,
			"IsPossibleAllyFallbackFaction" : true,
			"IsCareerScoringFaction" : false,
			"IsCareerIgnoredContractTarget" : false,
			"IsCareerStartingDisplayFaction" : false,
			"IsStoryStartingDisplayFaction" : false,
			"HasAIBehaviorVariableScope" : false
		},
		{
			"ID" : 15,
			"Name" : "Player1sMercUnit",
			"FriendlyName" : "Player1sMercUnit",
			"Description" : "",
			"FactionDefID" : "",
			"IsRealFaction" : false,
			"IsGreatHouse" : false,
			"IsClan" : false,
			"IsMercenary" : false,
			"IsPirate" : false,
			"DoesGainReputation" : false,
			"CanAlly" : false,
			"IsProceduralContractFaction" : false,
			"IsCareerScoringFaction" : false,
			"IsCareerIgnoredContractTarget" : false,
			"IsCareerStartingDisplayFaction" : false,
			"IsStoryStartingDisplayFaction" : false,
			"HasAIBehaviorVariableScope" : false
		},
		{
			"ID" : 16,
			"Name" : "Player2sMercUnit",
			"FriendlyName" : "Player2sMercUnit",
			"Description" : "",
			"FactionDefID" : "",
			"IsRealFaction" : false,
			"IsGreatHouse" : false,
			"IsClan" : false,
			"IsMercenary" : false,
			"IsPirate" : false,
			"DoesGainReputation" : false,
			"CanAlly" : false,
			"IsProceduralContractFaction" : false,
			"IsCareerScoringFaction" : false,
			"IsCareerIgnoredContractTarget" : false,
			"IsCareerStartingDisplayFaction" : false,
			"IsStoryStartingDisplayFaction" : false,
			"HasAIBehaviorVariableScope" : false
		},
		{
			"ID" : 17,
			"Name" : "Locals",
			"FriendlyName" : "Locals",
			"Description" : "",
			"FactionDefID" : "faction_Locals",
			"IsRealFaction" : true,
			"IsGreatHouse" : false,
			"IsClan" : false,
			"IsMercenary" : false,
			"IsPirate" : false,
			"DoesGainReputation" : false,
			"CanAlly" : false,
			"IsProceduralContractFaction" : false,
			"IsPossibleNeutralToAllFaction" : true,
			"IsPossibleHostileToAllFaction" : true,
			"IsPossibleAllyFallbackFaction" : true,
			"IsCareerScoringFaction" : false,
			"IsCareerIgnoredContractTarget" : false,
			"IsCareerStartingDisplayFaction" : false,
			"IsStoryStartingDisplayFaction" : false,
			"HasAIBehaviorVariableScope" : false
		},
		{
			"ID" : 18,
			"Name" : "Unknown",
			"FriendlyName" : "Unknown",
			"Description" : "",
			"FactionDefID" : "faction_Unknown",
			"IsRealFaction" : true,
			"IsGreatHouse" : false,
			"IsClan" : false,
			"IsMercenary" : false,
			"IsPirate" : false,
			"DoesGainReputation" : false,
			"CanAlly" : false,
			"IsProceduralContractFaction" : false,
			"IsCareerScoringFaction" : false,
			"IsCareerIgnoredContractTarget" : false,
			"IsCareerStartingDisplayFaction" : false,
			"IsStoryStartingDisplayFaction" : false,
			"HasAIBehaviorVariableScope" : false
		},
		{
			"ID" : 50,
			"Name" : "MagistracyCentrella",
			"FriendlyName" : "MagistracyCentrella",
			"Description" : "",
			"FactionDefID" : "faction_MagistracyCentrella",
			"IsRealFaction" : true,
			"IsGreatHouse" : false,
			"IsClan" : false,
			"IsMercenary" : false,
			"IsPirate" : false,
			"DoesGainReputation" : false,
			"CanAlly" : false,
			"IsProceduralContractFaction" : false,
			"IsCareerScoringFaction" : false,
			"IsCareerIgnoredContractTarget" : false,
			"IsCareerStartingDisplayFaction" : false,
			"IsStoryStartingDisplayFaction" : false,
			"HasAIBehaviorVariableScope" : false
		},
		{
			"ID" : 51,
			"Name" : "MajestyMetals",
			"FriendlyName" : "MajestyMetals",
			"Description" : "",
			"FactionDefID" : "faction_MajestyMetals",
			"IsRealFaction" : true,
			"IsGreatHouse" : false,
			"IsClan" : false,
			"IsMercenary" : false,
			"IsPirate" : false,
			"DoesGainReputation" : false,
			"CanAlly" : false,
			"IsProceduralContractFaction" : false,
			"IsCareerScoringFaction" : false,
			"IsCareerIgnoredContractTarget" : false,
			"IsCareerStartingDisplayFaction" : false,
			"IsStoryStartingDisplayFaction" : false,
			"HasAIBehaviorVariableScope" : false
		},
		{
			"ID" : 52,
			"Name" : "Nautilus",
			"FriendlyName" : "Nautilus",
			"Description" : "",
			"FactionDefID" : "faction_Nautilus",
			"IsRealFaction" : true,
			"IsGreatHouse" : false,
			"IsClan" : false,
			"IsMercenary" : false,
			"IsPirate" : false,
			"DoesGainReputation" : false,
			"CanAlly" : false,
			"IsProceduralContractFaction" : false,
			"IsCareerScoringFaction" : false,
			"IsCareerIgnoredContractTarget" : false,
			"IsCareerStartingDisplayFaction" : false,
			"IsStoryStartingDisplayFaction" : false,
			"HasAIBehaviorVariableScope" : false
		},
		{
			"ID" : 53,
			"Name" : "Betrayers",
			"FriendlyName" : "Betrayers",
			"Description" : "",
			"FactionDefID" : "faction_AuriganDirectorate",
			"IsRealFaction" : true,
			"IsGreatHouse" : false,
			"IsClan" : false,
			"IsMercenary" : false,
			"IsPirate" : false,
			"DoesGainReputation" : false,
			"CanAlly" : false,
			"IsProceduralContractFaction" : false,
			"IsCareerScoringFaction" : false,
			"IsCareerIgnoredContractTarget" : false,
			"IsCareerStartingDisplayFaction" : false,
			"IsStoryStartingDisplayFaction" : false,
			"HasAIBehaviorVariableScope" : false
		},
		{
			"ID" : 54,
			"Name" : "FlakJackals",
			"FriendlyName" : "FlakJackals",
			"Description" : "",
			"FactionDefID" : "faction_FlakJackals",
			"IsRealFaction" : true,
			"IsGreatHouse" : false,
			"IsClan" : false,
			"IsMercenary" : false,
			"IsPirate" : true,
			"DoesGainReputation" : false,
			"CanAlly" : false,
			"IsProceduralContractFaction" : false,
			"IsCareerScoringFaction" : false,
			"IsCareerIgnoredContractTarget" : false,
			"IsCareerStartingDisplayFaction" : false,
			"IsStoryStartingDisplayFaction" : false,
			"HasAIBehaviorVariableScope" : false
		},
		{
			"ID" : 55,
			"Name" : "LocalsBrockwayRefugees",
			"FriendlyName" : "LocalsBrockwayRefugees",
			"Description" : "",
			"FactionDefID" : "faction_LocalsBrockwayRefugees",
			"IsRealFaction" : true,
			"IsGreatHouse" : false,
			"IsClan" : false,
			"IsMercenary" : false,
			"IsPirate" : false,
			"DoesGainReputation" : false,
			"CanAlly" : false,
			"IsProceduralContractFaction" : false,
			"IsCareerScoringFaction" : false,
			"IsCareerIgnoredContractTarget" : false,
			"IsCareerStartingDisplayFaction" : false,
			"IsStoryStartingDisplayFaction" : false,
			"HasAIBehaviorVariableScope" : false
		},
		{
			"ID" : 56,
			"Name" : "SelfEmployed",
			"FriendlyName" : "SelfEmployed",
			"Description" : "",
			"FactionDefID" : "faction_SelfEmployed",
			"IsRealFaction" : true,
			"IsGreatHouse" : false,
			"IsClan" : false,
			"IsMercenary" : false,
			"IsPirate" : false,
			"DoesGainReputation" : false,
			"CanAlly" : false,
			"IsProceduralContractFaction" : false,
			"IsCareerScoringFaction" : false,
			"IsCareerIgnoredContractTarget" : false,
			"IsCareerStartingDisplayFaction" : false,
			"IsStoryStartingDisplayFaction" : false,
			"HasAIBehaviorVariableScope" : false
		},
		{
			"ID" : 57,
			"Name" : "MasonsMarauders",
			"FriendlyName" : "MasonsMarauders",
			"Description" : "",
			"FactionDefID" : "faction_MasonsMarauders",
			"IsRealFaction" : true,
			"IsGreatHouse" : false,
			"IsClan" : false,
			"IsMercenary" : true,
			"IsPirate" : false,
			"DoesGainReputation" : false,
			"CanAlly" : false,
			"IsProceduralContractFaction" : false,
			"IsCareerScoringFaction" : false,
			"IsCareerIgnoredContractTarget" : false,
			"IsCareerStartingDisplayFaction" : false,
			"IsStoryStartingDisplayFaction" : false,
			"HasAIBehaviorVariableScope" : false
		},
		{
			"ID" : 58,
			"Name" : "SteelBeast",
			"FriendlyName" : "SteelBeast",
			"Description" : "",
			"FactionDefID" : "faction_SteelBeast",
			"IsRealFaction" : true,
			"IsGreatHouse" : false,
			"IsClan" : false,
			"IsMercenary" : false,
			"IsPirate" : false,
			"DoesGainReputation" : false,
			"CanAlly" : false,
			"IsProceduralContractFaction" : false,
			"IsCareerScoringFaction" : false,
			"IsCareerIgnoredContractTarget" : false,
			"IsCareerStartingDisplayFaction" : false,
			"IsStoryStartingDisplayFaction" : false,
			"HasAIBehaviorVariableScope" : false
		},
		{
			"ID" : 59,
			"Name" : "KellHounds",
			"FriendlyName" : "KellHounds",
			"Description" : "",
			"FactionDefID" : "faction_KellHounds",
			"IsRealFaction" : true,
			"IsGreatHouse" : false,
			"IsClan" : false,
			"IsMercenary" : true,
			"IsPirate" : false,
			"DoesGainReputation" : false,
			"CanAlly" : false,
			"IsProceduralContractFaction" : false,
			"IsCareerScoringFaction" : false,
			"IsCareerIgnoredContractTarget" : false,
			"IsCareerStartingDisplayFaction" : false,
			"IsStoryStartingDisplayFaction" : false,
			"HasAIBehaviorVariableScope" : false
		},
		{
			"ID" : 60,
			"Name" : "RazorbackMercs",
			"FriendlyName" : "RazorbackMercs",
			"Description" : "",
			"FactionDefID" : "faction_RazorbackMercs",
			"IsRealFaction" : true,
			"IsGreatHouse" : false,
			"IsClan" : false,
			"IsMercenary" : true,
			"IsPirate" : false,
			"DoesGainReputation" : false,
			"CanAlly" : false,
			"IsProceduralContractFaction" : false,
			"IsCareerScoringFaction" : false,
			"IsCareerIgnoredContractTarget" : false,
			"IsCareerStartingDisplayFaction" : false,
			"IsStoryStartingDisplayFaction" : false,
			"HasAIBehaviorVariableScope" : false
		},
		{
			"ID" : 61,
			"Name" : "HostileMercenaries",
			"FriendlyName" : "HostileMercenaries",
			"Description" : "",
			"FactionDefID" : "faction_HostileMercenaries",
			"IsRealFaction" : true,
			"IsGreatHouse" : false,
			"IsClan" : false,
			"IsMercenary" : true,
			"IsPirate" : false,
			"DoesGainReputation" : false,
			"CanAlly" : false,
			"IsProceduralContractFaction" : false,
			"IsCareerScoringFaction" : false,
			"IsCareerIgnoredContractTarget" : false,
			"IsCareerStartingDisplayFaction" : false,
			"IsStoryStartingDisplayFaction" : false,
			"HasAIBehaviorVariableScope" : false
		},
		{
			"ID" : 62,
			"Name" : "EmeraldDawn",
			"FriendlyName" : "EmeraldDawn",
			"Description" : "",
			"FactionDefID" : "faction_EmeraldDawn",
			"IsRealFaction" : true,
			"IsGreatHouse" : false,
			"IsClan" : false,
			"IsMercenary" : false,
			"IsPirate" : false,
			"DoesGainReputation" : false,
			"CanAlly" : false,
			"IsProceduralContractFaction" : false,
			"IsCareerScoringFaction" : false,
			"IsCareerIgnoredContractTarget" : false,
			"IsCareerStartingDisplayFaction" : false,
			"IsStoryStartingDisplayFaction" : false,
			"HasAIBehaviorVariableScope" : false
		},
		{
			"ID" : 63,
			"Name" : "SianTriumphant",
			"FriendlyName" : "SianTriumphant",
			"Description" : "",
			"FactionDefID" : "faction_SianTriumphant",
			"IsRealFaction" : true,
			"IsGreatHouse" : false,
			"IsClan" : false,
			"IsMercenary" : false,
			"IsPirate" : false,
			"DoesGainReputation" : false,
			"CanAlly" : false,
			"IsProceduralContractFaction" : false,
			"IsCareerScoringFaction" : false,
			"IsCareerIgnoredContractTarget" : false,
			"IsCareerStartingDisplayFaction" : false,
			"IsStoryStartingDisplayFaction" : false,
			"HasAIBehaviorVariableScope" : false
		},
		{
			"ID" : 64,
			"Name" : "ProfHorvat",
			"FriendlyName" : "ProfHorvat",
			"Description" : "",
			"FactionDefID" : "faction_ProfHorvat",
			"IsRealFaction" : true,
			"IsGreatHouse" : false,
			"IsClan" : false,
			"IsMercenary" : false,
			"IsPirate" : false,
			"DoesGainReputation" : false,
			"CanAlly" : false,
			"IsProceduralContractFaction" : false,
			"IsCareerScoringFaction" : false,
			"IsCareerIgnoredContractTarget" : false,
			"IsCareerStartingDisplayFaction" : false,
			"IsStoryStartingDisplayFaction" : false,
			"HasAIBehaviorVariableScope" : false
		},
		{
			"ID" : 65,
			"Name" : "RedHareRegiment",
			"FriendlyName" : "RedHareRegiment",
			"Description" : "",
			"FactionDefID" : "faction_RedHareRegiment",
			"IsRealFaction" : true,
			"IsGreatHouse" : false,
			"IsClan" : false,
			"IsMercenary" : true,
			"IsPirate" : false,
			"DoesGainReputation" : false,
			"CanAlly" : false,
			"IsProceduralContractFaction" : false,
			"IsCareerScoringFaction" : false,
			"IsCareerIgnoredContractTarget" : false,
			"IsCareerStartingDisplayFaction" : false,
			"IsStoryStartingDisplayFaction" : false,
			"HasAIBehaviorVariableScope" : false
		},
		{
			"ID" : 66,
			"Name" : "EdCorbu",
			"FriendlyName" : "EdCorbu",
			"Description" : "",
			"FactionDefID" : "faction_EdCorbu",
			"IsRealFaction" : true,
			"IsGreatHouse" : false,
			"IsClan" : false,
			"IsMercenary" : false,
			"IsPirate" : false,
			"DoesGainReputation" : false,
			"CanAlly" : false,
			"IsProceduralContractFaction" : false,
			"IsCareerScoringFaction" : false,
			"IsCareerIgnoredContractTarget" : false,
			"IsCareerStartingDisplayFaction" : false,
			"IsStoryStartingDisplayFaction" : false,
			"HasAIBehaviorVariableScope" : false
		},
		{
			"ID" : 67,
			"Name" : "DuchyOfAndurien",
			"FriendlyName" : "DuchyOfAndurien",
			"Description" : "",
			"FactionDefID" : "faction_DuchyOfAndurien",
			"IsRealFaction" : true,
			"IsGreatHouse" : false,
			"IsClan" : false,
			"IsMercenary" : false,
			"IsPirate" : false,
			"DoesGainReputation" : false,
			"CanAlly" : false,
			"IsProceduralContractFaction" : false,
			"IsCareerScoringFaction" : false,
			"IsCareerIgnoredContractTarget" : false,
			"IsCareerStartingDisplayFaction" : false,
			"IsStoryStartingDisplayFaction" : false,
			"HasAIBehaviorVariableScope" : false
		},
		{
			"ID" : 68,
			"Name" : "BlackCalderaDefense",
			"FriendlyName" : "BlackCalderaDefense",
			"Description" : "",
			"FactionDefID" : "faction_BlackCalderaDefense",
			"IsRealFaction" : true,
			"IsGreatHouse" : false,
			"IsClan" : false,
			"IsMercenary" : false,
			"IsPirate" : false,
			"DoesGainReputation" : false,
			"CanAlly" : false,
			"IsProceduralContractFaction" : false,
			"IsCareerScoringFaction" : false,
			"IsCareerIgnoredContractTarget" : false,
			"IsCareerStartingDisplayFaction" : false,
			"IsStoryStartingDisplayFaction" : false,
			"HasAIBehaviorVariableScope" : false
		},
		{
			"ID" : 69,
			"Name" : "GrayDeathLegion",
			"FriendlyName" : "GrayDeathLegion",
			"Description" : "",
			"FactionDefID" : "faction_GrayDeathLegion",
			"IsRealFaction" : true,
			"IsGreatHouse" : false,
			"IsClan" : false,
			"IsMercenary" : true,
			"IsPirate" : false,
			"DoesGainReputation" : false,
			"CanAlly" : false,
			"IsProceduralContractFaction" : false,
			"IsCareerScoringFaction" : false,
			"IsCareerIgnoredContractTarget" : false,
			"IsCareerStartingDisplayFaction" : false,
			"IsStoryStartingDisplayFaction" : false,
			"HasAIBehaviorVariableScope" : false
		},
		{
			"ID" : 70,
			"Name" : "HouseNakano",
			"FriendlyName" : "HouseNakano",
			"Description" : "",
			"FactionDefID" : "faction_HouseNakano",
			"IsRealFaction" : true,
			"IsGreatHouse" : false,
			"IsClan" : false,
			"IsMercenary" : false,
			"IsPirate" : false,
			"DoesGainReputation" : false,
			"CanAlly" : false,
			"IsProceduralContractFaction" : false,
			"IsCareerScoringFaction" : false,
			"IsCareerIgnoredContractTarget" : false,
			"IsCareerStartingDisplayFaction" : false,
			"IsStoryStartingDisplayFaction" : false,
			"HasAIBehaviorVariableScope" : false
		},
		{
			"ID" : 72,
			"Name" : "SelfEmployed_Yang",
			"FriendlyName" : "SelfEmployed_Yang",
			"Description" : "",
			"FactionDefID" : "faction_SelfEmployed_Yang",
			"IsRealFaction" : true,
			"IsGreatHouse" : false,
			"IsClan" : false,
			"IsMercenary" : false,
			"IsPirate" : false,
			"DoesGainReputation" : false,
			"CanAlly" : false,
			"IsProceduralContractFaction" : false,
			"IsCareerScoringFaction" : false,
			"IsCareerIgnoredContractTarget" : false,
			"IsCareerStartingDisplayFaction" : false,
			"IsStoryStartingDisplayFaction" : false,
			"HasAIBehaviorVariableScope" : false
		},
		{
			"ID" : 73,
			"Name" : "SecuritySolutionsInc",
			"FriendlyName" : "SecuritySolutionsInc",
			"Description" : "",
			"FactionDefID" : "faction_SecuritySolutionsInc",
			"IsRealFaction" : true,
			"IsGreatHouse" : false,
			"IsClan" : false,
			"IsMercenary" : false,
			"IsPirate" : false,
			"DoesGainReputation" : false,
			"CanAlly" : false,
			"IsProceduralContractFaction" : false,
			"IsCareerScoringFaction" : false,
			"IsCareerIgnoredContractTarget" : false,
			"IsCareerStartingDisplayFaction" : false,
			"IsStoryStartingDisplayFaction" : false,
			"HasAIBehaviorVariableScope" : false
		},
		{
			"ID" : 74,
			"Name" : "PaladinProtectionLLC",
			"FriendlyName" : "PaladinProtectionLLC",
			"Description" : "",
			"FactionDefID" : "faction_PaladinProtectionLLC",
			"IsRealFaction" : true,
			"IsGreatHouse" : false,
			"IsClan" : false,
			"IsMercenary" : false,
			"IsPirate" : false,
			"DoesGainReputation" : false,
			"CanAlly" : false,
			"IsProceduralContractFaction" : false,
			"IsCareerScoringFaction" : false,
			"IsCareerIgnoredContractTarget" : false,
			"IsCareerStartingDisplayFaction" : false,
			"IsStoryStartingDisplayFaction" : false,
			"HasAIBehaviorVariableScope" : false
		},
		{
			"ID" : 75,
			"Name" : "HouseKhulan",
			"FriendlyName" : "HouseKhulan",
			"Description" : "",
			"FactionDefID" : "faction_HouseKhulan",
			"IsRealFaction" : true,
			"IsGreatHouse" : false,
			"IsClan" : false,
			"IsMercenary" : false,
			"IsPirate" : false,
			"DoesGainReputation" : false,
			"CanAlly" : false,
			"IsProceduralContractFaction" : false,
			"IsCareerScoringFaction" : false,
			"IsCareerIgnoredContractTarget" : false,
			"IsCareerStartingDisplayFaction" : false,
			"IsStoryStartingDisplayFaction" : false,
			"HasAIBehaviorVariableScope" : false
		},
		{
			"ID" : 76,
			"Name" : "BlackWidowCompany",
			"FriendlyName" : "BlackWidowCompany",
			"Description" : "",
			"FactionDefID" : "faction_BlackWidowCompany",
			"IsRealFaction" : true,
			"IsGreatHouse" : false,
			"IsClan" : false,
			"IsMercenary" : false,
			"IsPirate" : false,
			"DoesGainReputation" : false,
			"CanAlly" : false,
			"IsProceduralContractFaction" : false,
			"IsCareerScoringFaction" : false,
			"IsCareerIgnoredContractTarget" : false,
			"IsCareerStartingDisplayFaction" : false,
			"IsStoryStartingDisplayFaction" : false,
			"HasAIBehaviorVariableScope" : false
		},
		{
			"ID" : 77,
			"Name" : "BountyHunterAssociates",
			"FriendlyName" : "BountyHunterAssociates",
			"Description" : "",
			"FactionDefID" : "faction_BountyHunterAssociates",
			"IsRealFaction" : true,
			"IsGreatHouse" : false,
			"IsClan" : false,
			"IsMercenary" : false,
			"IsPirate" : false,
			"DoesGainReputation" : false,
			"CanAlly" : false,
			"IsProceduralContractFaction" : false,
			"IsCareerScoringFaction" : false,
			"IsCareerIgnoredContractTarget" : false,
			"IsCareerStartingDisplayFaction" : false,
			"IsStoryStartingDisplayFaction" : false,
			"HasAIBehaviorVariableScope" : false
		},
		{
			"ID" : 78,
			"Name" : "SelfEmployed_Farah",
			"FriendlyName" : "SelfEmployed_Farah",
			"Description" : "",
			"FactionDefID" : "faction_SelfEmployed_Farah",
			"IsRealFaction" : true,
			"IsGreatHouse" : false,
			"IsClan" : false,
			"IsMercenary" : false,
			"IsPirate" : false,
			"DoesGainReputation" : false,
			"CanAlly" : false,
			"IsProceduralContractFaction" : false,
			"IsCareerScoringFaction" : false,
			"IsCareerIgnoredContractTarget" : false,
			"IsCareerStartingDisplayFaction" : false,
			"IsStoryStartingDisplayFaction" : false,
			"HasAIBehaviorVariableScope" : false
		},
		{
			"ID" : 79,
			"Name" : "SelfEmployed_Sumire",
			"FriendlyName" : "SelfEmployed_Sumire",
			"Description" : "",
			"FactionDefID" : "faction_SelfEmployed_Sumire",
			"IsRealFaction" : true,
			"IsGreatHouse" : false,
			"IsClan" : false,
			"IsMercenary" : false,
			"IsPirate" : false,
			"DoesGainReputation" : false,
			"CanAlly" : false,
			"IsProceduralContractFaction" : false,
			"IsCareerScoringFaction" : false,
			"IsCareerIgnoredContractTarget" : false,
			"IsCareerStartingDisplayFaction" : false,
			"IsStoryStartingDisplayFaction" : false,
			"HasAIBehaviorVariableScope" : false
		},
		{
			"ID" : 80,
			"Name" : "Moderbjorn",
			"FriendlyName" : "Moderbjorn",
			"Description" : "",
			"FactionDefID" : "faction_Moderbjorn",
			"IsRealFaction" : true,
			"IsGreatHouse" : false,
			"IsClan" : false,
			"IsMercenary" : false,
			"IsPirate" : false,
			"DoesGainReputation" : false,
			"CanAlly" : false,
			"IsProceduralContractFaction" : false,
			"IsCareerScoringFaction" : false,
			"IsCareerIgnoredContractTarget" : false,
			"IsCareerStartingDisplayFaction" : false,
			"IsStoryStartingDisplayFaction" : false,
			"HasAIBehaviorVariableScope" : false
		},
		{
			"ID" : 81,
			"Name" : "BaumannGroup",
			"FriendlyName" : "BaumannGroup",
			"Description" : "",
			"FactionDefID" : "faction_BaumannGroup",
			"IsRealFaction" : true,
			"IsGreatHouse" : false,
			"IsClan" : false,
			"IsMercenary" : false,
			"IsPirate" : false,
			"DoesGainReputation" : false,
			"CanAlly" : false,
			"IsProceduralContractFaction" : false,
			"IsCareerScoringFaction" : false,
			"IsCareerIgnoredContractTarget" : false,
			"IsCareerStartingDisplayFaction" : false,
			"IsStoryStartingDisplayFaction" : false,
			"HasAIBehaviorVariableScope" : false
		},
		{
			"ID" : 100,
			"Name" : "Faction_Employer",
			"FriendlyName" : "Faction_Employer",
			"Description" : "",
			"FactionDefID" : "",
			"IsRealFaction" : false,
			"IsGreatHouse" : false,
			"IsClan" : false,
			"IsMercenary" : false,
			"IsPirate" : false,
			"DoesGainReputation" : false,
			"CanAlly" : false,
			"IsProceduralContractFaction" : false,
			"IsCareerScoringFaction" : false,
			"IsCareerIgnoredContractTarget" : false,
			"IsCareerStartingDisplayFaction" : false,
			"IsStoryStartingDisplayFaction" : false,
			"HasAIBehaviorVariableScope" : false
		},
		{
			"ID" : 101,
			"Name" : "Faction_Target",
			"FriendlyName" : "Faction_Target",
			"Description" : "",
			"FactionDefID" : "",
			"IsRealFaction" : false,
			"IsGreatHouse" : false,
			"IsClan" : false,
			"IsMercenary" : false,
			"IsPirate" : false,
			"DoesGainReputation" : false,
			"CanAlly" : false,
			"IsProceduralContractFaction" : false,
			"IsCareerScoringFaction" : false,
			"IsCareerIgnoredContractTarget" : false,
			"IsCareerStartingDisplayFaction" : false,
			"IsStoryStartingDisplayFaction" : false,
			"HasAIBehaviorVariableScope" : false
		},
		{
			"ID" : 102,
			"Name" : "Faction_TargetsAlly",
			"FriendlyName" : "Faction_TargetsAlly",
			"Description" : "",
			"FactionDefID" : "",
			"IsRealFaction" : false,
			"IsGreatHouse" : false,
			"IsClan" : false,
			"IsMercenary" : false,
			"IsPirate" : false,
			"DoesGainReputation" : false,
			"CanAlly" : false,
			"IsProceduralContractFaction" : false,
			"IsCareerScoringFaction" : false,
			"IsCareerIgnoredContractTarget" : false,
			"IsCareerStartingDisplayFaction" : false,
			"IsStoryStartingDisplayFaction" : false,
			"HasAIBehaviorVariableScope" : false
		},
		{
			"ID" : 103,
			"Name" : "Faction_Neutral",
			"FriendlyName" : "Faction_Neutral",
			"Description" : "",
			"FactionDefID" : "",
			"IsRealFaction" : false,
			"IsGreatHouse" : false,
			"IsClan" : false,
			"IsMercenary" : false,
			"IsPirate" : false,
			"DoesGainReputation" : false,
			"CanAlly" : false,
			"IsProceduralContractFaction" : false,
			"IsCareerScoringFaction" : false,
			"IsCareerIgnoredContractTarget" : false,
			"IsCareerStartingDisplayFaction" : false,
			"IsStoryStartingDisplayFaction" : false,
			"HasAIBehaviorVariableScope" : false
		},
		{
			"ID" : 104,
			"Name" : "Faction_Hostile",
			"FriendlyName" : "Faction_Hostile",
			"Description" : "",
			"FactionDefID" : "",
			"IsRealFaction" : false,
			"IsGreatHouse" : false,
			"IsClan" : false,
			"IsMercenary" : false,
			"IsPirate" : false,
			"DoesGainReputation" : false,
			"CanAlly" : false,
			"IsProceduralContractFaction" : false,
			"IsCareerScoringFaction" : false,
			"IsCareerIgnoredContractTarget" : false,
			"IsCareerStartingDisplayFaction" : false,
			"IsStoryStartingDisplayFaction" : false,
			"HasAIBehaviorVariableScope" : false
		},
		{
			"ID" : 105,
			"Name" : "Faction_EmployersAlly",
			"FriendlyName" : "Faction_EmployersAlly",
			"Description" : "",
			"FactionDefID" : "",
			"IsRealFaction" : false,
			"IsGreatHouse" : false,
			"IsClan" : false,
			"IsMercenary" : false,
			"IsPirate" : false,
			"DoesGainReputation" : false,
			"CanAlly" : false,
			"IsProceduralContractFaction" : false,
			"IsCareerScoringFaction" : false,
			"IsCareerIgnoredContractTarget" : false,
			"IsCareerStartingDisplayFaction" : false,
			"IsStoryStartingDisplayFaction" : false,
			"HasAIBehaviorVariableScope" : false
		},
		{
			"ID" : 500,
			"Name" : "Rasalhague",
			"FriendlyName" : "Rasalhague",
			"Description" : "",
			"FactionDefID" : "faction_Rasalhague",
			"IsRealFaction" : true,
			"IsGreatHouse" : false,
			"IsClan" : false,
			"IsMercenary" : false,
			"IsPirate" : false,
			"DoesGainReputation" : true,
			"CanAlly" : true,
			"IsProceduralContractFaction" : true,
			"IsPossibleNeutralToAllFaction" : false,
			"IsPossibleHostileToAllFaction" : false,
			"IsPossibleAllyFallbackFaction" : false,
			"IsCareerScoringFaction" : false,
			"IsCareerIgnoredContractTarget" : false,
			"IsCareerStartingDisplayFaction" : true,
			"IsStoryStartingDisplayFaction" : false,
			"HasAIBehaviorVariableScope" : false
		},
		{
			"ID" : 501,
			"Name" : "Wolf",
			"FriendlyName" : "Wolf",
			"Description" : "",
			"FactionDefID" : "faction_Wolf",
			"IsRealFaction" : true,
			"IsGreatHouse" : false,
			"IsClan" : true,
			"IsMercenary" : false,
			"IsPirate" : false,
			"DoesGainReputation" : false,
			"CanAlly" : false,
			"IsProceduralContractFaction" : true,
			"IsPossibleNeutralToAllFaction" : false,
			"IsPossibleHostileToAllFaction" : false,
			"IsPossibleAllyFallbackFaction" : false,
			"IsCareerScoringFaction" : false,
			"IsCareerIgnoredContractTarget" : false,
			"IsCareerStartingDisplayFaction" : false,
			"IsStoryStartingDisplayFaction" : false,
			"HasAIBehaviorVariableScope" : false
		},
		{
			"ID" : 502,
			"Name" : "GhostBear",
			"FriendlyName" : "GhostBear",
			"Description" : "",
			"FactionDefID" : "faction_GhostBear",
			"IsRealFaction" : true,
			"IsGreatHouse" : false,
			"IsClan" : true,
			"IsMercenary" : false,
			"IsPirate" : false,
			"DoesGainReputation" : false,
			"CanAlly" : false,
			"IsProceduralContractFaction" : true,
			"IsPossibleNeutralToAllFaction" : false,
			"IsPossibleHostileToAllFaction" : false,
			"IsPossibleAllyFallbackFaction" : false,
			"IsCareerScoringFaction" : false,
			"IsCareerIgnoredContractTarget" : false,
			"IsCareerStartingDisplayFaction" : false,
			"IsStoryStartingDisplayFaction" : false,
			"HasAIBehaviorVariableScope" : false
		},
		{
			"ID" : 503,
			"Name" : "JadeFalcon",
			"FriendlyName" : "JadeFalcon",
			"Description" : "",
			"FactionDefID" : "faction_JadeFalcon",
			"IsRealFaction" : true,
			"IsGreatHouse" : false,
			"IsClan" : true,
			"IsMercenary" : false,
			"IsPirate" : false,
			"DoesGainReputation" : false,
			"CanAlly" : false,
			"IsProceduralContractFaction" : true,
			"IsPossibleNeutralToAllFaction" : false,
			"IsPossibleHostileToAllFaction" : false,
			"IsPossibleAllyFallbackFaction" : false,
			"IsCareerScoringFaction" : false,
			"IsCareerIgnoredContractTarget" : false,
			"IsCareerStartingDisplayFaction" : false,
			"IsStoryStartingDisplayFaction" : false,
			"HasAIBehaviorVariableScope" : false
		},
		{
			"ID" : 504,
			"Name" : "SmokeJaguar",
			"FriendlyName" : "SmokeJaguar",
			"Description" : "",
			"FactionDefID" : "faction_SmokeJaguar",
			"IsRealFaction" : true,
			"IsGreatHouse" : false,
			"IsClan" : true,
			"IsMercenary" : false,
			"IsPirate" : false,
			"DoesGainReputation" : false,
			"CanAlly" : false,
			"IsProceduralContractFaction" : true,
			"IsPossibleNeutralToAllFaction" : false,
			"IsPossibleHostileToAllFaction" : false,
			"IsPossibleAllyFallbackFaction" : false,
			"IsCareerScoringFaction" : false,
			"IsCareerIgnoredContractTarget" : false,
			"IsCareerStartingDisplayFaction" : false,
			"IsStoryStartingDisplayFaction" : false,
			"HasAIBehaviorVariableScope" : false
		},
		{
			"ID" : 505,
			"Name" : "SteelViper",
			"FriendlyName" : "SteelViper",
			"Description" : "",
			"FactionDefID" : "faction_SteelViper",
			"IsRealFaction" : true,
			"IsGreatHouse" : false,
			"IsClan" : true,
			"IsMercenary" : false,
			"IsPirate" : false,
			"DoesGainReputation" : false,
			"CanAlly" : false,
			"IsProceduralContractFaction" : true,
			"IsPossibleNeutralToAllFaction" : false,
			"IsPossibleHostileToAllFaction" : false,
			"IsPossibleAllyFallbackFaction" : false,
			"IsCareerScoringFaction" : false,
			"IsCareerIgnoredContractTarget" : false,
			"IsCareerStartingDisplayFaction" : false,
			"IsStoryStartingDisplayFaction" : false,
			"HasAIBehaviorVariableScope" : false
		},
		{
			"ID" : 506,
			"Name" : "NovaCat",
			"FriendlyName" : "NovaCat",
			"Description" : "",
			"FactionDefID" : "faction_NovaCat",
			"IsRealFaction" : true,
			"IsGreatHouse" : false,
			"IsClan" : true,
			"IsMercenary" : false,
			"IsPirate" : false,
			"DoesGainReputation" : false,
			"CanAlly" : false,
			"IsProceduralContractFaction" : true,
			"IsPossibleNeutralToAllFaction" : false,
			"IsPossibleHostileToAllFaction" : false,
			"IsPossibleAllyFallbackFaction" : false,
			"IsCareerScoringFaction" : false,
			"IsCareerIgnoredContractTarget" : false,
			"IsCareerStartingDisplayFaction" : false,
			"IsStoryStartingDisplayFaction" : false,
			"HasAIBehaviorVariableScope" : false
		},
		{
			"ID" : 520,
			"Name" : "Ives",
			"FriendlyName" : "Ives",
			"Description" : "",
			"FactionDefID" : "faction_Ives",
			"IsRealFaction" : true,
			"IsGreatHouse" : false,
			"IsClan" : false,
			"IsMercenary" : false,
			"IsPirate" : false,
			"DoesGainReputation" : true,
			"CanAlly" : true,
			"IsProceduralContractFaction" : true,
			"IsPossibleNeutralToAllFaction" : false,
			"IsPossibleHostileToAllFaction" : false,
			"IsPossibleAllyFallbackFaction" : false,
			"IsCareerScoringFaction" : false,
			"IsCareerIgnoredContractTarget" : false,
			"IsCareerStartingDisplayFaction" : true,
			"IsStoryStartingDisplayFaction" : false,
			"HasAIBehaviorVariableScope" : false
		},
		{
			"ID" : 521,
			"Name" : "Outworld",
			"FriendlyName" : "Outworld",
			"Description" : "",
			"FactionDefID" : "faction_Outworld",
			"IsRealFaction" : true,
			"IsGreatHouse" : false,
			"IsClan" : false,
			"IsMercenary" : false,
			"IsPirate" : false,
			"DoesGainReputation" : true,
			"CanAlly" : true,
			"IsProceduralContractFaction" : true,
			"IsPossibleNeutralToAllFaction" : false,
			"IsPossibleHostileToAllFaction" : false,
			"IsPossibleAllyFallbackFaction" : false,
			"IsCareerScoringFaction" : false,
			"IsCareerIgnoredContractTarget" : false,
			"IsCareerStartingDisplayFaction" : true,
			"IsStoryStartingDisplayFaction" : false,
			"HasAIBehaviorVariableScope" : false
		},
		{
			"ID" : 522,
			"Name" : "Andurien",
			"FriendlyName" : "Andurien",
			"Description" : "",
			"FactionDefID" : "faction_Andurien",
			"IsRealFaction" : true,
			"IsGreatHouse" : false,
			"IsClan" : false,
			"IsMercenary" : false,
			"IsPirate" : false,
			"DoesGainReputation" : true,
			"CanAlly" : false,
			"IsProceduralContractFaction" : true,
			"IsPossibleNeutralToAllFaction" : false,
			"IsPossibleHostileToAllFaction" : false,
			"IsPossibleAllyFallbackFaction" : false,
			"IsCareerScoringFaction" : false,
			"IsCareerIgnoredContractTarget" : false,
			"IsCareerStartingDisplayFaction" : true,
			"IsStoryStartingDisplayFaction" : false,
			"HasAIBehaviorVariableScope" : false
		},
		{
			"ID" : 523,
			"Name" : "Solaris7",
			"FriendlyName" : "Solaris7",
			"Description" : "",
			"FactionDefID" : "faction_Solaris7",
			"IsRealFaction" : true,
			"IsGreatHouse" : false,
			"IsClan" : false,
			"IsMercenary" : false,
			"IsPirate" : false,
			"DoesGainReputation" : true,
			"CanAlly" : false,
			"IsProceduralContractFaction" : true,
			"IsPossibleNeutralToAllFaction" : true,
			"IsPossibleHostileToAllFaction" : true,
			"IsPossibleAllyFallbackFaction" : true,
			"IsCareerScoringFaction" : true,
			"IsCareerIgnoredContractTarget" : false,
			"IsCareerStartingDisplayFaction" : true,
			"IsStoryStartingDisplayFaction" : true,
			"HasAIBehaviorVariableScope" : false
		},
		{
			"ID" : 600,
			"Name" : "DavionA",
			"FriendlyName" : "DavionA",
			"Description" : "",
			"FactionDefID" : "faction_DavionA",
			"IsRealFaction" : false,
			"IsGreatHouse" : false,
			"IsClan" : false,
			"IsMercenary" : false,
			"IsPirate" : false,
			"DoesGainReputation" : false,
			"CanAlly" : false,
			"IsProceduralContractFaction" : false,
			"IsPossibleNeutralToAllFaction" : false,
			"IsPossibleHostileToAllFaction" : false,
			"IsPossibleAllyFallbackFaction" : false,
			"IsCareerScoringFaction" : false,
			"IsCareerIgnoredContractTarget" : false,
			"IsCareerStartingDisplayFaction" : false,
			"IsStoryStartingDisplayFaction" : false,
			"HasAIBehaviorVariableScope" : false
		},
		{
			"ID" : 601,
			"Name" : "KuritaA",
			"FriendlyName" : "KuritaA",
			"Description" : "",
			"FactionDefID" : "faction_KuritaA",
			"IsRealFaction" : false,
			"IsGreatHouse" : false,
			"IsClan" : false,
			"IsMercenary" : false,
			"IsPirate" : false,
			"DoesGainReputation" : false,
			"CanAlly" : false,
			"IsProceduralContractFaction" : false,
			"IsPossibleNeutralToAllFaction" : false,
			"IsPossibleHostileToAllFaction" : false,
			"IsPossibleAllyFallbackFaction" : false,
			"IsCareerScoringFaction" : false,
			"IsCareerIgnoredContractTarget" : false,
			"IsCareerStartingDisplayFaction" : false,
			"IsStoryStartingDisplayFaction" : false,
			"HasAIBehaviorVariableScope" : false
		},
		{
			"ID" : 602,
			"Name" : "SteinerA",
			"FriendlyName" : "SteinerA",
			"Description" : "",
			"FactionDefID" : "faction_SteinerA",
			"IsRealFaction" : false,
			"IsGreatHouse" : false,
			"IsClan" : false,
			"IsMercenary" : false,
			"IsPirate" : false,
			"DoesGainReputation" : false,
			"CanAlly" : false,
			"IsProceduralContractFaction" : false,
			"IsPossibleNeutralToAllFaction" : false,
			"IsPossibleHostileToAllFaction" : false,
			"IsPossibleAllyFallbackFaction" : false,
			"IsCareerScoringFaction" : false,
			"IsCareerIgnoredContractTarget" : false,
			"IsCareerStartingDisplayFaction" : false,
			"IsStoryStartingDisplayFaction" : false,
			"HasAIBehaviorVariableScope" : false
		},
		{
			"ID" : 603,
			"Name" : "MarikA",
			"FriendlyName" : "MarikA",
			"Description" : "",
			"FactionDefID" : "faction_MarikA",
			"IsRealFaction" : false,
			"IsGreatHouse" : false,
			"IsClan" : false,
			"IsMercenary" : false,
			"IsPirate" : false,
			"DoesGainReputation" : false,
			"CanAlly" : false,
			"IsProceduralContractFaction" : false,
			"IsPossibleNeutralToAllFaction" : false,
			"IsPossibleHostileToAllFaction" : false,
			"IsPossibleAllyFallbackFaction" : false,
			"IsCareerScoringFaction" : false,
			"IsCareerIgnoredContractTarget" : false,
			"IsCareerStartingDisplayFaction" : false,
			"IsStoryStartingDisplayFaction" : false,
			"HasAIBehaviorVariableScope" : false
		},
		{
			"ID" : 604,
			"Name" : "LiaoA",
			"FriendlyName" : "LiaoA",
			"Description" : "",
			"FactionDefID" : "faction_LiaoA",
			"IsRealFaction" : false,
			"IsGreatHouse" : false,
			"IsClan" : false,
			"IsMercenary" : false,
			"IsPirate" : false,
			"DoesGainReputation" : false,
			"CanAlly" : false,
			"IsProceduralContractFaction" : false,
			"IsPossibleNeutralToAllFaction" : false,
			"IsPossibleHostileToAllFaction" : false,
			"IsPossibleAllyFallbackFaction" : false,
			"IsCareerScoringFaction" : false,
			"IsCareerIgnoredContractTarget" : false,
			"IsCareerStartingDisplayFaction" : false,
			"IsStoryStartingDisplayFaction" : false,
			"HasAIBehaviorVariableScope" : false
		},
		{
			"ID" : 605,
			"Name" : "DavionA2",
			"FriendlyName" : "DavionA2",
			"Description" : "",
			"FactionDefID" : "faction_DavionA2",
			"IsRealFaction" : false,
			"IsGreatHouse" : false,
			"IsClan" : false,
			"IsMercenary" : false,
			"IsPirate" : false,
			"DoesGainReputation" : false,
			"CanAlly" : false,
			"IsProceduralContractFaction" : false,
			"IsPossibleNeutralToAllFaction" : false,
			"IsPossibleHostileToAllFaction" : false,
			"IsPossibleAllyFallbackFaction" : false,
			"IsCareerScoringFaction" : false,
			"IsCareerIgnoredContractTarget" : false,
			"IsCareerStartingDisplayFaction" : false,
			"IsStoryStartingDisplayFaction" : false,
			"HasAIBehaviorVariableScope" : false
		},
		{
			"ID" : 606,
			"Name" : "KuritaA2",
			"FriendlyName" : "KuritaA2",
			"Description" : "",
			"FactionDefID" : "faction_KuritaA2",
			"IsRealFaction" : false,
			"IsGreatHouse" : false,
			"IsClan" : false,
			"IsMercenary" : false,
			"IsPirate" : false,
			"DoesGainReputation" : false,
			"CanAlly" : false,
			"IsProceduralContractFaction" : false,
			"IsPossibleNeutralToAllFaction" : false,
			"IsPossibleHostileToAllFaction" : false,
			"IsPossibleAllyFallbackFaction" : false,
			"IsCareerScoringFaction" : false,
			"IsCareerIgnoredContractTarget" : false,
			"IsCareerStartingDisplayFaction" : false,
			"IsStoryStartingDisplayFaction" : false,
			"HasAIBehaviorVariableScope" : false
		},
		{
			"ID" : 607,
			"Name" : "SteinerA2",
			"FriendlyName" : "SteinerA2",
			"Description" : "",
			"FactionDefID" : "faction_SteinerA2",
			"IsRealFaction" : false,
			"IsGreatHouse" : false,
			"IsClan" : false,
			"IsMercenary" : false,
			"IsPirate" : false,
			"DoesGainReputation" : false,
			"CanAlly" : false,
			"IsProceduralContractFaction" : false,
			"IsPossibleNeutralToAllFaction" : false,
			"IsPossibleHostileToAllFaction" : false,
			"IsPossibleAllyFallbackFaction" : false,
			"IsCareerScoringFaction" : false,
			"IsCareerIgnoredContractTarget" : false,
			"IsCareerStartingDisplayFaction" : false,
			"IsStoryStartingDisplayFaction" : false,
			"HasAIBehaviorVariableScope" : false
		},
		{
			"ID" : 608,
			"Name" : "MarikA2",
			"FriendlyName" : "MarikA2",
			"Description" : "",
			"FactionDefID" : "faction_MarikA2",
			"IsRealFaction" : false,
			"IsGreatHouse" : false,
			"IsClan" : false,
			"IsMercenary" : false,
			"IsPirate" : false,
			"DoesGainReputation" : false,
			"CanAlly" : false,
			"IsProceduralContractFaction" : false,
			"IsPossibleNeutralToAllFaction" : false,
			"IsPossibleHostileToAllFaction" : false,
			"IsPossibleAllyFallbackFaction" : false,
			"IsCareerScoringFaction" : false,
			"IsCareerIgnoredContractTarget" : false,
			"IsCareerStartingDisplayFaction" : false,
			"IsStoryStartingDisplayFaction" : false,
			"HasAIBehaviorVariableScope" : false
		},
		{
			"ID" : 609,
			"Name" : "LiaoA2",
			"FriendlyName" : "LiaoA2",
			"Description" : "",
			"FactionDefID" : "faction_LiaoA2",
			"IsRealFaction" : false,
			"IsGreatHouse" : false,
			"IsClan" : false,
			"IsMercenary" : false,
			"IsPirate" : false,
			"DoesGainReputation" : false,
			"CanAlly" : false,
			"IsProceduralContractFaction" : false,
			"IsPossibleNeutralToAllFaction" : false,
			"IsPossibleHostileToAllFaction" : false,
			"IsPossibleAllyFallbackFaction" : false,
			"IsCareerScoringFaction" : false,
			"IsCareerIgnoredContractTarget" : false,
			"IsCareerStartingDisplayFaction" : false,
			"IsStoryStartingDisplayFaction" : false,
			"HasAIBehaviorVariableScope" : false
		},
		{
			"ID" : 1000,
			"Name" : "Owner",
			"FriendlyName" : "Owner",
			"Description" : "",
			"FactionDefID" : "",
			"IsRealFaction" : false,
			"IsGreatHouse" : false,
			"IsClan" : false,
			"IsMercenary" : false,
			"IsPirate" : false,
			"DoesGainReputation" : false,
			"CanAlly" : false,
			"IsProceduralContractFaction" : false,
			"IsCareerScoringFaction" : false,
			"IsCareerIgnoredContractTarget" : false,
			"IsCareerStartingDisplayFaction" : false,
			"IsStoryStartingDisplayFaction" : false,
			"HasAIBehaviorVariableScope" : false
		}
	]
}