{
    "id" : "castDef_Focht",
    "internalName" : "Focht",
    "firstName" : "Anastasius",
    "lastName" : "Focht",
    "callsign" : "",
    "rank" : "Precentor Martial",
    "gender" : "Male",
    "factionID" : "ComStar",
    "sgCharType" : "UNSET",
    "showRank" : true,
    "showFirstName" : true,
    "showCallsign" : false,
    "showLastName" : true,
    "localizeName" : true,
    "defaultEmotePortrait" : {
        "emote" : "Default",
        "portraitAssetPath" : "../../Mods/fp_tukayyidRT/portraits/focht.png"
    },
    "emotePotraitList" : [
        
    ]
}
