{
    "Description" : {
        "Id" : "event_solarisSeasonStart",
        "Name" : "A start of the Solaris 7 season",
        "Details" : "A new season of Solaris 7 is about to begin. Each season consists of two parts: 
				\r\n1. Solaris League in which everyone fights against everyone in single battles
				\r\n2. Solaris Championship that includes top 128 pilots based on the League results
				\r\n\r\nQualification for the Championship requires you to reach sufficient level of Notoriety through league battles
				\r\n\r\nTo participate in a specific weight class, you will have to acquire a corresponding license.",
        "Icon" : "uixTxrSpot_DailyBriefing.png"
    },
    "Scope" : "Company",
    "Weight" : 100000,
    "Requirements" : {
        "Scope" : "Company",
        "RequirementTags" : {
            "tagSetSourceFile" : "",
            "items" : []
        },
        "ExclusionTags" : {
            "tagSetSourceFile" : "Tags/CompanyTags",
            "items" : [
                "company_solaris_BANNED",
		"company_solaris_recent",
		"company_solaris_championship",
		"company_solaris_DECLINED"
            ]
        },
        "RequirementComparisons" : []
    },
    "AdditionalRequirements" : [],
    "AdditionalObjects" : [],
    "Options" : [
        {
            "Description" : {
                "Id" : "outcome_0",
                "Name" : "Pass on the opportunity for now",
                "Details" : "non-participation",
                "Icon" : null
            },
            "RequirementList" : [],
            "ResultSets" : [
                {
                    "Description" : {
                        "Id" : "outcome_0_0",
                        "Name" : "Nothing happens, temp delay set",
                        "Details" : "We have more important things to do. Maybe next time.",
                        "Icon" : null
                    },
                    "Weight" : 100,
                    "Results" : [
                        {
                            "Scope" : "Company",
                            "Requirements" : null,
                            "AddedTags" : {
                                "tagSetSourceFile" : "Tags/CompanyTags",
                                "items" : [
                                   "company_solaris_DECLINED"
                                ]
                            },
                            "RemovedTags" : {
                                "tagSetSourceFile" : "",
                                "items" : [
				]
                            },
                            "Stats" : null,
                            "Actions" : null,
                            "ForceEvents" : null,
                            "TemporaryResult" : true,
                            "ResultDuration" : 120
                        },
			{
                            "Scope" : "Company",
                            "Requirements" : null,
                            "AddedTags" : {
                                "tagSetSourceFile" : "Tags/CompanyTags",
                                "items" : [
                                ]
                            },
                            "RemovedTags" : {
                                "tagSetSourceFile" : "",
                                "items" : [
				                "company_solaris_season_light",
						"company_solaris_season_medium",
						"company_solaris_season_heavy",
						"company_solaris_season_assault",
						"company_solaris_season_open"
				]
                            },
                            "Stats" : null,
                            "Actions" : null,
                            "ForceEvents" : null,
                            "TemporaryResult" : false,
                            "ResultDuration" : 0
                        }
                    ]
                }
            ],
            "Requirements" : {
                "Scope" : "Company",
                "RequirementTags" : {
                    "tagSetSourceFile" : "",
                    "items" : []
                },
                "ExclusionTags" : {
                    "tagSetSourceFile" : "",
                    "items" : []
                },
                "RequirementComparisons" : []
            }
        },
        {
            "Description" : {
                "Id" : "outcome_1",
                "Name" : "",
                "Details" : "Purchase one of the Solaris 7 Licenses",
                "Icon" : null
            },
            "RequirementList" : [
                {
                    "Scope" : "Company",
                    "RequirementTags" : {
                        "tagSetSourceFile" : "",
                        "items" : []
                    },
                    "ExclusionTags" : {
                        "tagSetSourceFile" : "",
                        "items" : []
                    },
                    "RequirementComparisons" : [
                    ]
                }
            ],
            "ResultSets" : [
                {
                    "Description" : {
                        "Id" : "outcome_1_0",
                        "Name" : "Light Class License",
                        "Details" : "Let's participate in the Solaris Season.",
                        "Icon" : null
                    },
                    "Weight" : 100,
                    "Results" : [
                        {
                            "Scope" : "Company",
                            "Requirements" : null,
                            "AddedTags" : {
                                "tagSetSourceFile" : "Tags/CompanyTags",
                                "items" : [
                                ]
                            },
                            "RemovedTags" : {
                                "tagSetSourceFile" : "",
                                "items" : [
						"company_solaris_season_light",
						"company_solaris_season_medium",
						"company_solaris_season_heavy",
						"company_solaris_season_assault",
						"company_solaris_season_open"
				]
                            },
                            "Stats" : [

                            ],
                            "Actions" : [
				{
                                    "Type": "System_StartConversation",
                                    "value": "9c40b0e429dae389d5b9fcc1",
                                    "additionalValues": [
                                        "Solaris Season Opening"
                                    ]
                                }
			    ],
                            "ForceEvents" : null,
                            "TemporaryResult" : false,
                            "ResultDuration" : 0
                        },
			 {
                            "Scope" : "Company",
                            "Requirements" : null,
                            "AddedTags" : {
                                "tagSetSourceFile" : "Tags/CompanyTags",
                                "items" : [
                                   "company_solaris_recent"
                                ]
                            },
                            "RemovedTags" : {
                                "tagSetSourceFile" : "",
                                "items" : [
				]
                            },
                            "Stats" : null,
                            "Actions" : null,
                            "ForceEvents" : null,
                            "TemporaryResult" : true,
                            "ResultDuration" : 120
                        }
                    ]
                }
            ],
            "Requirements" : {
                "Scope" : "Company",
                "RequirementTags" : {
                    "tagSetSourceFile" : "",
                    "items" : []
                },
                "ExclusionTags" : {
                    "tagSetSourceFile" : "",
                    "items" : []
                },
                "RequirementComparisons" : []
            }
        }
    ],
    "PublishState" : "PUBLISHED",
    "ValidationState" : "UNTESTED",
    "EventType" : "NORMAL"
}