{
    "id" : "castDef_Anouncer",
    "internalName" : "SolarisAnouncer",
    "firstName" : "Markus",
    "lastName" : "Wilhelm",
    "callsign" : "",
    "rank" : "Anouncer",
    "gender" : "Male",
    "factionID" : "Solaris7",
    "sgCharType" : "UNSET",
    "showRank" : true,
    "showFirstName" : false,
    "showCallsign" : false,
    "showLastName" : false,
    "localizeName" : true,
    "defaultEmotePortrait" : {
        "emote" : "Default",
        "portraitAssetPath" : "../../Mods/Solaris7BEX/portraits/anouncer.png"
    },
    "emotePotraitList" : [
        
    ]
}
