{
  "Description": {
    "Cost": 5694030,
    "Rarity": 3,
    "Purchasable": true,
    "Manufacturer": "",
    "Model": "",
    "UIName": "Wolfhound IIC",
    "ID": "chassisdef_wolfhound_iic",
    "Name": "Wolfhound IIC",
    "Details": "",
    "Icon": "uixTxrIcon_wolfhound"
  },
  "MovementCapDefID": "movedef_wolfhound-6",
  "PathingCapDefID": "pathingdef_light",
  "HardpointDataDefID": "hardpointdatadef_wolfhound",
  "PrefabIdentifier": "chrprfmech_wolfhoundbase-001",
  "PrefabBase": "wolfhound",
  "Tonnage": 35,
  "InitialTonnage": 12.5,
  "weightClass": "LIGHT",
  "BattleValue": 1579000,
  "MaxJumpjets": 0,
  "Stability": 100,
  "StabilityDefenses": [
    0,
    0,
    0,
    0,
    0,
    0
  ],
  "SpotterDistanceMultiplier": 1,
  "VisibilityMultiplier": 1,
  "SensorRangeMultiplier": 1,
  "Signature": 0,
  "Radius": 4,
  "PunchesWithLeftArm": true,
  "MeleeDamage": 35,
  "MeleeInstability": 35,
  "MeleeToHitModifier": 0,
  "DFADamage": 35,
  "DFAToHitModifier": 0,
  "DFASelfDamage": 35,
  "DFAInstability": 35,
  "Locations": [
    {
      "Location": "Head",
      "HardPoints": [],
      "Tonnage": 0,
      "InventorySlots": 1,
      "MaxArmor": 45,
      "MaxRearArmor": -1,
      "InternalStructure": 16
    },
    {
      "Location": "CenterTorso",
      "HardPoints": [
        {
          "WeaponMount": "Energy",
          "Omni": false
        },
        {
          "WeaponMount": "Energy",
          "Omni": false
        }
      ],
      "Tonnage": 0,
      "InventorySlots": 4,
      "MaxArmor": 110,
      "MaxRearArmor": 55,
      "InternalStructure": 55
    },
    {
      "Location": "RightTorso",
      "HardPoints": [
        {
          "WeaponMount": "Energy",
          "Omni": false
        }
      ],
      "Tonnage": 0,
      "InventorySlots": 10,
      "MaxArmor": 80,
      "MaxRearArmor": 40,
      "InternalStructure": 40
    },
    {
      "Location": "LeftTorso",
      "HardPoints": [
        {
          "WeaponMount": "Energy",
          "Omni": false
        }
      ],
      "Tonnage": 0,
      "InventorySlots": 10,
      "MaxArmor": 80,
      "MaxRearArmor": 40,
      "InternalStructure": 40
    },
    {
      "Location": "RightArm",
      "HardPoints": [
        {
          "WeaponMount": "Energy",
          "Omni": false
        }
      ],
      "Tonnage": 0,
      "InventorySlots": 8,
      "MaxArmor": 60,
      "MaxRearArmor": -1,
      "InternalStructure": 30
    },
    {
      "Location": "LeftArm",
      "HardPoints": [],
      "Tonnage": 0,
      "InventorySlots": 8,
      "MaxArmor": 60,
      "MaxRearArmor": -1,
      "InternalStructure": 30
    },
    {
      "Location": "RightLeg",
      "HardPoints": [],
      "Tonnage": 0,
      "InventorySlots": 4,
      "MaxArmor": 80,
      "MaxRearArmor": -1,
      "InternalStructure": 40
    },
    {
      "Location": "LeftLeg",
      "HardPoints": [],
      "Tonnage": 0,
      "InventorySlots": 4,
      "MaxArmor": 80,
      "MaxRearArmor": -1,
      "InternalStructure": 40
    }
  ],
  "LOSSourcePositions": [
    {
      "x": 0.0,
      "y": 9.5,
      "z": 9.5
    },
    {
      "x": -2.5,
      "y": 8.5,
      "z": 8.5
    },
    {
      "x": 2.5,
      "y": 8.5,
      "z": 8.5
    }
  ],
  "LOSTargetPositions": [
    {
      "x": 0.0,
      "y": 9.5,
      "z": 9.5
    },
    {
      "x": -2.5,
      "y": 8.5,
      "z": 8.5
    },
    {
      "x": 2.5,
      "y": 8.5,
      "z": 8.5
    },
    {
      "x": -1.5,
      "y": 3.0,
      "z": 3.0
    },
    {
      "x": 1.5,
      "y": 3.0,
      "z": 3.0
    }
  ],
  "VariantName": "WOL-\u0027GRINNER\u0027",
  "ChassisTags": {
    "items": [
      "chassis_ferro",
      "chassis_clan"
    ],
    "tagSetSourceFile": ""
  },
  "FixedEquipment": [
    {
      "MountedLocation": "LeftTorso",
      "ComponentDefID": "Gear_XL_Engine_Clan",
      "ComponentDefType": "HeatSink",
      "HardpointSlot": -1,
      "IsFixed": true,
      "DamageLevel": "Functional",
      "hasPrefabName": false
    },
    {
      "MountedLocation": "RightTorso",
      "ComponentDefID": "Gear_XL_Engine_Clan",
      "ComponentDefType": "HeatSink",
      "HardpointSlot": -1,
      "IsFixed": true,
      "DamageLevel": "Functional",
      "hasPrefabName": false
    },
    {
      "MountedLocation": "Head",
      "ComponentDefID": "Gear_Sensor_ECM_Clan",
      "ComponentDefType": "Upgrade",
      "HardpointSlot": -1,
      "IsFixed": true,
      "DamageLevel": "Functional",
      "hasPrefabName": false
    }
  ],
  "StockRole": "Striker",
  "YangsThoughts": ""
}