{
  "Description": {
    "Id": "starsystemdef_Solaris",
    "Name": "Solaris",
    "Details": "Solaris VII is known across the galaxy for its 'Mech fights. Gamblers place exorbitant amounts of money on longshot bets, and fortunes are won and lost daily. Solaris City, in particular, hosts six major arenas and numerous MechWarrior stables.",
    "Icon": ""
  },
  "Position": {
    "x": -122.316,
    "y": -7.025,
    "z": 0
  },
  "Tags": {
    "items": [
      "mod_generate_shops",
      "planet_name_solaris",
      "planet_size_medium",
      "planet_climate_terran",
      "planet_other_megaforest",
      "planet_other_storms",
      "planet_feature_moon01",
      "planet_other_moon",
      "planet_pop_medium",
      "planet_other_megacity",
      "planet_other_capital",
      "planet_civ_innersphere",
      "planet_industry_rich",
      "planet_industry_recreation",
      "planet_industry_aquaculture",
      "planet_industry_research",
      "planet_industry_manufacturing",
      "planet_other_comstar",
      "planet_other_starleague",
      "planet_other_hub",
      "planet_other_blackmarket",
      "planet_other_pirate",
      "planet_faction_solaris7",
      "planet_other_gamesworld",
	  "planet_other_hiringhub"
    ],
    "tagSetSourceFile": ""
  },
  "SupportedBiomes": [
        "lowlandsSpring",
        "lowlandsFall",
        "highlandsSpring",
        "highlandsFall",
        "desertParched",
        "badlandsParched",
        "polarFrozen",
        "tundraFrozen",
        "jungleTropical",
	"urbanHighTech",
	"desertParched"
  ],
  "MapRequiredTags": {
    "items": [],
    "tagSetSourceFile": ""
  },
  "MapExcludedTags": {
    "items": [],
    "tagSetSourceFile": ""
  },
  "FuelingStation": true,
  "JumpDistance": 5,
  "ownerID": "Solaris7",
  "ShopRefreshRate": 0,
  "ShopMaxInventory": 0,
  "ShopMaxSpecials": 9,
  "SystemInfluence": [
    {
      "factionID": "NoFaction",
      "Influence": 0
    },
    {
      "factionID": "Davion",
      "Influence": 0
    },
    {
      "factionID": "Liao",
      "Influence": 0
    },
    {
      "factionID": "Kurita",
      "Influence": 0
    },
    {
      "factionID": "Marik",
      "Influence": 0
    },
    {
      "factionID": "Steiner",
      "Influence": 0
    },
    {
      "factionID": "TaurianConcordat",
      "Influence": 0
    },
    {
      "factionID": "MagistracyOfCanopus",
      "Influence": 0
    },
    {
      "factionID": "AuriganDirectorate",
      "Influence": 0
    },
    {
      "factionID": "AuriganRestoration",
      "Influence": 0
    },
    {
      "factionID": "ComStar",
      "Influence": 0
    },
    {
      "factionID": "MercenaryReviewBoard",
      "Influence": 0
    },
    {
      "factionID": "AuriganPirates",
      "Influence": 0
    },
    {
      "factionID": "AuriganMercenaries",
      "Influence": 0
    }
  ],
  "TravelRequirements": [
    {
      "Scope": "Company",
      "RequirementTags": {
        "items": [
          "map_travel_3"
        ],
        "tagSetSourceFile": ""
      },
      "ExclusionTags": {
        "items": [],
        "tagSetSourceFile": ""
      },
      "RequirementComparisons": []
    }
  ],
  "StarPosition": null,
  "StarType": "K",
  "Depletable": false,
  "UseSystemRoninHiringChance": false,
  "RoninHiringChance": 0,
  "UseMaxContractOverride": true,
  "MaxContractOverride": 12,
  "SystemShopItems": [],
  "factionShopOwnerID": "INVALID_UNSET",
  "FactionShopItems": null,
  "BlackMarketShopItems": null,
  "CoreSystemID": "starsystemdef_Solaris",
  "StartingSystemModes": [
    "KAMEA_CAMPAIGN",
    "CAREER",
    "NONE"
  ],
  "DefaultDifficulty": 2,
  "DifficultyList": [],
  "DifficultyModes": [],
  "contractEmployerIDs": [
    "Solaris7"
  ],
  "contractTargetIDs": [
    "Locals",
    "Steiner",
    "Marik",
    "Kurita",
    "Davion",
    "Liao",
    "AuriganPirates"
  ]
}