{
    "StartingMilestoneID" : "ms_fp_fightingGhosts_001_Start",
    "Milestones" : [
        {
            "Description" : {
                "Id" : "ms_fp_fightingGhosts_001_Start",
                "Name" : "Start",
                "Details" : "flashpoint",
                "Icon" : null
            },
            "Scope" : "Company",
            "Requirements" : [],
            "Results" : [
                {
                    "Scope" : "Flashpoint",
                    "Requirements" : {
                        "Scope" : "Company",
                        "RequirementTags" : {
                            "items" : [],
                            "tagSetSourceFile" : ""
                        },
                        "ExclusionTags" : {
                            "items" : [],
                            "tagSetSourceFile" : ""
                        },
                        "RequirementComparisons" : []
                    },
                    "AddedTags" : {
                        "items" : [],
                        "tagSetSourceFile" : ""
                    },
                    "RemovedTags" : {
                        "items" : [],
                        "tagSetSourceFile" : ""
                    },
                    "Stats" : null,
                    "Actions" : null,
                    "ForceEvents" : null,
                    "TemporaryResult" : false,
                    "ResultDuration" : 0
                },
                {
                    "Scope" : "Company",
                    "Requirements" : {
                        "Scope" : "Company",
                        "RequirementTags" : {
                            "items" : [],
                            "tagSetSourceFile" : ""
                        },
                        "ExclusionTags" : {
                            "items" : [],
                            "tagSetSourceFile" : ""
                        },
                        "RequirementComparisons" : []
                    },
                    "AddedTags" : {
                        "items" : [],
                        "tagSetSourceFile" : ""
                    },
                    "RemovedTags" : {
                        "items" : [],
                        "tagSetSourceFile" : ""
                    },
                    "Stats" : null,
                    "Actions" : [
                        {
                            "Type" : "Flashpoint_SetNextMilestone",
                            "value" : "ms_fp_fightingGhosts_002_TalkChoice",
                            "valueConstant" : null,
                            "additionalValues" : null
                        }
                    ],
                    "ForceEvents" : null,
                    "TemporaryResult" : false,
                    "ResultDuration" : 0
                }
            ],
            "Repeatable" : false,
            "UseRandomInvocation" : false,
            "InvokeChance" : 0
        },
        {
            "Description" : {
                "Id" : "ms_fp_fightingGhosts_002_TalkChoice",
                "Name" : "Talk Choice",
                "Details" : "flashpoint",
                "Icon" : null
            },
            "Scope" : "Company",
            "Requirements" : [],
            "Results" : [
                {
                    "Scope" : "Company",
                    "Requirements" : {
                        "Scope" : "Company",
                        "RequirementTags" : {
                            "items" : [],
                            "tagSetSourceFile" : ""
                        },
                        "ExclusionTags" : {
                            "items" : [],
                            "tagSetSourceFile" : ""
                        },
                        "RequirementComparisons" : []
                    },
                    "AddedTags" : {
                        "items" : [],
                        "tagSetSourceFile" : ""
                    },
                    "RemovedTags" : {
                        "items" : [],
                        "tagSetSourceFile" : ""
                    },
                    "Stats" : null,
                    "Actions" : [
                        {
                            "Type" : "System_StartConversation",
                            "value" : "9caaf9ff484fe7d2823c5d7e",
                            "valueConstant" : null,
                            "additionalValues" : [
                                "{TGT_FLASHPOINT.Def.Description.Name}",
                                "High Orbit \u2014 {TGT_FLASHPOINT.CurSystem.Name}",
                                "Conference",
                                null
                            ]
                        },
                        {
                            "Type" : "Flashpoint_SetNextMilestone",
                            "value" : "ms_fp_fightingGhosts_003_Branch",
                            "valueConstant" : null,
                            "additionalValues" : null
                        }
                    ],
                    "ForceEvents" : null,
                    "TemporaryResult" : false,
                    "ResultDuration" : 0
                }
            ],
            "Repeatable" : false,
            "UseRandomInvocation" : false,
            "InvokeChance" : 0
        },
        {
            "Description" : {
                "Id" : "ms_fp_fightingGhosts_003_Branch",
                "Name" : "Branch",
                "Details" : "flashpoint",
                "Icon" : null
            },
            "Scope" : "Company",
            "Requirements" : [],
            "Results" : [
                {
                    "Scope" : "Company",
                    "Requirements" : {
                        "Scope" : "Company",
                        "RequirementTags" : {
                            "items" : [
                                "fp_fg_choice_1_agree"
                            ],
                            "tagSetSourceFile" : ""
                        },
                        "ExclusionTags" : {
                            "items" : [
                                "fp_fg_choice_1_BYOM"
                            ],
                            "tagSetSourceFile" : ""
                        },
                        "RequirementComparisons" : []
                    },
                    "AddedTags" : {
                        "items" : [],
                        "tagSetSourceFile" : ""
                    },
                    "RemovedTags" : {
                        "items" : [],
                        "tagSetSourceFile" : ""
                    },
                    "Stats" : null,
                    "Actions" : [
                        {
                            "Type" : "Flashpoint_SetNextMilestone",
                            "value" : "ms_fp_fightingGhosts_100_Mission1",
                            "valueConstant" : null,
                            "additionalValues" : null
                        }
                    ],
                    "ForceEvents" : null,
                    "TemporaryResult" : false,
                    "ResultDuration" : 0
                },
                {
                    "Scope" : "Company",
                    "Requirements" : {
                        "Scope" : "Company",
                        "RequirementTags" : {
                            "items" : [
                                "fp_fg_choice_1_cancel"
                            ],
                            "tagSetSourceFile" : ""
                        },
                        "ExclusionTags" : {
                            "items" : [],
                            "tagSetSourceFile" : ""
                        },
                        "RequirementComparisons" : []
                    },
                    "AddedTags" : {
                        "items" : [],
                        "tagSetSourceFile" : ""
                    },
                    "RemovedTags" : {
                        "items" : [],
                        "tagSetSourceFile" : ""
                    },
                    "Stats" : null,
                    "Actions" : [
                        {
                            "Type" : "Flashpoint_SetNextMilestone",
                            "value" : "ms_fp_fightingGhosts_400_Cancel-Complete",
                            "valueConstant" : null,
                            "additionalValues" : null
                        }
                    ],
                    "ForceEvents" : null,
                    "TemporaryResult" : false,
                    "ResultDuration" : 0
                }
            ],
            "Repeatable" : false,
            "UseRandomInvocation" : false,
            "InvokeChance" : 0
        },
        {
            "Description" : {
                "Id" : "ms_fp_fightingGhosts_100_Mission1",
                "Name" : "Mission1",
                "Details" : "flashpoint",
                "Icon" : null
            },
            "Scope" : "Company",
            "Requirements" : [],
            "Results" : [
                {
                    "Scope" : "Company",
                    "Requirements" : {
                        "Scope" : "Company",
                        "RequirementTags" : {
                            "items" : [],
                            "tagSetSourceFile" : ""
                        },
                        "ExclusionTags" : {
                            "items" : [],
                            "tagSetSourceFile" : ""
                        },
                        "RequirementComparisons" : []
                    },
                    "AddedTags" : {
                        "items" : [],
                        "tagSetSourceFile" : ""
                    },
                    "RemovedTags" : {
                        "items" : [],
                        "tagSetSourceFile" : ""
                    },
                    "Stats" : null,
                    "Actions" : [
                        {
                            "Type" : "Flashpoint_AddContract",
                            "value" : "mapGeneral_paupersCanyon_aWst",
                            "valueConstant" : null,
                            "additionalValues" : [
                                "",
                                "1e98726a-1b02-4bad-9d88-866d916aacb6",
                                "c_fp_fightingGhosts_1_defendBase",
                                "GrayDeathLegion",
                                "Kurita",
                                "7",
                                "ms_fp_fightingGhosts_101_Mission1_Objective_Branch",
                                null,
                                null,
                                "ms_fp_fightingGhosts_400_Cancel-Complete",
                                null,
                                null
                            ]
                        },
                        {
                            "Type" : "System_ForceDropshipRoom",
                            "value" : "Contract",
                            "valueConstant" : null,
                            "additionalValues" : [
                                "BaseFlashpoint"
                            ]
                        }
                    ],
                    "ForceEvents" : null,
                    "TemporaryResult" : false,
                    "ResultDuration" : 0
                }
            ],
            "Repeatable" : false,
            "UseRandomInvocation" : false,
            "InvokeChance" : 0
        },
        {
            "Description" : {
                "Id" : "ms_fp_fightingGhosts_101_Mission1_Objective_Branch",
                "Name" : "Mission1_Objective_Branch",
                "Details" : "Flashpoint",
                "Icon" : null
            },
            "Scope" : "Company",
            "Requirements" : [],
            "Results" : [
                {
                    "Scope" : "Company",
                    "Requirements" : {
                        "Scope" : "Company",
                        "RequirementTags" : {
                            "items" : [
                                "fp_fg_mission1_LLD"
                            ],
                            "tagSetSourceFile" : ""
                        },
                        "ExclusionTags" : {
                            "items" : [
                                "fp_fg_mission1_MLD"
                            ],
                            "tagSetSourceFile" : ""
                        },
                        "RequirementComparisons" : []
                    },
                    "AddedTags" : {
                        "items" : [],
                        "tagSetSourceFile" : ""
                    },
                    "RemovedTags" : {
                        "items" : [],
                        "tagSetSourceFile" : ""
                    },
                    "Stats" : null,
                    "Actions" : [
                        {
                            "Type" : "Flashpoint_SetNextMilestone",
                            "value" : "ms_fp_fightingGhosts_200_TalkCM",
                            "valueConstant" : null,
                            "additionalValues" : null
                        }
                    ],
                    "ForceEvents" : null,
                    "TemporaryResult" : false,
                    "ResultDuration" : 0
                },
                {
                    "Scope" : "Company",
                    "Requirements" : {
                        "Scope" : "Company",
                        "RequirementTags" : {
                            "items" : [],
                            "tagSetSourceFile" : ""
                        },
                        "ExclusionTags" : {
                            "items" : [
                                "fp_fg_mission1_LLD",
                                "fp_fg_mission1_MLD"
                            ],
                            "tagSetSourceFile" : ""
                        },
                        "RequirementComparisons" : []
                    },
                    "AddedTags" : {
                        "items" : [],
                        "tagSetSourceFile" : ""
                    },
                    "RemovedTags" : {
                        "items" : [],
                        "tagSetSourceFile" : ""
                    },
                    "Stats" : null,
                    "Actions" : [
                        {
                            "Type" : "Flashpoint_SetNextMilestone",
                            "value" : "ms_fp_fightingGhosts_1200_TalkCML",
                            "valueConstant" : null,
                            "additionalValues" : null
                        }
                    ],
                    "ForceEvents" : null,
                    "TemporaryResult" : false,
                    "ResultDuration" : 0
                },
                {
                    "Scope" : "Company",
                    "Requirements" : {
                        "Scope" : "Company",
                        "RequirementTags" : {
                            "items" : [
                                "fp_fg_mission1_MLD",
                                "fp_fg_mission1_LLD"
                            ],
                            "tagSetSourceFile" : ""
                        },
                        "ExclusionTags" : {
                            "items" : [],
                            "tagSetSourceFile" : ""
                        },
                        "RequirementComparisons" : []
                    },
                    "AddedTags" : {
                        "items" : [],
                        "tagSetSourceFile" : ""
                    },
                    "RemovedTags" : {
                        "items" : [],
                        "tagSetSourceFile" : ""
                    },
                    "Stats" : null,
                    "Actions" : [
                        {
                            "Type" : "Flashpoint_SetNextMilestone",
                            "value" : "ms_fp_fightingGhosts_1300_TalkC",
                            "valueConstant" : null,
                            "additionalValues" : null
                        }
                    ],
                    "ForceEvents" : null,
                    "TemporaryResult" : false,
                    "ResultDuration" : 0
                },
                {
                    "Scope" : "Company",
                    "Requirements" : {
                        "Scope" : "Company",
                        "RequirementTags" : {
                            "items" : [
                                "fp_fg_mission1_MLD"
                            ],
                            "tagSetSourceFile" : ""
                        },
                        "ExclusionTags" : {
                            "items" : [
                                "fp_fg_mission1_LLD",
                                "fp_fg_mission1_RLD"
                            ],
                            "tagSetSourceFile" : ""
                        },
                        "RequirementComparisons" : []
                    },
                    "AddedTags" : {
                        "items" : [],
                        "tagSetSourceFile" : ""
                    },
                    "RemovedTags" : {
                        "items" : [],
                        "tagSetSourceFile" : ""
                    },
                    "Stats" : null,
                    "Actions" : [
                        {
                            "Type" : "Flashpoint_SetNextMilestone",
                            "value" : "ms_fp_fightingGhosts_1400_TalkCL",
                            "valueConstant" : null,
                            "additionalValues" : null
                        }
                    ],
                    "ForceEvents" : null,
                    "TemporaryResult" : false,
                    "ResultDuration" : 0
                },
                {
                    "Scope" : "Company",
                    "Requirements" : {
                        "Scope" : "Company",
                        "RequirementTags" : {
                            "items" : [
                                "fp_fg_mission1_RLD"
                            ],
                            "tagSetSourceFile" : ""
                        },
                        "ExclusionTags" : {
                            "items" : [],
                            "tagSetSourceFile" : ""
                        },
                        "RequirementComparisons" : []
                    },
                    "AddedTags" : {
                        "items" : [],
                        "tagSetSourceFile" : ""
                    },
                    "RemovedTags" : {
                        "items" : [],
                        "tagSetSourceFile" : ""
                    },
                    "Stats" : null,
                    "Actions" : [
                        {
                            "Type" : "Flashpoint_SetNextMilestone",
                            "value" : "ms_fp_fightingGhosts_301_FinalTalk",
                            "valueConstant" : null,
                            "additionalValues" : null
                        }
                    ],
                    "ForceEvents" : null,
                    "TemporaryResult" : false,
                    "ResultDuration" : 0
                }
            ],
            "Repeatable" : false,
            "UseRandomInvocation" : false,
            "InvokeChance" : 0
        },
        {
            "Description" : {
                "Id" : "ms_fp_fightingGhosts_200_TalkCM",
                "Name" : "TalkCM",
                "Details" : "flashpoint",
                "Icon" : null
            },
            "Scope" : "Company",
            "Requirements" : [],
            "Results" : [
                {
                    "Scope" : "Company",
                    "Requirements" : {
                        "Scope" : "Company",
                        "RequirementTags" : {
                            "items" : [],
                            "tagSetSourceFile" : ""
                        },
                        "ExclusionTags" : {
                            "items" : [],
                            "tagSetSourceFile" : ""
                        },
                        "RequirementComparisons" : []
                    },
                    "AddedTags" : {
                        "items" : [],
                        "tagSetSourceFile" : ""
                    },
                    "RemovedTags" : {
                        "items" : [],
                        "tagSetSourceFile" : ""
                    },
                    "Stats" : null,
                    "Actions" : [
                        {
                            "Type" : "System_StartConversation",
                            "value" : "9cb9e452eb58302abeccf6b9",
                            "valueConstant" : null,
                            "additionalValues" : [
                                "{TGT_FLASHPOINT.Def.Description.Name} II",
                                "High Orbit \u2014 {TGT_FLASHPOINT.CurSystem.Name}",
                                null,
                                null
                            ]
                        },
                        {
                            "Type" : "Flashpoint_SetNextMilestone",
                            "value" : "ms_fp_fightingGhosts_201_Branch",
                            "valueConstant" : null,
                            "additionalValues" : null
                        }
                    ],
                    "ForceEvents" : null,
                    "TemporaryResult" : false,
                    "ResultDuration" : 0
                }
            ],
            "Repeatable" : false,
            "UseRandomInvocation" : false,
            "InvokeChance" : 0
        },
        {
            "Description" : {
                "Id" : "ms_fp_fightingGhosts_201_Branch",
                "Name" : "Branch",
                "Details" : "flashpoint",
                "Icon" : null
            },
            "Scope" : "Company",
            "Requirements" : [],
            "Results" : [
                {
                    "Scope" : "Company",
                    "Requirements" : {
                        "Scope" : "Company",
                        "RequirementTags" : {
                            "items" : [
                                "fp_fg_choice_2_agree",
                                "fp_fg_mission1_LLD"
                            ],
                            "tagSetSourceFile" : ""
                        },
                        "ExclusionTags" : {
                            "items" : [
                                "fp_fg_mission1_MLD",
                                "fp_fg_mission1_RLD"
                            ],
                            "tagSetSourceFile" : ""
                        },
                        "RequirementComparisons" : []
                    },
                    "AddedTags" : {
                        "items" : [],
                        "tagSetSourceFile" : ""
                    },
                    "RemovedTags" : {
                        "items" : [],
                        "tagSetSourceFile" : ""
                    },
                    "Stats" : null,
                    "Actions" : [
                        {
                            "Type" : "Flashpoint_SetNextMilestone",
                            "value" : "ms_fp_fightingGhosts_300_Mission2CM",
                            "valueConstant" : null,
                            "additionalValues" : null
                        }
                    ],
                    "ForceEvents" : null,
                    "TemporaryResult" : false,
                    "ResultDuration" : 0
                },
                {
                    "Scope" : "Company",
                    "Requirements" : {
                        "Scope" : "Company",
                        "RequirementTags" : {
                            "items" : [
                                "fp_fg_choice_1_cancel"
                            ],
                            "tagSetSourceFile" : ""
                        },
                        "ExclusionTags" : {
                            "items" : [],
                            "tagSetSourceFile" : ""
                        },
                        "RequirementComparisons" : []
                    },
                    "AddedTags" : {
                        "items" : [],
                        "tagSetSourceFile" : ""
                    },
                    "RemovedTags" : {
                        "items" : [],
                        "tagSetSourceFile" : ""
                    },
                    "Stats" : null,
                    "Actions" : [
                        {
                            "Type" : "Flashpoint_SetNextMilestone",
                            "value" : "ms_fp_fightingGhosts_400_Cancel-Complete",
                            "valueConstant" : null,
                            "additionalValues" : null
                        }
                    ],
                    "ForceEvents" : null,
                    "TemporaryResult" : false,
                    "ResultDuration" : 0
                },
                {
                    "Scope" : "Company",
                    "Requirements" : {
                        "Scope" : "Company",
                        "RequirementTags" : {
                            "items" : [
                                "fp_fg_choice_2_agree",
                                "fp_fg_mission1_MLD",
                                "fp_fg_mission1_LLD"
                            ],
                            "tagSetSourceFile" : ""
                        },
                        "ExclusionTags" : {
                            "items" : [
                                "fp_fg_mission1_RLD"
                            ],
                            "tagSetSourceFile" : ""
                        },
                        "RequirementComparisons" : []
                    },
                    "AddedTags" : {
                        "items" : [],
                        "tagSetSourceFile" : ""
                    },
                    "RemovedTags" : {
                        "items" : [],
                        "tagSetSourceFile" : ""
                    },
                    "Stats" : null,
                    "Actions" : [
                        {
                            "Type" : "Flashpoint_SetNextMilestone",
                            "value" : "ms_fp_fightingGhosts_500_Mission2C",
                            "valueConstant" : null,
                            "additionalValues" : null
                        }
                    ],
                    "ForceEvents" : null,
                    "TemporaryResult" : false,
                    "ResultDuration" : 0
                },
                {
                    "Scope" : "Company",
                    "Requirements" : {
                        "Scope" : "Company",
                        "RequirementTags" : {
                            "items" : [
                                "fp_fg_choice_2_agree",
                                "fp_fg_mission1_MLD"
                            ],
                            "tagSetSourceFile" : ""
                        },
                        "ExclusionTags" : {
                            "items" : [
                                "fp_fg_mission1_RLD",
                                "fp_fg_mission1_LLD"
                            ],
                            "tagSetSourceFile" : ""
                        },
                        "RequirementComparisons" : []
                    },
                    "AddedTags" : {
                        "items" : [],
                        "tagSetSourceFile" : ""
                    },
                    "RemovedTags" : {
                        "items" : [],
                        "tagSetSourceFile" : ""
                    },
                    "Stats" : null,
                    "Actions" : [
                        {
                            "Type" : "Flashpoint_SetNextMilestone",
                            "value" : "ms_fp_fightingGhosts_600_Mission2CL",
                            "valueConstant" : null,
                            "additionalValues" : null
                        }
                    ],
                    "ForceEvents" : null,
                    "TemporaryResult" : false,
                    "ResultDuration" : 0
                },
                {
                    "Scope" : "Company",
                    "Requirements" : {
                        "Scope" : "Company",
                        "RequirementTags" : {
                            "items" : [
                                "fp_fg_choice_2_agree"
                            ],
                            "tagSetSourceFile" : ""
                        },
                        "ExclusionTags" : {
                            "items" : [
                                "fp_fg_mission1_LLD",
                                "fp_fg_mission1_MLD",
                                "fp_fg_mission1_RLD"
                            ],
                            "tagSetSourceFile" : ""
                        },
                        "RequirementComparisons" : []
                    },
                    "AddedTags" : {
                        "items" : [],
                        "tagSetSourceFile" : ""
                    },
                    "RemovedTags" : {
                        "items" : [],
                        "tagSetSourceFile" : ""
                    },
                    "Stats" : null,
                    "Actions" : [
                        {
                            "Type" : "Flashpoint_SetNextMilestone",
                            "value" : "ms_fp_fightingGhosts_700_Mission2ML",
                            "valueConstant" : null,
                            "additionalValues" : null
                        }
                    ],
                    "ForceEvents" : null,
                    "TemporaryResult" : false,
                    "ResultDuration" : 0
                }
            ],
            "Repeatable" : false,
            "UseRandomInvocation" : false,
            "InvokeChance" : 0
        },
        {
            "Description" : {
                "Id" : "ms_fp_fightingGhosts_300_Mission2CM",
                "Name" : "Mission2CM",
                "Details" : "flashpoint",
                "Icon" : null
            },
            "Scope" : "Company",
            "Requirements" : [],
            "Results" : [
                {
                    "Scope" : "Company",
                    "Requirements" : {
                        "Scope" : "Company",
                        "RequirementTags" : {
                            "items" : [],
                            "tagSetSourceFile" : ""
                        },
                        "ExclusionTags" : {
                            "items" : [],
                            "tagSetSourceFile" : ""
                        },
                        "RequirementComparisons" : []
                    },
                    "AddedTags" : {
                        "items" : [],
                        "tagSetSourceFile" : ""
                    },
                    "RemovedTags" : {
                        "items" : [],
                        "tagSetSourceFile" : ""
                    },
                    "Stats" : null,
                    "Actions" : [
                        {
                            "Type" : "Flashpoint_AddContract",
                            "value" : "mapGeneral_Interchange_aDes",
                            "valueConstant" : null,
                            "additionalValues" : [
                                "",
                                "fbc713b4-b147-4f8f-ba70-200f9f6073bc",
                                "c_fp_fightingGhosts_2_seekAndDestroyCM",
                                "GrayDeathLegion",
                                "Kurita",
                                "8",
                                "ms_fp_fightingGhosts_301_FinalTalk",
                                null,
                                null,
                                "ms_fp_fightingGhosts_400_Cancel-Complete",
                                null,
                                null
                            ]
                        },
                        {
                            "Type" : "System_ForceDropshipRoom",
                            "value" : "Contract",
                            "valueConstant" : null,
                            "additionalValues" : [
                                "BaseFlashpoint"
                            ]
                        }
                    ],
                    "ForceEvents" : null,
                    "TemporaryResult" : false,
                    "ResultDuration" : 0
                }
            ],
            "Repeatable" : false,
            "UseRandomInvocation" : false,
            "InvokeChance" : 0
        },
        {
            "Description" : {
                "Id" : "ms_fp_fightingGhosts_301_FinalTalk",
                "Name" : "FinalTalk",
                "Details" : "flashpoint",
                "Icon" : null
            },
            "Scope" : "Company",
            "Requirements" : [],
            "Results" : [
                {
                    "Scope" : "Company",
                    "Requirements" : {
                        "Scope" : "Company",
                        "RequirementTags" : {
                            "items" : [],
                            "tagSetSourceFile" : ""
                        },
                        "ExclusionTags" : {
                            "items" : [],
                            "tagSetSourceFile" : ""
                        },
                        "RequirementComparisons" : []
                    },
                    "AddedTags" : {
                        "items" : [],
                        "tagSetSourceFile" : ""
                    },
                    "RemovedTags" : {
                        "items" : [],
                        "tagSetSourceFile" : ""
                    },
                    "Stats" : null,
                    "Actions" : [
                        {
                            "Type" : "System_StartConversation",
                            "value" : "9ce541dfe3b11346c4e6077c",
                            "valueConstant" : null,
                            "additionalValues" : [
                                "{TGT_FLASHPOINT.Def.Description.Name} III",
                                "High Orbit \u2014 {TGT_FLASHPOINT.CurSystem.Name}",
                                "Conference",
                                null
                            ]
                        },
                        {
                            "Type" : "Flashpoint_SetNextMilestone",
                            "value" : "ms_fp_fightingGhosts_302_Complete",
                            "valueConstant" : null,
                            "additionalValues" : null
                        }
                    ],
                    "ForceEvents" : null,
                    "TemporaryResult" : false,
                    "ResultDuration" : 0
                }
            ],
            "Repeatable" : false,
            "UseRandomInvocation" : false,
            "InvokeChance" : 0
        },
        {
            "Description" : {
                "Id" : "ms_fp_fightingGhosts_302_Complete",
                "Name" : "Complete",
                "Details" : "flashpoint",
                "Icon" : null
            },
            "Scope" : "Company",
            "Requirements" : [],
            "Results" : [
                {
                    "Scope" : "Company",
                    "Requirements" : {
                        "Scope" : "Company",
                        "RequirementTags" : {
                            "items" : [],
                            "tagSetSourceFile" : ""
                        },
                        "ExclusionTags" : {
                            "items" : [],
                            "tagSetSourceFile" : ""
                        },
                        "RequirementComparisons" : []
                    },
                    "AddedTags" : {
                        "items" : [
                            "fp_finished_fightingGhosts"
                        ],
                        "tagSetSourceFile" : ""
                    },
                    "RemovedTags" : {
                        "items" : [
                            "fp_fg_mission1_LLD",
                            "fp_fg_mission1_MLD",
                            "fp_fg_mission1_RLD",
                            "fp_fg_choice_1_cancel",
                            "fp_fg_choice_1_agree",
                            "fp_fg_choice_2_agree"
                        ],
                        "tagSetSourceFile" : ""
                    },
                    "Stats" : null,
                    "Actions" : [
                        {
                            "Type" : "Flashpoint_CompleteFlashpoint",
                            "value" : "ms_fp_fightingGhosts_303_Reward",
                            "valueConstant" : null,
                            "additionalValues" : null
                        }
                    ],
                    "ForceEvents" : null,
                    "TemporaryResult" : false,
                    "ResultDuration" : 0
                }
            ],
            "Repeatable" : false,
            "UseRandomInvocation" : false,
            "InvokeChance" : 0
        },
        {
            "Description" : {
                "Id" : "ms_fp_fightingGhosts_303_Reward",
                "Name" : "Reward",
                "Details" : "Extra rewards, including Reputation and bonus C-Bills go here",
                "Icon" : null
            },
            "Scope" : "Company",
            "Requirements" : [],
            "Results" : [
                {
                    "Scope" : "Company",
                    "Requirements" : {
                        "Scope" : "Company",
                        "RequirementTags" : {
                            "items" : [],
                            "tagSetSourceFile" : ""
                        },
                        "ExclusionTags" : {
                            "items" : [],
                            "tagSetSourceFile" : ""
                        },
                        "RequirementComparisons" : []
                    },
                    "AddedTags" : {
                        "items" : [],
                        "tagSetSourceFile" : ""
                    },
                    "RemovedTags" : {
                        "items" : [],
                        "tagSetSourceFile" : ""
                    },
                    "Stats" : [
                        {
                            "typeString" : "System.Int32",
                            "name" : "Funds",
                            "value" : "1000000",
                            "set" : false,
                            "valueConstant" : null
                        },
                        {
                            "typeString" : "System.Int32",
                            "name" : "Reputation.MercenaryReviewBoard",
                            "value" : "10",
                            "set" : false,
                            "valueConstant" : null
                        }
                    ],
                    "Actions" : [
                        {
                            "Type" : "System_ForceDropshipRoom",
                            "value" : "Argo",
                            "valueConstant" : null,
                            "additionalValues" : [
                                null
                            ]
                        }
                    ],
                    "ForceEvents" : null,
                    "TemporaryResult" : false,
                    "ResultDuration" : 0
                }
            ],
            "Repeatable" : false,
            "UseRandomInvocation" : false,
            "InvokeChance" : 0
        },
        {
            "Description" : {
                "Id" : "ms_fp_fightingGhosts_400_Cancel-Complete",
                "Name" : "Cancel-Complete",
                "Details" : "flashpoint",
                "Icon" : null
            },
            "Scope" : "Company",
            "Requirements" : [],
            "Results" : [
                {
                    "Scope" : "Company",
                    "Requirements" : {
                        "Scope" : "Company",
                        "RequirementTags" : {
                            "items" : [],
                            "tagSetSourceFile" : ""
                        },
                        "ExclusionTags" : {
                            "items" : [],
                            "tagSetSourceFile" : ""
                        },
                        "RequirementComparisons" : []
                    },
                    "AddedTags" : {
                        "items" : [],
                        "tagSetSourceFile" : ""
                    },
                    "RemovedTags" : {
                        "items" : [
                            "fp_fg_mission1_LLD",
                            "fp_fg_mission1_MLD",
                            "fp_fg_mission1_RLD",
                            "fp_fg_choice_1_cancel",
                            "fp_fg_choice_1_agree",
                            "fp_fg_choice_2_agree"
                        ],
                        "tagSetSourceFile" : ""
                    },
                    "Stats" : null,
                    "Actions" : [
                        {
                            "Type" : "System_ForceDropshipRoom",
                            "value" : "Ship",
                            "valueConstant" : null,
                            "additionalValues" : [
                                null
                            ]
                        },
                        {
                            "Type" : "Flashpoint_FailFlashpoint",
                            "value" : "0",
                            "valueConstant" : null,
                            "additionalValues" : null
                        },
                        {
                            "Type" : "Flashpoint_CompleteFlashpoint",
                            "value" : null,
                            "valueConstant" : null,
                            "additionalValues" : [
                                null,
                                null
                            ]
                        }
                    ],
                    "ForceEvents" : null,
                    "TemporaryResult" : false,
                    "ResultDuration" : 0
                }
            ],
            "Repeatable" : false,
            "UseRandomInvocation" : false,
            "InvokeChance" : 0
        },
        {
            "Description" : {
                "Id" : "ms_fp_fightingGhosts_500_Mission2C",
                "Name" : "Mission2C",
                "Details" : "flashpoint",
                "Icon" : null
            },
            "Scope" : "Company",
            "Requirements" : [],
            "Results" : [
                {
                    "Scope" : "Company",
                    "Requirements" : {
                        "Scope" : "Company",
                        "RequirementTags" : {
                            "items" : [],
                            "tagSetSourceFile" : ""
                        },
                        "ExclusionTags" : {
                            "items" : [],
                            "tagSetSourceFile" : ""
                        },
                        "RequirementComparisons" : []
                    },
                    "AddedTags" : {
                        "items" : [],
                        "tagSetSourceFile" : ""
                    },
                    "RemovedTags" : {
                        "items" : [],
                        "tagSetSourceFile" : ""
                    },
                    "Stats" : null,
                    "Actions" : [
                        {
                            "Type" : "Flashpoint_AddContract",
                            "value" : "mapGeneral_Interchange_aDes",
                            "valueConstant" : null,
                            "additionalValues" : [
                                "",
                                "fbc713b4-b147-4f8f-ba70-200f9f6073bc",
                                "c_fp_fightingGhosts_2_seekAndDestroyC",
                                "GrayDeathLegion",
                                "Kurita",
                                "6",
                                "ms_fp_fightingGhosts_301_FinalTalk",
                                null,
                                null,
                                "ms_fp_fightingGhosts_400_Cancel-Complete",
                                null,
                                null
                            ]
                        },
                        {
                            "Type" : "System_ForceDropshipRoom",
                            "value" : "Contract",
                            "valueConstant" : null,
                            "additionalValues" : [
                                "BaseFlashpoint"
                            ]
                        }
                    ],
                    "ForceEvents" : null,
                    "TemporaryResult" : false,
                    "ResultDuration" : 0
                }
            ],
            "Repeatable" : false,
            "UseRandomInvocation" : false,
            "InvokeChance" : 0
        },
        {
            "Description" : {
                "Id" : "ms_fp_fightingGhosts_600_Mission2CL",
                "Name" : "Mission2CL",
                "Details" : "flashpoint",
                "Icon" : null
            },
            "Scope" : "Company",
            "Requirements" : [],
            "Results" : [
                {
                    "Scope" : "Company",
                    "Requirements" : {
                        "Scope" : "Company",
                        "RequirementTags" : {
                            "items" : [],
                            "tagSetSourceFile" : ""
                        },
                        "ExclusionTags" : {
                            "items" : [],
                            "tagSetSourceFile" : ""
                        },
                        "RequirementComparisons" : []
                    },
                    "AddedTags" : {
                        "items" : [],
                        "tagSetSourceFile" : ""
                    },
                    "RemovedTags" : {
                        "items" : [],
                        "tagSetSourceFile" : ""
                    },
                    "Stats" : null,
                    "Actions" : [
                        {
                            "Type" : "Flashpoint_AddContract",
                            "value" : "mapGeneral_Interchange_aDes",
                            "valueConstant" : null,
                            "additionalValues" : [
                                "",
                                "fbc713b4-b147-4f8f-ba70-200f9f6073bc",
                                "c_fp_fightingGhosts_2_seekAndDestroyCL",
                                "GrayDeathLegion",
                                "Kurita",
                                "7",
                                "ms_fp_fightingGhosts_301_FinalTalk",
                                null,
                                null,
                                "ms_fp_fightingGhosts_400_Cancel-Complete",
                                null,
                                null
                            ]
                        },
                        {
                            "Type" : "System_ForceDropshipRoom",
                            "value" : "Contract",
                            "valueConstant" : null,
                            "additionalValues" : [
                                "BaseFlashpoint"
                            ]
                        }
                    ],
                    "ForceEvents" : null,
                    "TemporaryResult" : false,
                    "ResultDuration" : 0
                }
            ],
            "Repeatable" : false,
            "UseRandomInvocation" : false,
            "InvokeChance" : 0
        },
        {
            "Description" : {
                "Id" : "ms_fp_fightingGhosts_700_Mission2ML",
                "Name" : "Mission2ML",
                "Details" : "flashpoint",
                "Icon" : null
            },
            "Scope" : "Company",
            "Requirements" : [],
            "Results" : [
                {
                    "Scope" : "Company",
                    "Requirements" : {
                        "Scope" : "Company",
                        "RequirementTags" : {
                            "items" : [],
                            "tagSetSourceFile" : ""
                        },
                        "ExclusionTags" : {
                            "items" : [],
                            "tagSetSourceFile" : ""
                        },
                        "RequirementComparisons" : []
                    },
                    "AddedTags" : {
                        "items" : [],
                        "tagSetSourceFile" : ""
                    },
                    "RemovedTags" : {
                        "items" : [],
                        "tagSetSourceFile" : ""
                    },
                    "Stats" : null,
                    "Actions" : [
                        {
                            "Type" : "Flashpoint_AddContract",
                            "value" : "mapGeneral_Interchange_aDes",
                            "valueConstant" : null,
                            "additionalValues" : [
                                null,
                                "6e7a814e-e7d7-484a-be86-f6baac24ddb0",
                                "c_fp_fightingGhosts_2_seekAndDestroyML",
                                "GrayDeathLegion",
                                "Kurita",
                                "7",
                                "ms_fp_fightingGhosts_701_Branch3",
                                null,
                                null,
                                "ms_fp_fightingGhosts_400_Cancel-Complete",
                                null,
                                null
                            ]
                        },
                        {
                            "Type" : "System_ForceDropshipRoom",
                            "value" : "Contract",
                            "valueConstant" : null,
                            "additionalValues" : [
                                null
                            ]
                        }
                    ],
                    "ForceEvents" : null,
                    "TemporaryResult" : false,
                    "ResultDuration" : 0
                }
            ],
            "Repeatable" : false,
            "UseRandomInvocation" : false,
            "InvokeChance" : 0
        },
        {
            "Description" : {
                "Id" : "ms_fp_fightingGhosts_701_Branch3",
                "Name" : "Branch3",
                "Details" : "flashpoint",
                "Icon" : null
            },
            "Scope" : "Company",
            "Requirements" : [],
            "Results" : [
                {
                    "Scope" : "Company",
                    "Requirements" : {
                        "Scope" : "Company",
                        "RequirementTags" : {
                            "items" : [
                                "fp_fg_mission2_LLD"
                            ],
                            "tagSetSourceFile" : ""
                        },
                        "ExclusionTags" : {
                            "items" : [],
                            "tagSetSourceFile" : ""
                        },
                        "RequirementComparisons" : []
                    },
                    "AddedTags" : {
                        "items" : [],
                        "tagSetSourceFile" : ""
                    },
                    "RemovedTags" : {
                        "items" : [],
                        "tagSetSourceFile" : ""
                    },
                    "Stats" : null,
                    "Actions" : [
                        {
                            "Type" : "Flashpoint_SetNextMilestone",
                            "value" : "ms_fp_fightingGhosts_500_Mission2C",
                            "valueConstant" : null,
                            "additionalValues" : null
                        }
                    ],
                    "ForceEvents" : null,
                    "TemporaryResult" : false,
                    "ResultDuration" : 0
                },
                {
                    "Scope" : "Company",
                    "Requirements" : {
                        "Scope" : "Company",
                        "RequirementTags" : {
                            "items" : [],
                            "tagSetSourceFile" : ""
                        },
                        "ExclusionTags" : {
                            "items" : [
                                "fp_fg_mission2_LLD"
                            ],
                            "tagSetSourceFile" : ""
                        },
                        "RequirementComparisons" : []
                    },
                    "AddedTags" : {
                        "items" : [],
                        "tagSetSourceFile" : ""
                    },
                    "RemovedTags" : {
                        "items" : [],
                        "tagSetSourceFile" : ""
                    },
                    "Stats" : null,
                    "Actions" : [
                        {
                            "Type" : "Flashpoint_SetNextMilestone",
                            "value" : "ms_fp_fightingGhosts_600_Mission2CL",
                            "valueConstant" : null,
                            "additionalValues" : null
                        }
                    ],
                    "ForceEvents" : null,
                    "TemporaryResult" : false,
                    "ResultDuration" : 0
                }
            ],
            "Repeatable" : false,
            "UseRandomInvocation" : false,
            "InvokeChance" : 0
        },
        {
            "Description" : {
                "Id" : "ms_fp_fightingGhosts_1200_TalkCML",
                "Name" : "TalkCML",
                "Details" : "flashpoint",
                "Icon" : null
            },
            "Scope" : "Company",
            "Requirements" : [],
            "Results" : [
                {
                    "Scope" : "Company",
                    "Requirements" : {
                        "Scope" : "Company",
                        "RequirementTags" : {
                            "items" : [],
                            "tagSetSourceFile" : ""
                        },
                        "ExclusionTags" : {
                            "items" : [],
                            "tagSetSourceFile" : ""
                        },
                        "RequirementComparisons" : []
                    },
                    "AddedTags" : {
                        "items" : [],
                        "tagSetSourceFile" : ""
                    },
                    "RemovedTags" : {
                        "items" : [],
                        "tagSetSourceFile" : ""
                    },
                    "Stats" : null,
                    "Actions" : [
                        {
                            "Type" : "System_StartConversation",
                            "value" : "9c4f58090c862547a3f5dc46",
                            "valueConstant" : null,
                            "additionalValues" : [
                                "{TGT_FLASHPOINT.Def.Description.Name} II",
                                "High Orbit \u2014 {TGT_FLASHPOINT.CurSystem.Name}",
                                null,
                                null
                            ]
                        },
                        {
                            "Type" : "Flashpoint_SetNextMilestone",
                            "value" : "ms_fp_fightingGhosts_201_Branch",
                            "valueConstant" : null,
                            "additionalValues" : null
                        }
                    ],
                    "ForceEvents" : null,
                    "TemporaryResult" : false,
                    "ResultDuration" : 0
                }
            ],
            "Repeatable" : false,
            "UseRandomInvocation" : false,
            "InvokeChance" : 0
        },
        {
            "Description" : {
                "Id" : "ms_fp_fightingGhosts_1300_TalkC",
                "Name" : "TalkC",
                "Details" : "flashpoint",
                "Icon" : null
            },
            "Scope" : "Company",
            "Requirements" : [],
            "Results" : [
                {
                    "Scope" : "Company",
                    "Requirements" : {
                        "Scope" : "Company",
                        "RequirementTags" : {
                            "items" : [],
                            "tagSetSourceFile" : ""
                        },
                        "ExclusionTags" : {
                            "items" : [],
                            "tagSetSourceFile" : ""
                        },
                        "RequirementComparisons" : []
                    },
                    "AddedTags" : {
                        "items" : [],
                        "tagSetSourceFile" : ""
                    },
                    "RemovedTags" : {
                        "items" : [],
                        "tagSetSourceFile" : ""
                    },
                    "Stats" : null,
                    "Actions" : [
                        {
                            "Type" : "System_StartConversation",
                            "value" : "9c365b9cc01fc662eaf79c3f",
                            "valueConstant" : null,
                            "additionalValues" : [
                                "{TGT_FLASHPOINT.Def.Description.Name} II",
                                "High Orbit \u2014 {TGT_FLASHPOINT.CurSystem.Name}",
                                null,
                                null
                            ]
                        },
                        {
                            "Type" : "Flashpoint_SetNextMilestone",
                            "value" : "ms_fp_fightingGhosts_201_Branch",
                            "valueConstant" : null,
                            "additionalValues" : null
                        }
                    ],
                    "ForceEvents" : null,
                    "TemporaryResult" : false,
                    "ResultDuration" : 0
                }
            ],
            "Repeatable" : false,
            "UseRandomInvocation" : false,
            "InvokeChance" : 0
        },
        {
            "Description" : {
                "Id" : "ms_fp_fightingGhosts_1400_TalkCL",
                "Name" : "TalkCL",
                "Details" : "flashpoint",
                "Icon" : null
            },
            "Scope" : "Company",
            "Requirements" : [],
            "Results" : [
                {
                    "Scope" : "Company",
                    "Requirements" : {
                        "Scope" : "Flashpoint",
                        "RequirementTags" : {
                            "items" : [],
                            "tagSetSourceFile" : ""
                        },
                        "ExclusionTags" : {
                            "items" : [],
                            "tagSetSourceFile" : ""
                        },
                        "RequirementComparisons" : []
                    },
                    "AddedTags" : {
                        "items" : [],
                        "tagSetSourceFile" : ""
                    },
                    "RemovedTags" : {
                        "items" : [],
                        "tagSetSourceFile" : ""
                    },
                    "Stats" : null,
                    "Actions" : [
                        {
                            "Type" : "System_StartConversation",
                            "value" : "9cf91e2234973f0a3c50db45",
                            "valueConstant" : null,
                            "additionalValues" : [
                                "{TGT_FLASHPOINT.Def.Description.Name} II",
                                "High Orbit \u2014 {TGT_FLASHPOINT.CurSystem.Name}",
                                null,
                                null
                            ]
                        },
                        {
                            "Type" : "Flashpoint_SetNextMilestone",
                            "value" : "ms_fp_fightingGhosts_201_Branch",
                            "valueConstant" : null,
                            "additionalValues" : null
                        }
                    ],
                    "ForceEvents" : null,
                    "TemporaryResult" : false,
                    "ResultDuration" : 0
                }
            ],
            "Repeatable" : false,
            "UseRandomInvocation" : false,
            "InvokeChance" : 0
        }
    ]
}