{
    "Description": {
        "Cost": 4200000,
        "Rarity": 2,
        "Purchasable": true,
        "Manufacturer": "",
        "Model": "",
        "UIName": "GDL Centurion",
        "Id": "chassisdef_centurion_GDL_CN9-A",
        "Name": "Centurion",
        "Details": "A sturdy and reliable 'Mech, the Centurion is good at both taking and giving a beating. CN9-A models are able to engage at any range, but their damage curve increases as they approach a target.",
        "Icon": "uixTxrIcon_centurion"
    },
    "MovementCapDefID": "movedef_centurion_CN9-A",
    "PathingCapDefID": "pathingdef_medium",
    "HardpointDataDefID": "hardpointdatadef_centurion",
    "PrefabIdentifier": "chrPrfMech_centurionBase-001",
    "PrefabBase": "centurion",
    "Tonnage": 50,
    "InitialTonnage": 18.5,
    "weightClass": "MEDIUM",
    "BattleValue": 4124000,
    "Heatsinks": 0,
    "TopSpeed": 65,
    "TurnRadius": 90,
    "MaxJumpjets": 4,
    "Stability": 130,
    "StabilityDefenses": [
        0,
        0,
        0,
        0,
        0,
        0
    ],
    "SpotterDistanceMultiplier": 1,
    "VisibilityMultiplier": 1,
    "SensorRangeMultiplier": 1,
    "Signature": 0,
    "Radius": 5,
    "PunchesWithLeftArm": true,
    "MeleeDamage": 70,
    "MeleeInstability": 50,
    "MeleeToHitModifier": 0,
    "DFADamage": 65,
    "DFAToHitModifier": 0,
    "DFASelfDamage": 65,
    "DFAInstability": 65,
    "Locations": [
        {
            "Location": "Head",
            "Hardpoints": [],
            "Tonnage": 0,
            "InventorySlots": 1,
            "MaxArmor": 45,
            "MaxRearArmor": -1,
            "InternalStructure": 16
        },
        {
            "Location": "LeftArm",
            "Hardpoints": [],
            "Tonnage": 0,
            "InventorySlots": 8,
            "MaxArmor": 80,
            "MaxRearArmor": -1,
            "InternalStructure": 40
        },
        {
            "Location": "LeftTorso",
            "Hardpoints": [
                {
                    "WeaponMount": "Missile",
                    "Omni": false
                },
                {
                    "WeaponMount": "Missile",
                    "Omni": false
                },
                {
                    "WeaponMount": "Missile",
                    "Omni": false
                }
            ],
            "Tonnage": 0,
            "InventorySlots": 10,
            "MaxArmor": 120,
            "MaxRearArmor": 60,
            "InternalStructure": 60
        },
        {
            "Location": "CenterTorso",
            "Hardpoints": [
                {
                    "WeaponMount": "Energy",
                    "Omni": false
                },
                {
                    "WeaponMount": "Energy",
                    "Omni": false
                }
            ],
            "Tonnage": 0,
            "InventorySlots": 4,
            "MaxArmor": 160,
            "MaxRearArmor": 80,
            "InternalStructure": 80
        },
        {
            "Location": "RightTorso",
            "Hardpoints": [],
            "Tonnage": 0,
            "InventorySlots": 10,
            "MaxArmor": 120,
            "MaxRearArmor": 60,
            "InternalStructure": 60
        },
        {
            "Location": "RightArm",
            "Hardpoints": [
                {
                    "WeaponMount": "Ballistic",
                    "Omni": false
                },
                {
                    "WeaponMount": "AntiPersonnel",
                    "Omni": false
                }
            ],
            "Tonnage": 0,
            "InventorySlots": 8,
            "MaxArmor": 80,
            "MaxRearArmor": -1,
            "InternalStructure": 40
        },
        {
            "Location": "LeftLeg",
            "Hardpoints": [],
            "Tonnage": 0,
            "InventorySlots": 4,
            "MaxArmor": 120,
            "MaxRearArmor": -1,
            "InternalStructure": 60
        },
        {
            "Location": "RightLeg",
            "Hardpoints": [],
            "Tonnage": 0,
            "InventorySlots": 4,
            "MaxArmor": 120,
            "MaxRearArmor": -1,
            "InternalStructure": 60
        }
    ],
    "LOSSourcePositions": [
        {
            "x": 0,
            "y": 14,
            "z": 1
        },
        {
            "x": 4,
            "y": 13,
            "z": 0
        },
        {
            "x": -4,
            "y": 13,
            "z": 0
        }
    ],
    "LOSTargetPositions": [
        {
            "x": 0,
            "y": 14,
            "z": 1
        },
        {
            "x": 4,
            "y": 13,
            "z": 0
        },
        {
            "x": -4,
            "y": 13,
            "z": 0
        },
        {
            "x": 3,
            "y": 5,
            "z": 2
        },
        {
            "x": -3,
            "y": 5,
            "z": 2
        }
    ],
    "VariantName": "GDL CN9-A",
    "ChassisTags": {
        "items": [],
        "tagSetSourceFile": ""
    },
    "StockRole": "Brawler & General Assault",
    "YangsThoughts": "A sturdy and reliable 'Mech, the Centurion is good at both taking and giving a beating. CN9-A models are able to engage at any range, but their damage curve increases as they approach a target."
}