{
    "Description" : {
        "Id" : "fp_fightingGhosts",
        "Name" : "Fighting Ghosts",
        "Details" : "Journey with the Grey Death Legion",
        "Icon" : "fg_titlecard.png"
    },
    "Weight" : 100,
    "InternalName" : "fightingGhosts",
    "PublishState" : "PUBLISHED",
    "Difficulty" : 7,
    "Requirements" : [
        {
            "Scope" : "Company",
            "RequirementTags" : {
                "items" : [],
                "tagSetSourceFile" : "Tags/CompanyTags"
            },
            "ExclusionTags" : {
                "items" : [],
                "tagSetSourceFile" : ""
            },
            "RequirementComparisons" : []
        }
    ],
    "LocationRequirements" : {
        "Scope" : "StarSystem",
        "RequirementTags" : {
            "items" : [
                "planet_name_altais"
            ],
            "tagSetSourceFile" : "Tags/PlanetNameTags"
        },
        "ExclusionTags" : {
            "items" : [
                "fp_finished_fightingGhosts"
            ],
            "tagSetSourceFile" : ""
        },
        "RequirementComparisons" : []
    },
    "PotentialEmployers" : [
        "GrayDeathLegion"
    ],
    "TargetFaction" : "Kurita",
    "AllowRefitTime" : false,
    "FlashpointLength" : "MEDIUM",
    "Repeatable" : false,
    "MilestoneSetID" : "ms_fp_fightingGhosts",
    "UseAvailableTimeoutOverride" : false,
    "AvailableTimeout" : 0,
    "UseInProgressTimeoutOverride" : false,
    "InProgressTimeout" : 0,
    "RewardCollectionID" : "itemCollection_Weapons_SLDF_rare",
    "UnitDropTonnageHint" : "None",
    "LanceDropTonnageHint" : "None",
    "FlashpointShortDescription" : "Steiner is planning to invade Altais and they will leverage Gray Death Legion to secure the beachhead. Grayson Carlyle has offered us to participate in the operation. For a reward.",
    "FlashpointDescriberCastDefId" : "castDef_DariusDefault",
    "Tags" : {
        "items" : [],
        "tagSetSourceFile" : "tags/FlashpointTags"
    }
}