{
    "Name": "BT_Extended_Timeline",
    "Enabled": true,
	
    "Version": "1.9.0.10",

    "Description": "(Optional) A Lore based timeline that will change planet ownership and factions on the map as time in game goes by.",
    "Author": "Haree78, Ablomis, NickAragua",
    "Website": "https://www.nexusmods.com/battletech/mods/387",
    "Contact": "https://discord.gg/KSmamMz",
	
    "DependsOn": [ "Timeline", "Mission Control", "BT_Extended_3050", "BT_Extended_Clans", "Solaris7"  ],
    "ConflictsWith": [ "Galaxy at War" ],
	
    "OptionallyDependsOn": [],
	
	"DLL": "BEXTimeline.dll",
	
	
    "Settings": 
	{
		"ForceUpdateMap": false,
		
		"AbandonedNeigbours":
		{
			"Balsta" : "Tovetin (Tovetine)",
			"Black Earth" : "Renren",
			"Vantaa" : "Kreller",
			"Graus" : "Stonarboi",
			"Nox" : "Shardayne",
			"Satalice" : "Lamar",
			"Soverzene" : "Corfu",
			"Yamarovka" : "Tuat",
			"Itabaiana" : "Bilma",
			"Constance" : "Glabach",
			"Richmond" : "Isfahan",
			"Rockland" : "New Ceylon",
			"Nykvarn" : "Kiruna",
			"Garstedt" : "Ferranil",
			"Bjarred" : "New Sarum",
			"Virentofta" : "Ouagadougou (Silence 3130+)",
			"Schwartz" : "Jeju",
			"Labrea" : "Wolcott",
			"Halesowen" : "Oyevaina",
			"Gunzburg" : "Muswell",
			"Camlann (LC)" : "Glenlivet",
			"Trolloc Prime" : "Dove",
			"Shionoha" : "Juniper",
			"Sabik" : "Lone Star",
			"Yorii" : "Rocky",
			"Ferleiten" : "Christiania",
			"Kandis" : "Bushmill",
			"Colia" : "Saumur",
			"Tybalt" : "New Florence",
			"Buchlau" : "Conwy",
			"Second Try" : "Sichuan",
			"Palos" : "New Athens",
			"Carver (Liberty 3063+)" : "Brownsville",
			"Talitha" : "Tabit (Tyrfing 2350's+)",
			"Van Diemen IV" : "Hechnar",
			"Nanking" : "Bex",
			"Wasat" : "Mandal",
			"Bryant" : "New Stevens",
			"Lurgatan" : "Aomen",
			"Conquista" : "Dì-fang",
			"Cursa" : "Rosendal",
			"Xanthe" : "Katla",
			"Ingonish" : "Pernik",
			"Ryerson" : "Borka",
			"Andurien" : "Ullieri"
		},
		"FactionTags": {
			"Davion" : "planet_faction_davion",
			"Marik" : "planet_faction_marik",
			"Liao" : "planet_faction_liao",
			"Kurita" : "planet_faction_kurita",
			"Steiner" : "planet_faction_steiner",
			"TaurianConcordat" : "planet_faction_taurian",
			"MagistracyOfCanopus" : "planet_faction_magistracy",
			"AuriganRestoration" : "planet_faction_restoration",
			"ComStar" : "planet_faction_comstar",
			"Locals" : "planet_faction_independent",
			"NoFaction" : "planet_faction_nofaction",
			"AuriganDirectorate" : "planet_faction_directorate",
			"AuriganPirates" : "planet_faction_auriganpirates",
			"Rasalhague" : "planet_faction_rasalhague",
			"Wolf" : "planet_faction_wolf",
			"SteelViper" : "planet_faction_steelviper",
			"JadeFalcon" : "planet_faction_jadefalcon",
			"GhostBear" : "planet_faction_ghostbear",
			"SmokeJaguar" : "planet_faction_smokejaguar",
			"NovaCat" : "planet_faction_novacat",
			"Outworld" : "planet_faction_outworld",
			"Ives" : "planet_faction_ives",
			"Andurien" : "planet_faction_andurien",
			"Solaris7" : "planet_faction_solaris7"
		},
		"Shops3036": {
			"starsystemdef_Augusta" : ["itemCollection_special_DVS-1D"]
		},
		"Shops3038": {
			"starsystemdef_NewSamarkand" : ["itemCollection_special_DCMS-MX90-D"],
			"starsystemdef_Luthien" : ["itemCollection_special_CGR-1A9"]
		},
		"Shops3042": {
			"starsystemdef_Coventry" : ["itemCollection_special_PXH-3S"]
		},
		"Shops3045": {
			"starsystemdef_Grumium" : ["itemCollection_special_CP-11-A"]
		},
		"Shops3046": {
			"starsystemdef_Kalidasa" : ["itemCollection_special_HBK-5M"]
		},
		"Shops3047": {
			"starsystemdef_AbiyAdi" : ["itemCollection_special_JR7-K"],
			"starsystemdef_Irian" : ["itemCollection_special_HER-3S"],
			"starsystemdef_Kathil" : ["itemCollection_special_MAD-5D"],
			"starsystemdef_Luthien" : ["itemCollection_special_JR7-K"],
			"starsystemdef_NewAvalon" : ["itemCollection_special_DV-7D"],
			"starsystemdef_Panpour" : ["itemCollection_special_CN9-A"],
			"starsystemdef_Quentin" : ["itemCollection_special_MAD-5D"],
			"starsystemdef_Tematagi" : ["itemCollection_special_WHM-7M"],
			"starsystemdef_Wallis" : ["itemCollection_special_WHM-7M"]
		},
		"Shops3048": {
			"starsystemdef_AlNair" : ["itemCollection_special_CES-3R",
										"itemCollection_special_AS7-K"],
			"starsystemdef_Augusta" : ["itemCollection_special_DVS-2"],
			"starsystemdef_Calloway" : ["itemCollection_special_SHD-5M"],
			"starsystemdef_Furillo" : ["itemCollection_special_AXM-1N",
										"itemCollection_special_AXM-2N"],
			"starsystemdef_Hesperus" : ["itemCollection_special_ZEU-9S"],
			"starsystemdef_Irian" : ["itemCollection_special_TBT-7M"],
			"starsystemdef_Kalidasa" : ["itemCollection_special_TBT-7M"],
			"starsystemdef_Keystone" : ["itemCollection_special_PXH-3M"],
			"starsystemdef_Loxley" : ["itemCollection_special_DVS-2"],
			"starsystemdef_Luthien" : ["itemCollection_special_Luthien3048"],
			"starsystemdef_NewAvalon" : ["itemCollection_special_PXH-3D"],
			"starsystemdef_NewSamarkand" : ["itemCollection_special_MAL-1R"],
			"starsystemdef_NewSyrtis" : ["itemCollection_special_AXM-1N"],
			"starsystemdef_Sian" : ["itemCollection_special_RVN-3L"],
			"starsystemdef_Stewart" : ["itemCollection_special_TBT-7M"]
		},
		"Shops3049": {
			"starsystemdef_AlNair" : ["itemCollection_special_CES-3R",
										"itemCollection_special_AS7-K"],
			"starsystemdef_Asuncion" : ["itemCollection_special_CRD-5M",
										"itemCollection_special_FLE-17"],
			"starsystemdef_Bernardo" : ["itemCollection_special_CRD-5M",
										"itemCollection_special_FLE-17"],
			"starsystemdef_Calloway" : ["itemCollection_special_ARC-4M"],
			"starsystemdef_Coventry" : ["itemCollection_special_Coventry3049"],
			"starsystemdef_Furillo" : ["itemCollection_special_WSP-1S"],
			"starsystemdef_Hesperus" : ["itemCollection_special_GRF-1DS"],
			"starsystemdef_Irian" : ["itemCollection_special_Irian3049"],
			"starsystemdef_Kalidasa" : ["itemCollection_special_ON1-M"],
			"starsystemdef_Keystone" : ["itemCollection_special_GRF-3M",
										"itemCollection_special_BLR-3M",
										"itemCollection_special_TDR-7M"],
			"starsystemdef_Luthien" : ["itemCollection_special_QKD-5K",
										"itemCollection_special_CGR-3K"],
			"starsystemdef_Marduk" : ["itemCollection_special_GRF-1DS"],
			"starsystemdef_NewAvalon" : ["itemCollection_special_NewAvalon3049"],
			"starsystemdef_NewSyrtis" : ["itemCollection_special_CES-3R"],
			"starsystemdef_Oliver" : ["itemCollection_special_GRF-3M",
										"itemCollection_special_CRD-5M"],
			"starsystemdef_Panpour" : ["itemCollection_special_Panpour3049"],
			"starsystemdef_Pinard" : ["itemCollection_special_TDR-7M"],
			"starsystemdef_Quentin" : ["itemCollection_special_VTR-9K",
										"itemCollection_special_AS7-K",
										"itemCollection_special_JM6-DD"],
			"starsystemdef_Savannah" : ["itemCollection_special_QKD-5M",
										"itemCollection_special_AWS-9M"],
			"starsystemdef_Shimonita" : ["itemCollection_special_CGR-3K"],
			"starsystemdef_St.Ives" : ["itemCollection_special_VTR-9D",
										"itemCollection_special_VTR-9K"],
			"starsystemdef_Styk" : ["itemCollection_special_VTR-9D",
									"itemCollection_special_VTR-9K"],
			"starsystemdef_Terra" : ["itemCollection_special_MCY-97"],
			"starsystemdef_Tharkad" : ["itemCollection_special_CRD-5S"],
			"starsystemdef_Thermopolis" : ["itemCollection_special_CRD-5M",
											"itemCollection_special_RFL-5M"],
			"starsystemdef_Victoria" : ["itemCollection_special_FLE-17"],
			"starsystemdef_Wernke(Talon)" : ["itemCollection_special_GRF-1DS",
											"itemCollection_special_JM6-DD"]
		},
		"Shops3050": {
			"starsystemdef_Benjamin" : ["itemCollection_special_WTH-2"],
			"starsystemdef_Calloway" : ["itemCollection_special_STG-5M"],
			"starsystemdef_Coventry" : ["itemCollection_special_COM-5S",
										"itemCollection_special_VL-5S"],
			"starsystemdef_Errai" : ["itemCollection_special_THG-11E"],
			"starsystemdef_Gibson" : ["itemCollection_special_CDA-3M",
										"itemCollection_special_LCT-3M",
										"itemCollection_special_WVR-7M"],
			"starsystemdef_GrandBase" : ["itemCollection_special_CTF-3L"],
			"starsystemdef_Hesperus" : ["itemCollection_special_Hesperus3050"],
			"starsystemdef_Irian" : ["itemCollection_special_HER-5S"],
			"starsystemdef_Keystone" : ["itemCollection_special_THG-11E",
										"itemCollection_special_STG-5M"],
			"starsystemdef_Lapida" : ["itemCollection_special_SDR-9K"],
			"starsystemdef_Luthien" : ["itemCollection_special_DRG-5K"],
			"starsystemdef_Marduk" : ["itemCollection_special_WVR-7K"],
			"starsystemdef_Nanking" : ["itemCollection_special_WVR-7D"],
			"starsystemdef_NewAvalon" : ["itemCollection_special_ENF-5D"],
			"starsystemdef_NewSyrtis" : ["itemCollection_special_HCT-5S"],
			"starsystemdef_Nykvarn" : ["itemCollection_special_DRG-5K"],
			"starsystemdef_Pandora" : ["itemCollection_special_BLR-3S",
										"itemCollection_special_RFL-5D"],
			"starsystemdef_Wernke(Talon)" : ["itemCollection_special_ENF-5D",
											"itemCollection_special_RFL-5D"],
			"starsystemdef_Satalice" : ["itemCollection_special_PXH-3K"],
			"starsystemdef_Shiro" : ["itemCollection_special_HER-5S",
									"itemCollection_special_STK-5M"],
			"starsystemdef_Stewart" : ["itemCollection_special_LCT-3M"],
			"starsystemdef_Sudeten" : ["itemCollection_special_TDR-9S",
										"itemCollection_special_WHM-7S"],
			"starsystemdef_Tematagi" : ["itemCollection_special_SDR-9K",
										"itemCollection_special_VL-5M"],
			"starsystemdef_Thermopolis" : ["itemCollection_special_WVR-7M"],
			"starsystemdef_Tikonov" : ["itemCollection_special_CTF-3D"],
			"starsystemdef_Twycross" : ["itemCollection_special_RFL-5D",
										"itemCollection_special_STK-5S"],
		},
		"Shops3051": {
			"starsystemdef_Capella" : ["itemCollection_special_VND-3L"],
			"starsystemdef_Carlisle" : ["itemCollection_special_MAD-5S"],
			"starsystemdef_Gibson" : ["itemCollection_special_MAD-5M"],
			"starsystemdef_Hesperus" : ["itemCollection_special_ZEU-9S2"],
			"starsystemdef_Kalidasa" : ["itemCollection_special_WSP-3M"],
			"starsystemdef_Lapida" : ["itemCollection_special_SDR-7M"],
			"starsystemdef_NewSamarkand" : ["itemCollection_special_PNT-10K"],
			"starsystemdef_Satalice" : ["itemCollection_special_PNT-10K"],
			"starsystemdef_Shiro" : ["itemCollection_special_WSP-3M"],
			"starsystemdef_Tematagi" : ["itemCollection_special_SDR-7M"],
			"starsystemdef_TokDo" : ["itemCollection_special_PNT-10K"],
			"starsystemdef_Wallis" : ["itemCollection_special_MAD-5M"],
			"starsystemdef_Wernke(Talon)" : ["itemCollection_special_HNT-171"]
		},
		"Shops3052": {
			"starsystemdef_Gibson" : ["itemCollection_special_CDA-3F"],
			"starsystemdef_Kalidasa" : ["itemCollection_special_ON1-MA"],
			"starsystemdef_Kendall" : ["itemCollection_special_ON1-MA"],
			"starsystemdef_Keystone" : ["itemCollection_special_JA-KL-1532"],
			"starsystemdef_NewValencia" : ["itemCollection_special_BJ-2"],
			"starsystemdef_Solaris" : ["itemCollection_special_JA-KL-1532"],
			"starsystemdef_Tharkad" : ["itemCollection_special_WLF-2"]
		},
		"Shops3053": {
			"starsystemdef_Alpheratz" : ["itemCollection_special_MLN-1B"],
			"starsystemdef_Capella" : ["itemCollection_special_SNK-1V"],
			"starsystemdef_Hesperus" : ["itemCollection_special_BNC-5S"],
			"starsystemdef_NewAvalon" : ["itemCollection_special_ALM-7D"],
			"starsystemdef_NewValencia" : ["itemCollection_special_FLC-8R"],
			"starsystemdef_Sian" : ["itemCollection_special_RVN-3M"],
			"starsystemdef_Tharkad" : ["itemCollection_special_BSW-X1",
										"itemCollection_special_FLC-8R"],
			"starsystemdef_Wernke(Talon)" : ["itemCollection_special_PTR-4D"]
		},
		"Shops3054": {
			"starsystemdef_Coventry" : ["itemCollection_special_BZK-F3"],
			"starsystemdef_NewAvalon" : ["itemCollection_special_ALM-8D"],
			"starsystemdef_Talcott" : ["itemCollection_special_BJ-2"],
			"starsystemdef_Tharkad" : ["itemCollection_special_BSW-X2"]
		},
		"Shops3055": {
			"starsystemdef_Corey" : ["itemCollection_special_CPLT-C4C",
									"itemCollection_special_HUR-WO-R4L"],
			"starsystemdef_Coventry" : ["itemCollection_special_BHKU"],
			"starsystemdef_Crofton" : ["itemCollection_special_BHKU"],
			"starsystemdef_Furillo" : ["itemCollection_special_Furillo3055"],
			"starsystemdef_Gibson" : ["itemCollection_special_ANV-3M"],
			"starsystemdef_Inarcs" : ["itemCollection_special_END-6Q"],
			"starsystemdef_Kathil" : ["itemCollection_special_MDG-1A"],
			"starsystemdef_Loburg" : ["itemCollection_special_BHKU"],
			"starsystemdef_Luthien" : ["itemCollection_special_BHKU"],
			"starsystemdef_Marduk" : ["itemCollection_special_BHKU"],
			"starsystemdef_NewAvalon" : ["itemCollection_special_BHKU"],
			"starsystemdef_Outreach" : ["itemCollection_special_GAL"],
			"starsystemdef_Panpour" : ["itemCollection_special_Panpour3055"],
			"starsystemdef_St.Ives" : ["itemCollection_special_BHKU"]
		},
		"Shops3056": {
			"starsystemdef_Corey" : ["itemCollection_special_HUR-WO-R4M"],
			"starsystemdef_Coventry" : ["itemCollection_special_BZK-G1"],
			"starsystemdef_Crofton" : ["itemCollection_special_LGB-7V",
										"itemCollection_special_AV1"],
			"starsystemdef_Emris" : ["itemCollection_special_LGB-7V"],
			"starsystemdef_Gibson" : ["itemCollection_special_CDA-3G"],
			"starsystemdef_Hesperus" : ["itemCollection_special_BRZ"],
			"starsystemdef_Irian" : ["itemCollection_special_Owens"],
			"starsystemdef_Kathil" : ["itemCollection_special_MTR-5K",
										"itemCollection_special_MDG-1B"],
			"starsystemdef_Loburg" : ["itemCollection_special_AV1",
										"itemCollection_special_LGB-7V"],
			"starsystemdef_Luthien" : ["itemCollection_special_AV1",
										"itemCollection_special_Owens"],
			"starsystemdef_Marduk" : ["itemCollection_special_AV1"],
			"starsystemdef_Solaris" : ["itemCollection_special_MTR-5K"],
			"starsystemdef_St.Ives" : ["itemCollection_special_AV1"],
			"starsystemdef_Tematagi" : ["itemCollection_special_SDR-9KA"],
			"starsystemdef_Tharkad" : ["itemCollection_special_BSW-S2"],
			"starsystemdef_Wernke(Talon)" : ["itemCollection_special_PTR-4F"]
		}
	},

	"DataAddendumEntries":[ 
        { "name":"BattleTech.FactionEnumeration", "path":"enums/Faction.json" }
	],
    "Manifest": [
        { "Type": "CastDef", "Path": "cast" },
        { "Type": "ContractOverride", "Path": "contracts", "ShouldMergeJSON": true, "AddToDB": false },
        { "Type": "ContractOverride", "Path": "contracts_new", "AddToDB": true },
		{ "Path": "contractsMerge", "Type": "AdvancedJSONMerge" },
        { "Type": "FactionDef", "Path": "factions" },
        { "Type": "ForcedTimelineEvent", "Path": "ForcedEvents" },
        { "Type": "HeraldryDef", "Path": "heraldry" },
        { "Type": "Sprite", "Path": "illustrations" },
		{ "Type": "ItemCollectionDef", "Path": "itemcollections" },
        { "Type": "LanceDef", "Path": "lance_new", "AddToDB": true },
        { "Type": "Sprite", "Path": "sprites" },
        { "Type": "StarSystemDef", "Path": "starsystem" },
        { "Path": "starsystem_merge", "Type": "AdvancedJSONMerge" },
        { "Type": "Texture2D", "Path": "sprites" },
        { "Type": "SimGameEventDef", "Path": "timelineEvents" }
    ]
}
