{
    "MechTags": {
        "items": [
            "unit_release"
        ], 
        "tagSetSourceFile": ""
    }, 
    "ChassisID": "chassisdef_marauder_GDL MAD-3R", 
    "HeraldryID": null, 
    "Description": {
        "Cost": 1797840, 
        "Rarity": 5, 
        "Purchasable": false, 
        "Manufacturer": null, 
        "Model": null, 
        "UIName": "Marauder GDL MAD-3R", 
        "Id": "mechdef_marauder_GDL MAD-3R", 
        "Name": "Marauder", 
        "Details": "<color=#00cc44><b>Arm Actuator Limit</b>: LeftArm <b>lower</b> RightArm <b>lower</b></color>\r\n__/Base_3061.chassisdef_marauder_MAD-3R.Details/__", 
        "Icon": "uixTxrIcon_marauder"
    }, 
    "RequiredToSpawnCompanyTags": {
        "items": [], 
        "tagSetSourceFile": ""
    }, 
    "MinAppearanceDate": null, 
    "prefabOverride": null, 
    "Version": 1, 
    "Locations": [
        {
            "DamageLevel": "Functional", 
            "Location": "Head", 
            "CurrentArmor": 45, 
            "CurrentRearArmor": 0, 
            "CurrentInternalStructure": 16, 
            "AssignedArmor": 45, 
            "AssignedRearArmor": 0
        }, 
        {
            "DamageLevel": "Functional", 
            "Location": "CenterTorso", 
            "CurrentArmor": 175, 
            "CurrentRearArmor": 70, 
            "CurrentInternalStructure": 115, 
            "AssignedArmor": 175, 
            "AssignedRearArmor": 70
        }, 
        {
            "DamageLevel": "Functional", 
            "Location": "LeftTorso", 
            "CurrentArmor": 85, 
            "CurrentRearArmor": 40, 
            "CurrentInternalStructure": 80, 
            "AssignedArmor": 85, 
            "AssignedRearArmor": 40
        }, 
        {
            "DamageLevel": "Functional", 
            "Location": "RightTorso", 
            "CurrentArmor": 85, 
            "CurrentRearArmor": 40, 
            "CurrentInternalStructure": 80, 
            "AssignedArmor": 85, 
            "AssignedRearArmor": 40
        }, 
        {
            "DamageLevel": "Functional", 
            "Location": "LeftArm", 
            "CurrentArmor": 110, 
            "CurrentRearArmor": 0, 
            "CurrentInternalStructure": 60, 
            "AssignedArmor": 110, 
            "AssignedRearArmor": 0
        }, 
        {
            "DamageLevel": "Functional", 
            "Location": "RightArm", 
            "CurrentArmor": 110, 
            "CurrentRearArmor": 0, 
            "CurrentInternalStructure": 60, 
            "AssignedArmor": 110, 
            "AssignedRearArmor": 0
        }, 
        {
            "DamageLevel": "Functional", 
            "Location": "LeftLeg", 
            "CurrentArmor": 80, 
            "CurrentRearArmor": 0, 
            "CurrentInternalStructure": 80, 
            "AssignedArmor": 80, 
            "AssignedRearArmor": 0
        }, 
        {
            "DamageLevel": "Functional", 
            "Location": "RightLeg", 
            "CurrentArmor": 80, 
            "CurrentRearArmor": 0, 
            "CurrentInternalStructure": 80, 
            "AssignedArmor": 80, 
            "AssignedRearArmor": 0
        }
    ], 
    "inventory": [
        {
            "MountedLocation": "CenterTorso", 
            "ComponentDefID": "emod_armorslots_standard", 
            "SimGameUID": null, 
            "ComponentDefType": "Upgrade", 
            "HardpointSlot": -1, 
            "GUID": null, 
            "DamageLevel": "Functional", 
            "prefabName": null, 
            "hasPrefabName": false
        }, 
        {
            "MountedLocation": "CenterTorso", 
            "ComponentDefID": "emod_structureslots_standard", 
            "SimGameUID": null, 
            "ComponentDefType": "Upgrade", 
            "HardpointSlot": -1, 
            "GUID": null, 
            "DamageLevel": "Functional", 
            "prefabName": null, 
            "hasPrefabName": false
        }, 
        {
            "MountedLocation": "CenterTorso", 
            "ComponentDefID": "emod_engine_300", 
            "SimGameUID": null, 
            "ComponentDefType": "HeatSink", 
            "HardpointSlot": -1, 
            "GUID": null, 
            "DamageLevel": "Functional", 
            "prefabName": null, 
            "hasPrefabName": false
        }, 
        {
            "MountedLocation": "CenterTorso", 
            "ComponentDefID": "emod_kit_shs", 
            "SimGameUID": null, 
            "ComponentDefType": "HeatSink", 
            "HardpointSlot": -1, 
            "GUID": null, 
            "DamageLevel": "Functional", 
            "prefabName": null, 
            "hasPrefabName": false
        }, 
        {
            "MountedLocation": "CenterTorso", 
            "ComponentDefID": "Gear_Engine_Heatsinks_2", 
            "SimGameUID": null, 
            "ComponentDefType": "HeatSink", 
            "HardpointSlot": -1, 
            "GUID": null, 
            "DamageLevel": "Functional", 
            "prefabName": null, 
            "hasPrefabName": false
        }, 
        {
            "MountedLocation": "CenterTorso", 
            "ComponentDefID": "Gear_Gyro_Generic_Standard", 
            "SimGameUID": null, 
            "ComponentDefType": "Upgrade", 
            "HardpointSlot": -1, 
            "GUID": null, 
            "DamageLevel": "Functional", 
            "prefabName": null, 
            "hasPrefabName": false
        }, 
        {
            "MountedLocation": "CenterTorso", 
            "ComponentDefID": "emod_engineslots_std_center", 
            "SimGameUID": null, 
            "ComponentDefType": "HeatSink", 
            "HardpointSlot": -1, 
            "GUID": null, 
            "DamageLevel": "Functional", 
            "prefabName": null, 
            "hasPrefabName": false
        }, 
        {
            "MountedLocation": "Head", 
            "ComponentDefID": "Gear_Cockpit_Generic_Standard", 
            "SimGameUID": null, 
            "ComponentDefType": "Upgrade", 
            "HardpointSlot": -1, 
            "GUID": null, 
            "DamageLevel": "Functional", 
            "prefabName": null, 
            "hasPrefabName": false
        }, 
        {
            "MountedLocation": "LeftArm", 
            "ComponentDefID": "emod_arm_part_shoulder", 
            "SimGameUID": "", 
            "ComponentDefType": "Upgrade", 
            "HardpointSlot": 0, 
            "GUID": null, 
            "DamageLevel": "Functional", 
            "prefabName": null, 
            "hasPrefabName": false
        }, 
        {
            "MountedLocation": "LeftArm", 
            "ComponentDefID": "emod_arm_part_upper", 
            "SimGameUID": "", 
            "ComponentDefType": "Upgrade", 
            "HardpointSlot": 0, 
            "GUID": null, 
            "DamageLevel": "Functional", 
            "prefabName": null, 
            "hasPrefabName": false
        }, 
        {
            "MountedLocation": "LeftArm", 
            "ComponentDefID": "emod_arm_part_lower", 
            "SimGameUID": "", 
            "ComponentDefType": "Upgrade", 
            "HardpointSlot": 0, 
            "GUID": null, 
            "DamageLevel": "Functional", 
            "prefabName": null, 
            "hasPrefabName": false
        }, 
        {
            "MountedLocation": "RightArm", 
            "ComponentDefID": "emod_arm_part_shoulder", 
            "SimGameUID": "", 
            "ComponentDefType": "Upgrade", 
            "HardpointSlot": 0, 
            "GUID": null, 
            "DamageLevel": "Functional", 
            "prefabName": null, 
            "hasPrefabName": false
        }, 
        {
            "MountedLocation": "RightArm", 
            "ComponentDefID": "emod_arm_part_upper", 
            "SimGameUID": "", 
            "ComponentDefType": "Upgrade", 
            "HardpointSlot": 0, 
            "GUID": null, 
            "DamageLevel": "Functional", 
            "prefabName": null, 
            "hasPrefabName": false
        }, 
        {
            "MountedLocation": "RightArm", 
            "ComponentDefID": "emod_arm_part_lower", 
            "SimGameUID": "", 
            "ComponentDefType": "Upgrade", 
            "HardpointSlot": 0, 
            "GUID": null, 
            "DamageLevel": "Functional", 
            "prefabName": null, 
            "hasPrefabName": false
        }, 
        {
            "MountedLocation": "LeftLeg", 
            "ComponentDefID": "emod_leg_hip", 
            "SimGameUID": "", 
            "ComponentDefType": "Upgrade", 
            "HardpointSlot": 0, 
            "GUID": null, 
            "DamageLevel": "Functional", 
            "prefabName": null, 
            "hasPrefabName": false
        }, 
        {
            "MountedLocation": "LeftLeg", 
            "ComponentDefID": "emod_leg_upper", 
            "SimGameUID": "", 
            "ComponentDefType": "Upgrade", 
            "HardpointSlot": 0, 
            "GUID": null, 
            "DamageLevel": "Functional", 
            "prefabName": null, 
            "hasPrefabName": false
        }, 
        {
            "MountedLocation": "LeftLeg", 
            "ComponentDefID": "emod_leg_lower", 
            "SimGameUID": "", 
            "ComponentDefType": "Upgrade", 
            "HardpointSlot": 0, 
            "GUID": null, 
            "DamageLevel": "Functional", 
            "prefabName": null, 
            "hasPrefabName": false
        }, 
        {
            "MountedLocation": "LeftLeg", 
            "ComponentDefID": "emod_leg_foot", 
            "SimGameUID": "", 
            "ComponentDefType": "Upgrade", 
            "HardpointSlot": 0, 
            "GUID": null, 
            "DamageLevel": "Functional", 
            "prefabName": null, 
            "hasPrefabName": false
        }, 
        {
            "MountedLocation": "RightLeg", 
            "ComponentDefID": "emod_leg_hip", 
            "SimGameUID": "", 
            "ComponentDefType": "Upgrade", 
            "HardpointSlot": 0, 
            "GUID": null, 
            "DamageLevel": "Functional", 
            "prefabName": null, 
            "hasPrefabName": false
        }, 
        {
            "MountedLocation": "RightLeg", 
            "ComponentDefID": "emod_leg_upper", 
            "SimGameUID": "", 
            "ComponentDefType": "Upgrade", 
            "HardpointSlot": 0, 
            "GUID": null, 
            "DamageLevel": "Functional", 
            "prefabName": null, 
            "hasPrefabName": false
        }, 
        {
            "MountedLocation": "RightLeg", 
            "ComponentDefID": "emod_leg_lower", 
            "SimGameUID": "", 
            "ComponentDefType": "Upgrade", 
            "HardpointSlot": 0, 
            "GUID": null, 
            "DamageLevel": "Functional", 
            "prefabName": null, 
            "hasPrefabName": false
        }, 
        {
            "MountedLocation": "RightLeg", 
            "ComponentDefID": "emod_leg_foot", 
            "SimGameUID": "", 
            "ComponentDefType": "Upgrade", 
            "HardpointSlot": 0, 
            "GUID": null, 
            "DamageLevel": "Functional", 
            "prefabName": null, 
            "hasPrefabName": false
        }, 
        {
            "MountedLocation": "LeftTorso", 
            "ComponentDefID": "Ammo_AmmunitionBox_Generic_AC5", 
            "SimGameUID": null, 
            "ComponentDefType": "AmmunitionBox", 
            "HardpointSlot": -1, 
            "GUID": null, 
            "DamageLevel": "Functional", 
            "prefabName": null, 
            "hasPrefabName": false
        }, 
        {
            "MountedLocation": "LeftLeg", 
            "ComponentDefID": "Gear_HeatSink_Generic_Standard", 
            "SimGameUID": null, 
            "ComponentDefType": "HeatSink", 
            "HardpointSlot": -1, 
            "GUID": null, 
            "DamageLevel": "Functional", 
            "prefabName": null, 
            "hasPrefabName": false
        }, 
        {
            "MountedLocation": "LeftLeg", 
            "ComponentDefID": "Gear_HeatSink_Generic_Standard", 
            "SimGameUID": null, 
            "ComponentDefType": "HeatSink", 
            "HardpointSlot": -1, 
            "GUID": null, 
            "DamageLevel": "Functional", 
            "prefabName": null, 
            "hasPrefabName": false
        }, 
        {
            "MountedLocation": "RightLeg", 
            "ComponentDefID": "Gear_HeatSink_Generic_Standard", 
            "SimGameUID": null, 
            "ComponentDefType": "HeatSink", 
            "HardpointSlot": -1, 
            "GUID": null, 
            "DamageLevel": "Functional", 
            "prefabName": null, 
            "hasPrefabName": false
        }, 
        {
            "MountedLocation": "RightLeg", 
            "ComponentDefID": "Gear_HeatSink_Generic_Standard", 
            "SimGameUID": null, 
            "ComponentDefType": "HeatSink", 
            "HardpointSlot": -1, 
            "GUID": null, 
            "DamageLevel": "Functional", 
            "prefabName": null, 
            "hasPrefabName": false
        }, 
        {
            "MountedLocation": "Head", 
            "ComponentDefID": "Gear_Cockpit_LifeSupportA_Standard", 
            "SimGameUID": "", 
            "ComponentDefType": "Upgrade", 
            "HardpointSlot": -1, 
            "GUID": null, 
            "DamageLevel": "Functional", 
            "prefabName": null, 
            "hasPrefabName": false
        }, 
        {
            "MountedLocation": "Head", 
            "ComponentDefID": "Gear_FCS_Generic_Standard", 
            "SimGameUID": "", 
            "ComponentDefType": "Upgrade", 
            "HardpointSlot": -1, 
            "GUID": null, 
            "DamageLevel": "Functional", 
            "prefabName": null, 
            "hasPrefabName": false
        }, 
        {
            "MountedLocation": "Head", 
            "ComponentDefID": "Gear_Sensors_Generic_Standard", 
            "SimGameUID": "", 
            "ComponentDefType": "Upgrade", 
            "HardpointSlot": -1, 
            "GUID": null, 
            "DamageLevel": "Functional", 
            "prefabName": null, 
            "hasPrefabName": false
        }, 
        {
            "MountedLocation": "Head", 
            "ComponentDefID": "Gear_Cockpit_LifeSupportB_Standard", 
            "SimGameUID": "", 
            "ComponentDefType": "Upgrade", 
            "HardpointSlot": -1, 
            "GUID": null, 
            "DamageLevel": "Functional", 
            "prefabName": null, 
            "hasPrefabName": false
        }, 
        {
            "MountedLocation": "CenterTorso", 
            "ComponentDefID": "Gear_HandHeld_Slot", 
            "SimGameUID": "", 
            "ComponentDefType": "Upgrade", 
            "HardpointSlot": -1, 
            "GUID": null, 
            "DamageLevel": "Functional", 
            "prefabName": null, 
            "hasPrefabName": false
        }, 
        {
            "MountedLocation": "CenterTorso", 
            "ComponentDefID": "Gear_HandHeld_Slot", 
            "SimGameUID": "", 
            "ComponentDefType": "Upgrade", 
            "HardpointSlot": -1, 
            "GUID": null, 
            "DamageLevel": "Functional", 
            "prefabName": null, 
            "hasPrefabName": false
        }, 
        {
            "MountedLocation": "RightTorso", 
            "ComponentDefID": "Weapon_Autocannon_AC5_2-Mydron", 
            "SimGameUID": "", 
            "ComponentDefType": "Weapon", 
            "HardpointSlot": 0, 
            "GUID": null, 
            "DamageLevel": "Functional", 
            "prefabName": null, 
            "hasPrefabName": false
        }, 
        {
            "MountedLocation": "RightArm", 
            "ComponentDefID": "Weapon_Laser_MediumLaser_1-Intek", 
            "SimGameUID": "", 
            "ComponentDefType": "Weapon", 
            "HardpointSlot": 1, 
            "GUID": null, 
            "DamageLevel": "Functional", 
            "prefabName": null, 
            "hasPrefabName": false
        }, 
        {
            "MountedLocation": "LeftArm", 
            "ComponentDefID": "Weapon_Laser_MediumLaser_1-Intek", 
            "SimGameUID": "", 
            "ComponentDefType": "Weapon", 
            "HardpointSlot": 1, 
            "GUID": null, 
            "DamageLevel": "Functional", 
            "prefabName": null, 
            "hasPrefabName": false
        }, 
        {
            "MountedLocation": "RightArm", 
            "ComponentDefID": "Weapon_PPC_PPC_1-Ceres_Arms", 
            "SimGameUID": "", 
            "ComponentDefType": "Weapon", 
            "HardpointSlot": 1, 
            "GUID": null, 
            "DamageLevel": "Functional", 
            "prefabName": null, 
            "hasPrefabName": false
        }, 
        {
            "MountedLocation": "LeftArm", 
            "ComponentDefID": "Weapon_PPC_PPC_1-Ceres_Arms", 
            "SimGameUID": "", 
            "ComponentDefType": "Weapon", 
            "HardpointSlot": 1, 
            "GUID": null, 
            "DamageLevel": "Functional", 
            "prefabName": null, 
            "hasPrefabName": false
        }
    ], 
    "simGameMechPartCost": 1797840
}