{
    "MechTags": {
        "items": [
            "unit_release"
        ], 
        "tagSetSourceFile": ""
    }, 
    "ChassisID": "chassisdef_catapult_GDL CPLT-C1", 
    "HeraldryID": null, 
    "Description": {
        "Cost": 1601330, 
        "Rarity": 3, 
        "Purchasable": false, 
        "Manufacturer": null, 
        "Model": null, 
        "UIName": "Catapult GDL CPLT-C1", 
        "Id": "mechdef_catapult_GDL CPLT-C1", 
        "Name": "Catapult", 
        "Details": "<color=#00cc44><b>Arm Actuator Limit</b>: LeftArm <b>upper</b> RightArm <b>upper</b></color>\r\n__/Base_3061.chassisdef_catapult_CPLT-C1.Details/__", 
        "Icon": "uixTxrIcon_catapult"
    }, 
    "RequiredToSpawnCompanyTags": {
        "items": [], 
        "tagSetSourceFile": ""
    }, 
    "MinAppearanceDate": null, 
    "prefabOverride": null, 
    "Version": 1, 
    "Locations": [
        {
            "DamageLevel": "Functional", 
            "Location": "Head", 
            "CurrentArmor": 45, 
            "CurrentRearArmor": 0, 
            "CurrentInternalStructure": 16, 
            "AssignedArmor": 45, 
            "AssignedRearArmor": 0
        }, 
        {
            "DamageLevel": "Functional", 
            "Location": "CenterTorso", 
            "CurrentArmor": 120, 
            "CurrentRearArmor": 55, 
            "CurrentInternalStructure": 105, 
            "AssignedArmor": 120, 
            "AssignedRearArmor": 55
        }, 
        {
            "DamageLevel": "Functional", 
            "Location": "LeftTorso", 
            "CurrentArmor": 95, 
            "CurrentRearArmor": 40, 
            "CurrentInternalStructure": 75, 
            "AssignedArmor": 95, 
            "AssignedRearArmor": 40
        }, 
        {
            "DamageLevel": "Functional", 
            "Location": "RightTorso", 
            "CurrentArmor": 95, 
            "CurrentRearArmor": 40, 
            "CurrentInternalStructure": 75, 
            "AssignedArmor": 95, 
            "AssignedRearArmor": 40
        }, 
        {
            "DamageLevel": "Functional", 
            "Location": "LeftArm", 
            "CurrentArmor": 65, 
            "CurrentRearArmor": 0, 
            "CurrentInternalStructure": 50, 
            "AssignedArmor": 65, 
            "AssignedRearArmor": 0
        }, 
        {
            "DamageLevel": "Functional", 
            "Location": "RightArm", 
            "CurrentArmor": 65, 
            "CurrentRearArmor": 0, 
            "CurrentInternalStructure": 50, 
            "AssignedArmor": 65, 
            "AssignedRearArmor": 0
        }, 
        {
            "DamageLevel": "Functional", 
            "Location": "LeftLeg", 
            "CurrentArmor": 90, 
            "CurrentRearArmor": 0, 
            "CurrentInternalStructure": 75, 
            "AssignedArmor": 90, 
            "AssignedRearArmor": 0
        }, 
        {
            "DamageLevel": "Functional", 
            "Location": "RightLeg", 
            "CurrentArmor": 90, 
            "CurrentRearArmor": 0, 
            "CurrentInternalStructure": 75, 
            "AssignedArmor": 90, 
            "AssignedRearArmor": 0
        }
    ], 
    "inventory": [
        {
            "MountedLocation": "CenterTorso", 
            "ComponentDefID": "emod_armorslots_standard", 
            "SimGameUID": null, 
            "ComponentDefType": "Upgrade", 
            "HardpointSlot": -1, 
            "GUID": null, 
            "DamageLevel": "Functional", 
            "prefabName": null, 
            "hasPrefabName": false
        }, 
        {
            "MountedLocation": "CenterTorso", 
            "ComponentDefID": "emod_structureslots_standard", 
            "SimGameUID": null, 
            "ComponentDefType": "Upgrade", 
            "HardpointSlot": -1, 
            "GUID": null, 
            "DamageLevel": "Functional", 
            "prefabName": null, 
            "hasPrefabName": false
        }, 
        {
            "MountedLocation": "CenterTorso", 
            "ComponentDefID": "emod_engine_260", 
            "SimGameUID": null, 
            "ComponentDefType": "HeatSink", 
            "HardpointSlot": -1, 
            "GUID": null, 
            "DamageLevel": "Functional", 
            "prefabName": null, 
            "hasPrefabName": false
        }, 
        {
            "MountedLocation": "CenterTorso", 
            "ComponentDefID": "emod_kit_shs", 
            "SimGameUID": null, 
            "ComponentDefType": "HeatSink", 
            "HardpointSlot": -1, 
            "GUID": null, 
            "DamageLevel": "Functional", 
            "prefabName": null, 
            "hasPrefabName": false
        }, 
        {
            "MountedLocation": "CenterTorso", 
            "ComponentDefID": "Gear_Engine_Heatsinks", 
            "SimGameUID": null, 
            "ComponentDefType": "HeatSink", 
            "HardpointSlot": -1, 
            "GUID": null, 
            "DamageLevel": "Functional", 
            "prefabName": null, 
            "hasPrefabName": false
        }, 
        {
            "MountedLocation": "CenterTorso", 
            "ComponentDefID": "Gear_Gyro_Generic_Standard", 
            "SimGameUID": null, 
            "ComponentDefType": "Upgrade", 
            "HardpointSlot": -1, 
            "GUID": null, 
            "DamageLevel": "Functional", 
            "prefabName": null, 
            "hasPrefabName": false
        }, 
        {
            "MountedLocation": "CenterTorso", 
            "ComponentDefID": "emod_engineslots_std_center", 
            "SimGameUID": null, 
            "ComponentDefType": "HeatSink", 
            "HardpointSlot": -1, 
            "GUID": null, 
            "DamageLevel": "Functional", 
            "prefabName": null, 
            "hasPrefabName": false
        }, 
        {
            "MountedLocation": "Head", 
            "ComponentDefID": "Gear_Cockpit_Generic_Standard", 
            "SimGameUID": null, 
            "ComponentDefType": "Upgrade", 
            "HardpointSlot": -1, 
            "GUID": null, 
            "DamageLevel": "Functional", 
            "prefabName": null, 
            "hasPrefabName": false
        }, 
        {
            "MountedLocation": "LeftArm", 
            "ComponentDefID": "emod_arm_part_shoulder", 
            "SimGameUID": "", 
            "ComponentDefType": "Upgrade", 
            "HardpointSlot": 0, 
            "GUID": null, 
            "DamageLevel": "Functional", 
            "prefabName": null, 
            "hasPrefabName": false
        }, 
        {
            "MountedLocation": "LeftArm", 
            "ComponentDefID": "emod_arm_part_upper", 
            "SimGameUID": "", 
            "ComponentDefType": "Upgrade", 
            "HardpointSlot": 0, 
            "GUID": null, 
            "DamageLevel": "Functional", 
            "prefabName": null, 
            "hasPrefabName": false
        }, 
        {
            "MountedLocation": "RightArm", 
            "ComponentDefID": "emod_arm_part_shoulder", 
            "SimGameUID": "", 
            "ComponentDefType": "Upgrade", 
            "HardpointSlot": 0, 
            "GUID": null, 
            "DamageLevel": "Functional", 
            "prefabName": null, 
            "hasPrefabName": false
        }, 
        {
            "MountedLocation": "RightArm", 
            "ComponentDefID": "emod_arm_part_upper", 
            "SimGameUID": "", 
            "ComponentDefType": "Upgrade", 
            "HardpointSlot": 0, 
            "GUID": null, 
            "DamageLevel": "Functional", 
            "prefabName": null, 
            "hasPrefabName": false
        }, 
        {
            "MountedLocation": "LeftLeg", 
            "ComponentDefID": "emod_leg_hip", 
            "SimGameUID": "", 
            "ComponentDefType": "Upgrade", 
            "HardpointSlot": 0, 
            "GUID": null, 
            "DamageLevel": "Functional", 
            "prefabName": null, 
            "hasPrefabName": false
        }, 
        {
            "MountedLocation": "LeftLeg", 
            "ComponentDefID": "emod_leg_upper", 
            "SimGameUID": "", 
            "ComponentDefType": "Upgrade", 
            "HardpointSlot": 0, 
            "GUID": null, 
            "DamageLevel": "Functional", 
            "prefabName": null, 
            "hasPrefabName": false
        }, 
        {
            "MountedLocation": "LeftLeg", 
            "ComponentDefID": "emod_leg_lower", 
            "SimGameUID": "", 
            "ComponentDefType": "Upgrade", 
            "HardpointSlot": 0, 
            "GUID": null, 
            "DamageLevel": "Functional", 
            "prefabName": null, 
            "hasPrefabName": false
        }, 
        {
            "MountedLocation": "LeftLeg", 
            "ComponentDefID": "emod_leg_foot", 
            "SimGameUID": "", 
            "ComponentDefType": "Upgrade", 
            "HardpointSlot": 0, 
            "GUID": null, 
            "DamageLevel": "Functional", 
            "prefabName": null, 
            "hasPrefabName": false
        }, 
        {
            "MountedLocation": "RightLeg", 
            "ComponentDefID": "emod_leg_hip", 
            "SimGameUID": "", 
            "ComponentDefType": "Upgrade", 
            "HardpointSlot": 0, 
            "GUID": null, 
            "DamageLevel": "Functional", 
            "prefabName": null, 
            "hasPrefabName": false
        }, 
        {
            "MountedLocation": "RightLeg", 
            "ComponentDefID": "emod_leg_upper", 
            "SimGameUID": "", 
            "ComponentDefType": "Upgrade", 
            "HardpointSlot": 0, 
            "GUID": null, 
            "DamageLevel": "Functional", 
            "prefabName": null, 
            "hasPrefabName": false
        }, 
        {
            "MountedLocation": "RightLeg", 
            "ComponentDefID": "emod_leg_lower", 
            "SimGameUID": "", 
            "ComponentDefType": "Upgrade", 
            "HardpointSlot": 0, 
            "GUID": null, 
            "DamageLevel": "Functional", 
            "prefabName": null, 
            "hasPrefabName": false
        }, 
        {
            "MountedLocation": "RightLeg", 
            "ComponentDefID": "emod_leg_foot", 
            "SimGameUID": "", 
            "ComponentDefType": "Upgrade", 
            "HardpointSlot": 0, 
            "GUID": null, 
            "DamageLevel": "Functional", 
            "prefabName": null, 
            "hasPrefabName": false
        }, 
        {
            "MountedLocation": "Head", 
            "ComponentDefID": "Gear_HeatSink_Generic_Standard", 
            "SimGameUID": null, 
            "ComponentDefType": "HeatSink", 
            "HardpointSlot": -1, 
            "GUID": null, 
            "DamageLevel": "Functional", 
            "prefabName": null, 
            "hasPrefabName": false
        }, 
        {
            "MountedLocation": "LeftTorso", 
            "ComponentDefID": "Ammo_AmmunitionBox_Generic_LRM", 
            "SimGameUID": null, 
            "ComponentDefType": "AmmunitionBox", 
            "HardpointSlot": -1, 
            "GUID": null, 
            "DamageLevel": "Functional", 
            "prefabName": null, 
            "hasPrefabName": false
        }, 
        {
            "MountedLocation": "LeftTorso", 
            "ComponentDefID": "Gear_JumpJet_Generic_Heavy", 
            "SimGameUID": null, 
            "ComponentDefType": "JumpJet", 
            "HardpointSlot": -1, 
            "GUID": null, 
            "DamageLevel": "Functional", 
            "prefabName": null, 
            "hasPrefabName": false
        }, 
        {
            "MountedLocation": "LeftTorso", 
            "ComponentDefID": "Gear_JumpJet_Generic_Heavy", 
            "SimGameUID": null, 
            "ComponentDefType": "JumpJet", 
            "HardpointSlot": -1, 
            "GUID": null, 
            "DamageLevel": "Functional", 
            "prefabName": null, 
            "hasPrefabName": false
        }, 
        {
            "MountedLocation": "RightTorso", 
            "ComponentDefID": "Ammo_AmmunitionBox_Generic_LRM", 
            "SimGameUID": null, 
            "ComponentDefType": "AmmunitionBox", 
            "HardpointSlot": -1, 
            "GUID": null, 
            "DamageLevel": "Functional", 
            "prefabName": null, 
            "hasPrefabName": false
        }, 
        {
            "MountedLocation": "RightTorso", 
            "ComponentDefID": "Gear_JumpJet_Generic_Heavy", 
            "SimGameUID": null, 
            "ComponentDefType": "JumpJet", 
            "HardpointSlot": -1, 
            "GUID": null, 
            "DamageLevel": "Functional", 
            "prefabName": null, 
            "hasPrefabName": false
        }, 
        {
            "MountedLocation": "RightTorso", 
            "ComponentDefID": "Gear_JumpJet_Generic_Heavy", 
            "SimGameUID": null, 
            "ComponentDefType": "JumpJet", 
            "HardpointSlot": -1, 
            "GUID": null, 
            "DamageLevel": "Functional", 
            "prefabName": null, 
            "hasPrefabName": false
        }, 
        {
            "MountedLocation": "LeftLeg", 
            "ComponentDefID": "Gear_HeatSink_Generic_Standard", 
            "SimGameUID": null, 
            "ComponentDefType": "HeatSink", 
            "HardpointSlot": -1, 
            "GUID": null, 
            "DamageLevel": "Functional", 
            "prefabName": null, 
            "hasPrefabName": false
        }, 
        {
            "MountedLocation": "LeftLeg", 
            "ComponentDefID": "Gear_HeatSink_Generic_Standard", 
            "SimGameUID": null, 
            "ComponentDefType": "HeatSink", 
            "HardpointSlot": -1, 
            "GUID": null, 
            "DamageLevel": "Functional", 
            "prefabName": null, 
            "hasPrefabName": false
        }, 
        {
            "MountedLocation": "RightLeg", 
            "ComponentDefID": "Gear_HeatSink_Generic_Standard", 
            "SimGameUID": null, 
            "ComponentDefType": "HeatSink", 
            "HardpointSlot": -1, 
            "GUID": null, 
            "DamageLevel": "Functional", 
            "prefabName": null, 
            "hasPrefabName": false
        }, 
        {
            "MountedLocation": "RightLeg", 
            "ComponentDefID": "Gear_HeatSink_Generic_Standard", 
            "SimGameUID": null, 
            "ComponentDefType": "HeatSink", 
            "HardpointSlot": -1, 
            "GUID": null, 
            "DamageLevel": "Functional", 
            "prefabName": null, 
            "hasPrefabName": false
        }, 
        {
            "MountedLocation": "Head", 
            "ComponentDefID": "Gear_Cockpit_LifeSupportA_Standard", 
            "SimGameUID": "", 
            "ComponentDefType": "Upgrade", 
            "HardpointSlot": -1, 
            "GUID": null, 
            "DamageLevel": "Functional", 
            "prefabName": null, 
            "hasPrefabName": false
        }, 
        {
            "MountedLocation": "Head", 
            "ComponentDefID": "Gear_FCS_Generic_Standard", 
            "SimGameUID": "", 
            "ComponentDefType": "Upgrade", 
            "HardpointSlot": -1, 
            "GUID": null, 
            "DamageLevel": "Functional", 
            "prefabName": null, 
            "hasPrefabName": false
        }, 
        {
            "MountedLocation": "Head", 
            "ComponentDefID": "Gear_Sensors_Generic_Standard", 
            "SimGameUID": "", 
            "ComponentDefType": "Upgrade", 
            "HardpointSlot": -1, 
            "GUID": null, 
            "DamageLevel": "Functional", 
            "prefabName": null, 
            "hasPrefabName": false
        }, 
        {
            "MountedLocation": "Head", 
            "ComponentDefID": "Gear_Cockpit_LifeSupportB_Standard", 
            "SimGameUID": "", 
            "ComponentDefType": "Upgrade", 
            "HardpointSlot": -1, 
            "GUID": null, 
            "DamageLevel": "Functional", 
            "prefabName": null, 
            "hasPrefabName": false
        }, 
        {
            "MountedLocation": "CenterTorso", 
            "ComponentDefID": "Gear_HandHeld_Slot", 
            "SimGameUID": "", 
            "ComponentDefType": "Upgrade", 
            "HardpointSlot": -1, 
            "GUID": null, 
            "DamageLevel": "Functional", 
            "prefabName": null, 
            "hasPrefabName": false
        }, 
        {
            "MountedLocation": "CenterTorso", 
            "ComponentDefID": "Gear_HandHeld_Slot", 
            "SimGameUID": "", 
            "ComponentDefType": "Upgrade", 
            "HardpointSlot": -1, 
            "GUID": null, 
            "DamageLevel": "Functional", 
            "prefabName": null, 
            "hasPrefabName": false
        }, 
        {
            "MountedLocation": "RightArm", 
            "ComponentDefID": "Weapon_LRM_LRM15_1-Telos", 
            "SimGameUID": "", 
            "ComponentDefType": "Weapon", 
            "HardpointSlot": 0, 
            "GUID": null, 
            "DamageLevel": "Functional", 
            "prefabName": null, 
            "hasPrefabName": false
        }, 
        {
            "MountedLocation": "LeftArm", 
            "ComponentDefID": "Weapon_LRM_LRM15_1-Telos", 
            "SimGameUID": "", 
            "ComponentDefType": "Weapon", 
            "HardpointSlot": 0, 
            "GUID": null, 
            "DamageLevel": "Functional", 
            "prefabName": null, 
            "hasPrefabName": false
        }, 
        {
            "MountedLocation": "RightTorso", 
            "ComponentDefID": "Weapon_Laser_MediumLaser_1-Intek", 
            "SimGameUID": "", 
            "ComponentDefType": "Weapon", 
            "HardpointSlot": 0, 
            "GUID": null, 
            "DamageLevel": "Functional", 
            "prefabName": null, 
            "hasPrefabName": false
        }, 
        {
            "MountedLocation": "LeftTorso", 
            "ComponentDefID": "Weapon_Laser_MediumLaser_1-Intek", 
            "SimGameUID": "", 
            "ComponentDefType": "Weapon", 
            "HardpointSlot": 0, 
            "GUID": null, 
            "DamageLevel": "Functional", 
            "prefabName": null, 
            "hasPrefabName": false
        }, 
        {
            "MountedLocation": "CenterTorso", 
            "ComponentDefID": "Weapon_Laser_MediumLaser_1-Intek", 
            "SimGameUID": "", 
            "ComponentDefType": "Weapon", 
            "HardpointSlot": 0, 
            "GUID": null, 
            "DamageLevel": "Functional", 
            "prefabName": null, 
            "hasPrefabName": false
        }, 
        {
            "MountedLocation": "CenterTorso", 
            "ComponentDefID": "Weapon_Laser_MediumLaser_1-Intek", 
            "SimGameUID": "", 
            "ComponentDefType": "Weapon", 
            "HardpointSlot": 1, 
            "GUID": null, 
            "DamageLevel": "Functional", 
            "prefabName": null, 
            "hasPrefabName": false
        }
    ], 
    "simGameMechPartCost": 1601330
}