{
    "MechTags": {
        "items": [
            "unit_release"
        ], 
        "tagSetSourceFile": ""
    }, 
    "ChassisID": "chassisdef_trebuchet_GDL TBT-5N", 
    "HeraldryID": null, 
    "Description": {
        "Cost": 953040, 
        "Rarity": 2, 
        "Purchasable": false, 
        "Manufacturer": null, 
        "Model": null, 
        "UIName": "Trebuchet GDL TBT-5N", 
        "Id": "mechdef_trebuchet_GDL TBT-5N", 
        "Name": "Trebuchet", 
        "Details": "<color=#00cc44><b>Arm Actuator Limit</b>: LeftArm <b>hand</b> RightArm <b>lower</b></color>\r\n__/Base_3061.chassisdef_trebuchet_TBT-5N.Details/__", 
        "Icon": "uixTxrIcon_trebuchet"
    }, 
    "RequiredToSpawnCompanyTags": {
        "items": [], 
        "tagSetSourceFile": ""
    }, 
    "MinAppearanceDate": null, 
    "prefabOverride": null, 
    "Version": 1, 
    "Locations": [
        {
            "DamageLevel": "Functional", 
            "Location": "Head", 
            "CurrentArmor": 45, 
            "CurrentRearArmor": 0, 
            "CurrentInternalStructure": 16, 
            "AssignedArmor": 45, 
            "AssignedRearArmor": 0
        }, 
        {
            "DamageLevel": "Functional", 
            "Location": "CenterTorso", 
            "CurrentArmor": 110, 
            "CurrentRearArmor": 35, 
            "CurrentInternalStructure": 80, 
            "AssignedArmor": 110, 
            "AssignedRearArmor": 35
        }, 
        {
            "DamageLevel": "Functional", 
            "Location": "LeftTorso", 
            "CurrentArmor": 55, 
            "CurrentRearArmor": 25, 
            "CurrentInternalStructure": 60, 
            "AssignedArmor": 55, 
            "AssignedRearArmor": 25
        }, 
        {
            "DamageLevel": "Functional", 
            "Location": "RightTorso", 
            "CurrentArmor": 55, 
            "CurrentRearArmor": 25, 
            "CurrentInternalStructure": 60, 
            "AssignedArmor": 55, 
            "AssignedRearArmor": 25
        }, 
        {
            "DamageLevel": "Functional", 
            "Location": "LeftArm", 
            "CurrentArmor": 50, 
            "CurrentRearArmor": 0, 
            "CurrentInternalStructure": 40, 
            "AssignedArmor": 50, 
            "AssignedRearArmor": 0
        }, 
        {
            "DamageLevel": "Functional", 
            "Location": "RightArm", 
            "CurrentArmor": 50, 
            "CurrentRearArmor": 0, 
            "CurrentInternalStructure": 40, 
            "AssignedArmor": 50, 
            "AssignedRearArmor": 0
        }, 
        {
            "DamageLevel": "Functional", 
            "Location": "LeftLeg", 
            "CurrentArmor": 75, 
            "CurrentRearArmor": 0, 
            "CurrentInternalStructure": 60, 
            "AssignedArmor": 75, 
            "AssignedRearArmor": 0
        }, 
        {
            "DamageLevel": "Functional", 
            "Location": "RightLeg", 
            "CurrentArmor": 75, 
            "CurrentRearArmor": 0, 
            "CurrentInternalStructure": 60, 
            "AssignedArmor": 75, 
            "AssignedRearArmor": 0
        }
    ], 
    "inventory": [
        {
            "MountedLocation": "Head", 
            "ComponentDefID": "Gear_Cockpit_Generic_Standard", 
            "SimGameUID": null, 
            "ComponentDefType": "Upgrade", 
            "HardpointSlot": -1, 
            "GUID": null, 
            "DamageLevel": "Functional", 
            "prefabName": null, 
            "hasPrefabName": false
        }, 
        {
            "MountedLocation": "CenterTorso", 
            "ComponentDefID": "emod_armorslots_standard", 
            "SimGameUID": null, 
            "ComponentDefType": "Upgrade", 
            "HardpointSlot": -1, 
            "GUID": null, 
            "DamageLevel": "Functional", 
            "prefabName": null, 
            "hasPrefabName": false
        }, 
        {
            "MountedLocation": "CenterTorso", 
            "ComponentDefID": "emod_structureslots_standard", 
            "SimGameUID": null, 
            "ComponentDefType": "Upgrade", 
            "HardpointSlot": -1, 
            "GUID": null, 
            "DamageLevel": "Functional", 
            "prefabName": null, 
            "hasPrefabName": false
        }, 
        {
            "MountedLocation": "CenterTorso", 
            "ComponentDefID": "emod_engine_250", 
            "SimGameUID": null, 
            "ComponentDefType": "HeatSink", 
            "HardpointSlot": -1, 
            "GUID": null, 
            "DamageLevel": "Functional", 
            "prefabName": null, 
            "hasPrefabName": false
        }, 
        {
            "MountedLocation": "CenterTorso", 
            "ComponentDefID": "emod_kit_shs", 
            "SimGameUID": null, 
            "ComponentDefType": "HeatSink", 
            "HardpointSlot": -1, 
            "GUID": null, 
            "DamageLevel": "Functional", 
            "prefabName": null, 
            "hasPrefabName": false
        }, 
        {
            "MountedLocation": "CenterTorso", 
            "ComponentDefID": "Gear_Engine_Heatsinks", 
            "SimGameUID": null, 
            "ComponentDefType": "HeatSink", 
            "HardpointSlot": -1, 
            "GUID": null, 
            "DamageLevel": "Functional", 
            "prefabName": null, 
            "hasPrefabName": false
        }, 
        {
            "MountedLocation": "CenterTorso", 
            "ComponentDefID": "Gear_Gyro_Generic_Standard", 
            "SimGameUID": null, 
            "ComponentDefType": "Upgrade", 
            "HardpointSlot": -1, 
            "GUID": null, 
            "DamageLevel": "Functional", 
            "prefabName": null, 
            "hasPrefabName": false
        }, 
        {
            "MountedLocation": "CenterTorso", 
            "ComponentDefID": "emod_engineslots_std_center", 
            "SimGameUID": null, 
            "ComponentDefType": "HeatSink", 
            "HardpointSlot": -1, 
            "GUID": null, 
            "DamageLevel": "Functional", 
            "prefabName": null, 
            "hasPrefabName": false
        }, 
        {
            "MountedLocation": "LeftArm", 
            "ComponentDefID": "emod_arm_part_shoulder", 
            "SimGameUID": "", 
            "ComponentDefType": "Upgrade", 
            "HardpointSlot": 0, 
            "GUID": null, 
            "DamageLevel": "Functional", 
            "prefabName": null, 
            "hasPrefabName": false
        }, 
        {
            "MountedLocation": "LeftArm", 
            "ComponentDefID": "emod_arm_part_upper", 
            "SimGameUID": "", 
            "ComponentDefType": "Upgrade", 
            "HardpointSlot": 0, 
            "GUID": null, 
            "DamageLevel": "Functional", 
            "prefabName": null, 
            "hasPrefabName": false
        }, 
        {
            "MountedLocation": "LeftArm", 
            "ComponentDefID": "emod_arm_part_lower", 
            "SimGameUID": "", 
            "ComponentDefType": "Upgrade", 
            "HardpointSlot": 0, 
            "GUID": null, 
            "DamageLevel": "Functional", 
            "prefabName": null, 
            "hasPrefabName": false
        }, 
        {
            "MountedLocation": "LeftArm", 
            "ComponentDefID": "emod_arm_part_hand", 
            "SimGameUID": "", 
            "ComponentDefType": "Upgrade", 
            "HardpointSlot": 0, 
            "GUID": null, 
            "DamageLevel": "Functional", 
            "prefabName": null, 
            "hasPrefabName": false
        }, 
        {
            "MountedLocation": "RightArm", 
            "ComponentDefID": "emod_arm_part_shoulder", 
            "SimGameUID": "", 
            "ComponentDefType": "Upgrade", 
            "HardpointSlot": 0, 
            "GUID": null, 
            "DamageLevel": "Functional", 
            "prefabName": null, 
            "hasPrefabName": false
        }, 
        {
            "MountedLocation": "RightArm", 
            "ComponentDefID": "emod_arm_part_upper", 
            "SimGameUID": "", 
            "ComponentDefType": "Upgrade", 
            "HardpointSlot": 0, 
            "GUID": null, 
            "DamageLevel": "Functional", 
            "prefabName": null, 
            "hasPrefabName": false
        }, 
        {
            "MountedLocation": "RightArm", 
            "ComponentDefID": "emod_arm_part_lower", 
            "SimGameUID": "", 
            "ComponentDefType": "Upgrade", 
            "HardpointSlot": 0, 
            "GUID": null, 
            "DamageLevel": "Functional", 
            "prefabName": null, 
            "hasPrefabName": false
        }, 
        {
            "MountedLocation": "LeftLeg", 
            "ComponentDefID": "emod_leg_hip", 
            "SimGameUID": "", 
            "ComponentDefType": "Upgrade", 
            "HardpointSlot": 0, 
            "GUID": null, 
            "DamageLevel": "Functional", 
            "prefabName": null, 
            "hasPrefabName": false
        }, 
        {
            "MountedLocation": "LeftLeg", 
            "ComponentDefID": "emod_leg_upper", 
            "SimGameUID": "", 
            "ComponentDefType": "Upgrade", 
            "HardpointSlot": 0, 
            "GUID": null, 
            "DamageLevel": "Functional", 
            "prefabName": null, 
            "hasPrefabName": false
        }, 
        {
            "MountedLocation": "LeftLeg", 
            "ComponentDefID": "emod_leg_lower", 
            "SimGameUID": "", 
            "ComponentDefType": "Upgrade", 
            "HardpointSlot": 0, 
            "GUID": null, 
            "DamageLevel": "Functional", 
            "prefabName": null, 
            "hasPrefabName": false
        }, 
        {
            "MountedLocation": "LeftLeg", 
            "ComponentDefID": "emod_leg_foot", 
            "SimGameUID": "", 
            "ComponentDefType": "Upgrade", 
            "HardpointSlot": 0, 
            "GUID": null, 
            "DamageLevel": "Functional", 
            "prefabName": null, 
            "hasPrefabName": false
        }, 
        {
            "MountedLocation": "RightLeg", 
            "ComponentDefID": "emod_leg_hip", 
            "SimGameUID": "", 
            "ComponentDefType": "Upgrade", 
            "HardpointSlot": 0, 
            "GUID": null, 
            "DamageLevel": "Functional", 
            "prefabName": null, 
            "hasPrefabName": false
        }, 
        {
            "MountedLocation": "RightLeg", 
            "ComponentDefID": "emod_leg_upper", 
            "SimGameUID": "", 
            "ComponentDefType": "Upgrade", 
            "HardpointSlot": 0, 
            "GUID": null, 
            "DamageLevel": "Functional", 
            "prefabName": null, 
            "hasPrefabName": false
        }, 
        {
            "MountedLocation": "RightLeg", 
            "ComponentDefID": "emod_leg_lower", 
            "SimGameUID": "", 
            "ComponentDefType": "Upgrade", 
            "HardpointSlot": 0, 
            "GUID": null, 
            "DamageLevel": "Functional", 
            "prefabName": null, 
            "hasPrefabName": false
        }, 
        {
            "MountedLocation": "RightLeg", 
            "ComponentDefID": "emod_leg_foot", 
            "SimGameUID": "", 
            "ComponentDefType": "Upgrade", 
            "HardpointSlot": 0, 
            "GUID": null, 
            "DamageLevel": "Functional", 
            "prefabName": null, 
            "hasPrefabName": false
        }, 
        {
            "MountedLocation": "LeftTorso", 
            "ComponentDefID": "Ammo_AmmunitionBox_Generic_LRM", 
            "SimGameUID": null, 
            "ComponentDefType": "AmmunitionBox", 
            "HardpointSlot": -1, 
            "GUID": null, 
            "DamageLevel": "Functional", 
            "prefabName": null, 
            "hasPrefabName": false
        }, 
        {
            "MountedLocation": "RightTorso", 
            "ComponentDefID": "Ammo_AmmunitionBox_Generic_LRM", 
            "SimGameUID": null, 
            "ComponentDefType": "AmmunitionBox", 
            "HardpointSlot": -1, 
            "GUID": null, 
            "DamageLevel": "Functional", 
            "prefabName": null, 
            "hasPrefabName": false
        }, 
        {
            "MountedLocation": "Head", 
            "ComponentDefID": "Gear_Cockpit_LifeSupportA_Standard", 
            "SimGameUID": "", 
            "ComponentDefType": "Upgrade", 
            "HardpointSlot": -1, 
            "GUID": null, 
            "DamageLevel": "Functional", 
            "prefabName": null, 
            "hasPrefabName": false
        }, 
        {
            "MountedLocation": "Head", 
            "ComponentDefID": "Gear_FCS_Generic_Standard", 
            "SimGameUID": "", 
            "ComponentDefType": "Upgrade", 
            "HardpointSlot": -1, 
            "GUID": null, 
            "DamageLevel": "Functional", 
            "prefabName": null, 
            "hasPrefabName": false
        }, 
        {
            "MountedLocation": "Head", 
            "ComponentDefID": "Gear_Sensors_Generic_Standard", 
            "SimGameUID": "", 
            "ComponentDefType": "Upgrade", 
            "HardpointSlot": -1, 
            "GUID": null, 
            "DamageLevel": "Functional", 
            "prefabName": null, 
            "hasPrefabName": false
        }, 
        {
            "MountedLocation": "Head", 
            "ComponentDefID": "Gear_Cockpit_LifeSupportB_Standard", 
            "SimGameUID": "", 
            "ComponentDefType": "Upgrade", 
            "HardpointSlot": -1, 
            "GUID": null, 
            "DamageLevel": "Functional", 
            "prefabName": null, 
            "hasPrefabName": false
        }, 
        {
            "MountedLocation": "CenterTorso", 
            "ComponentDefID": "Gear_HandHeld_Slot", 
            "SimGameUID": "", 
            "ComponentDefType": "Upgrade", 
            "HardpointSlot": -1, 
            "GUID": null, 
            "DamageLevel": "Functional", 
            "prefabName": null, 
            "hasPrefabName": false
        }, 
        {
            "MountedLocation": "CenterTorso", 
            "ComponentDefID": "Gear_HandHeld_Slot", 
            "SimGameUID": "", 
            "ComponentDefType": "Upgrade", 
            "HardpointSlot": -1, 
            "GUID": null, 
            "DamageLevel": "Functional", 
            "prefabName": null, 
            "hasPrefabName": false
        }, 
        {
            "MountedLocation": "RightArm", 
            "ComponentDefID": "Weapon_Laser_MediumLaser_1-Intek", 
            "SimGameUID": "", 
            "ComponentDefType": "Weapon", 
            "HardpointSlot": 0, 
            "GUID": null, 
            "DamageLevel": "Functional", 
            "prefabName": null, 
            "hasPrefabName": false
        }, 
        {
            "MountedLocation": "RightArm", 
            "ComponentDefID": "Weapon_Laser_MediumLaser_1-Intek", 
            "SimGameUID": "", 
            "ComponentDefType": "Weapon", 
            "HardpointSlot": 1, 
            "GUID": null, 
            "DamageLevel": "Functional", 
            "prefabName": null, 
            "hasPrefabName": false
        }, 
        {
            "MountedLocation": "LeftArm", 
            "ComponentDefID": "Weapon_Laser_MediumLaser_1-Intek", 
            "SimGameUID": "", 
            "ComponentDefType": "Weapon", 
            "HardpointSlot": 1, 
            "GUID": null, 
            "DamageLevel": "Functional", 
            "prefabName": null, 
            "hasPrefabName": false
        }, 
        {
            "MountedLocation": "RightTorso", 
            "ComponentDefID": "Weapon_LRM_LRM15_1-Telos", 
            "SimGameUID": "", 
            "ComponentDefType": "Weapon", 
            "HardpointSlot": 0, 
            "GUID": null, 
            "DamageLevel": "Functional", 
            "prefabName": null, 
            "hasPrefabName": false
        }, 
        {
            "MountedLocation": "LeftArm", 
            "ComponentDefID": "Weapon_LRM_LRM15_1-Telos", 
            "SimGameUID": "", 
            "ComponentDefType": "Weapon", 
            "HardpointSlot": 1, 
            "GUID": null, 
            "DamageLevel": "Functional", 
            "prefabName": null, 
            "hasPrefabName": false
        }
    ], 
    "simGameMechPartCost": 953040
}