{
    "MechTags": {
        "items": [
            "unit_release"
        ], 
        "tagSetSourceFile": ""
    }, 
    "ChassisID": "chassisdef_griffin_GDL GRF-1N", 
    "HeraldryID": null, 
    "Description": {
        "Cost": 1003316, 
        "Rarity": 1, 
        "Purchasable": false, 
        "Manufacturer": null, 
        "Model": null, 
        "UIName": "Griffin GDL GRF-1N", 
        "Id": "mechdef_griffin_GDL GRF-1N", 
        "Name": "Griffin", 
        "Details": "__/Base_3061.chassisdef_griffin_GRF-1N.Details/__", 
        "Icon": "uixTxrIcon_griffin"
    }, 
    "RequiredToSpawnCompanyTags": {
        "items": [], 
        "tagSetSourceFile": ""
    }, 
    "MinAppearanceDate": null, 
    "prefabOverride": null, 
    "Version": 1, 
    "Locations": [
        {
            "DamageLevel": "Functional", 
            "Location": "Head", 
            "CurrentArmor": 45, 
            "CurrentRearArmor": 0, 
            "CurrentInternalStructure": 16, 
            "AssignedArmor": 45, 
            "AssignedRearArmor": 0
        }, 
        {
            "DamageLevel": "Functional", 
            "Location": "CenterTorso", 
            "CurrentArmor": 100, 
            "CurrentRearArmor": 35, 
            "CurrentInternalStructure": 90, 
            "AssignedArmor": 100, 
            "AssignedRearArmor": 35
        }, 
        {
            "DamageLevel": "Functional", 
            "Location": "LeftTorso", 
            "CurrentArmor": 100, 
            "CurrentRearArmor": 30, 
            "CurrentInternalStructure": 65, 
            "AssignedArmor": 100, 
            "AssignedRearArmor": 30
        }, 
        {
            "DamageLevel": "Functional", 
            "Location": "RightTorso", 
            "CurrentArmor": 100, 
            "CurrentRearArmor": 30, 
            "CurrentInternalStructure": 65, 
            "AssignedArmor": 100, 
            "AssignedRearArmor": 30
        }, 
        {
            "DamageLevel": "Functional", 
            "Location": "LeftArm", 
            "CurrentArmor": 70, 
            "CurrentRearArmor": 0, 
            "CurrentInternalStructure": 45, 
            "AssignedArmor": 70, 
            "AssignedRearArmor": 0
        }, 
        {
            "DamageLevel": "Functional", 
            "Location": "RightArm", 
            "CurrentArmor": 70, 
            "CurrentRearArmor": 0, 
            "CurrentInternalStructure": 45, 
            "AssignedArmor": 70, 
            "AssignedRearArmor": 0
        }, 
        {
            "DamageLevel": "Functional", 
            "Location": "LeftLeg", 
            "CurrentArmor": 90, 
            "CurrentRearArmor": 0, 
            "CurrentInternalStructure": 65, 
            "AssignedArmor": 90, 
            "AssignedRearArmor": 0
        }, 
        {
            "DamageLevel": "Functional", 
            "Location": "RightLeg", 
            "CurrentArmor": 90, 
            "CurrentRearArmor": 0, 
            "CurrentInternalStructure": 65, 
            "AssignedArmor": 90, 
            "AssignedRearArmor": 0
        }
    ], 
    "inventory": [
        {
            "MountedLocation": "CenterTorso", 
            "ComponentDefID": "emod_armorslots_standard", 
            "SimGameUID": null, 
            "ComponentDefType": "Upgrade", 
            "HardpointSlot": -1, 
            "GUID": null, 
            "DamageLevel": "Functional", 
            "prefabName": null, 
            "hasPrefabName": false
        }, 
        {
            "MountedLocation": "CenterTorso", 
            "ComponentDefID": "emod_structureslots_standard", 
            "SimGameUID": null, 
            "ComponentDefType": "Upgrade", 
            "HardpointSlot": -1, 
            "GUID": null, 
            "DamageLevel": "Functional", 
            "prefabName": null, 
            "hasPrefabName": false
        }, 
        {
            "MountedLocation": "CenterTorso", 
            "ComponentDefID": "emod_engine_275", 
            "SimGameUID": null, 
            "ComponentDefType": "HeatSink", 
            "HardpointSlot": -1, 
            "GUID": null, 
            "DamageLevel": "Functional", 
            "prefabName": null, 
            "hasPrefabName": false
        }, 
        {
            "MountedLocation": "CenterTorso", 
            "ComponentDefID": "emod_kit_shs", 
            "SimGameUID": null, 
            "ComponentDefType": "HeatSink", 
            "HardpointSlot": -1, 
            "GUID": null, 
            "DamageLevel": "Functional", 
            "prefabName": null, 
            "hasPrefabName": false
        }, 
        {
            "MountedLocation": "CenterTorso", 
            "ComponentDefID": "Gear_Engine_Heatsinks", 
            "SimGameUID": null, 
            "ComponentDefType": "HeatSink", 
            "HardpointSlot": -1, 
            "GUID": null, 
            "DamageLevel": "Functional", 
            "prefabName": null, 
            "hasPrefabName": false
        }, 
        {
            "MountedLocation": "CenterTorso", 
            "ComponentDefID": "Gear_Gyro_Generic_Standard", 
            "SimGameUID": null, 
            "ComponentDefType": "Upgrade", 
            "HardpointSlot": -1, 
            "GUID": null, 
            "DamageLevel": "Functional", 
            "prefabName": null, 
            "hasPrefabName": false
        }, 
        {
            "MountedLocation": "CenterTorso", 
            "ComponentDefID": "emod_engineslots_std_center", 
            "SimGameUID": null, 
            "ComponentDefType": "HeatSink", 
            "HardpointSlot": -1, 
            "GUID": null, 
            "DamageLevel": "Functional", 
            "prefabName": null, 
            "hasPrefabName": false
        }, 
        {
            "MountedLocation": "Head", 
            "ComponentDefID": "Gear_Cockpit_Generic_Standard", 
            "SimGameUID": null, 
            "ComponentDefType": "Upgrade", 
            "HardpointSlot": -1, 
            "GUID": null, 
            "DamageLevel": "Functional", 
            "prefabName": null, 
            "hasPrefabName": false
        }, 
        {
            "MountedLocation": "LeftArm", 
            "ComponentDefID": "emod_arm_part_shoulder", 
            "SimGameUID": "", 
            "ComponentDefType": "Upgrade", 
            "HardpointSlot": 0, 
            "GUID": null, 
            "DamageLevel": "Functional", 
            "prefabName": null, 
            "hasPrefabName": false
        }, 
        {
            "MountedLocation": "LeftArm", 
            "ComponentDefID": "emod_arm_part_upper", 
            "SimGameUID": "", 
            "ComponentDefType": "Upgrade", 
            "HardpointSlot": 0, 
            "GUID": null, 
            "DamageLevel": "Functional", 
            "prefabName": null, 
            "hasPrefabName": false
        }, 
        {
            "MountedLocation": "LeftArm", 
            "ComponentDefID": "emod_arm_part_lower", 
            "SimGameUID": "", 
            "ComponentDefType": "Upgrade", 
            "HardpointSlot": 0, 
            "GUID": null, 
            "DamageLevel": "Functional", 
            "prefabName": null, 
            "hasPrefabName": false
        }, 
        {
            "MountedLocation": "LeftArm", 
            "ComponentDefID": "emod_arm_part_hand", 
            "SimGameUID": "", 
            "ComponentDefType": "Upgrade", 
            "HardpointSlot": 0, 
            "GUID": null, 
            "DamageLevel": "Functional", 
            "prefabName": null, 
            "hasPrefabName": false
        }, 
        {
            "MountedLocation": "RightArm", 
            "ComponentDefID": "emod_arm_part_shoulder", 
            "SimGameUID": "", 
            "ComponentDefType": "Upgrade", 
            "HardpointSlot": 0, 
            "GUID": null, 
            "DamageLevel": "Functional", 
            "prefabName": null, 
            "hasPrefabName": false
        }, 
        {
            "MountedLocation": "RightArm", 
            "ComponentDefID": "emod_arm_part_upper", 
            "SimGameUID": "", 
            "ComponentDefType": "Upgrade", 
            "HardpointSlot": 0, 
            "GUID": null, 
            "DamageLevel": "Functional", 
            "prefabName": null, 
            "hasPrefabName": false
        }, 
        {
            "MountedLocation": "RightArm", 
            "ComponentDefID": "emod_arm_part_lower", 
            "SimGameUID": "", 
            "ComponentDefType": "Upgrade", 
            "HardpointSlot": 0, 
            "GUID": null, 
            "DamageLevel": "Functional", 
            "prefabName": null, 
            "hasPrefabName": false
        }, 
        {
            "MountedLocation": "RightArm", 
            "ComponentDefID": "emod_arm_part_hand", 
            "SimGameUID": "", 
            "ComponentDefType": "Upgrade", 
            "HardpointSlot": 0, 
            "GUID": null, 
            "DamageLevel": "Functional", 
            "prefabName": null, 
            "hasPrefabName": false
        }, 
        {
            "MountedLocation": "LeftLeg", 
            "ComponentDefID": "emod_leg_hip", 
            "SimGameUID": "", 
            "ComponentDefType": "Upgrade", 
            "HardpointSlot": 0, 
            "GUID": null, 
            "DamageLevel": "Functional", 
            "prefabName": null, 
            "hasPrefabName": false
        }, 
        {
            "MountedLocation": "LeftLeg", 
            "ComponentDefID": "emod_leg_upper", 
            "SimGameUID": "", 
            "ComponentDefType": "Upgrade", 
            "HardpointSlot": 0, 
            "GUID": null, 
            "DamageLevel": "Functional", 
            "prefabName": null, 
            "hasPrefabName": false
        }, 
        {
            "MountedLocation": "LeftLeg", 
            "ComponentDefID": "emod_leg_lower", 
            "SimGameUID": "", 
            "ComponentDefType": "Upgrade", 
            "HardpointSlot": 0, 
            "GUID": null, 
            "DamageLevel": "Functional", 
            "prefabName": null, 
            "hasPrefabName": false
        }, 
        {
            "MountedLocation": "LeftLeg", 
            "ComponentDefID": "emod_leg_foot", 
            "SimGameUID": "", 
            "ComponentDefType": "Upgrade", 
            "HardpointSlot": 0, 
            "GUID": null, 
            "DamageLevel": "Functional", 
            "prefabName": null, 
            "hasPrefabName": false
        }, 
        {
            "MountedLocation": "RightLeg", 
            "ComponentDefID": "emod_leg_hip", 
            "SimGameUID": "", 
            "ComponentDefType": "Upgrade", 
            "HardpointSlot": 0, 
            "GUID": null, 
            "DamageLevel": "Functional", 
            "prefabName": null, 
            "hasPrefabName": false
        }, 
        {
            "MountedLocation": "RightLeg", 
            "ComponentDefID": "emod_leg_upper", 
            "SimGameUID": "", 
            "ComponentDefType": "Upgrade", 
            "HardpointSlot": 0, 
            "GUID": null, 
            "DamageLevel": "Functional", 
            "prefabName": null, 
            "hasPrefabName": false
        }, 
        {
            "MountedLocation": "RightLeg", 
            "ComponentDefID": "emod_leg_lower", 
            "SimGameUID": "", 
            "ComponentDefType": "Upgrade", 
            "HardpointSlot": 0, 
            "GUID": null, 
            "DamageLevel": "Functional", 
            "prefabName": null, 
            "hasPrefabName": false
        }, 
        {
            "MountedLocation": "RightLeg", 
            "ComponentDefID": "emod_leg_foot", 
            "SimGameUID": "", 
            "ComponentDefType": "Upgrade", 
            "HardpointSlot": 0, 
            "GUID": null, 
            "DamageLevel": "Functional", 
            "prefabName": null, 
            "hasPrefabName": false
        }, 
        {
            "MountedLocation": "LeftTorso", 
            "ComponentDefID": "Gear_JumpJet_Generic_Standard", 
            "SimGameUID": null, 
            "ComponentDefType": "JumpJet", 
            "HardpointSlot": -1, 
            "GUID": null, 
            "DamageLevel": "Functional", 
            "prefabName": null, 
            "hasPrefabName": false
        }, 
        {
            "MountedLocation": "LeftTorso", 
            "ComponentDefID": "Gear_JumpJet_Generic_Standard", 
            "SimGameUID": null, 
            "ComponentDefType": "JumpJet", 
            "HardpointSlot": -1, 
            "GUID": null, 
            "DamageLevel": "Functional", 
            "prefabName": null, 
            "hasPrefabName": false
        }, 
        {
            "MountedLocation": "CenterTorso", 
            "ComponentDefID": "Gear_JumpJet_Generic_Standard", 
            "SimGameUID": null, 
            "ComponentDefType": "JumpJet", 
            "HardpointSlot": -1, 
            "GUID": null, 
            "DamageLevel": "Functional", 
            "prefabName": null, 
            "hasPrefabName": false
        }, 
        {
            "MountedLocation": "RightTorso", 
            "ComponentDefID": "Gear_JumpJet_Generic_Standard", 
            "SimGameUID": null, 
            "ComponentDefType": "JumpJet", 
            "HardpointSlot": -1, 
            "GUID": null, 
            "DamageLevel": "Functional", 
            "prefabName": null, 
            "hasPrefabName": false
        }, 
        {
            "MountedLocation": "RightTorso", 
            "ComponentDefID": "Gear_JumpJet_Generic_Standard", 
            "SimGameUID": null, 
            "ComponentDefType": "JumpJet", 
            "HardpointSlot": -1, 
            "GUID": null, 
            "DamageLevel": "Functional", 
            "prefabName": null, 
            "hasPrefabName": false
        }, 
        {
            "MountedLocation": "RightTorso", 
            "ComponentDefID": "Ammo_AmmunitionBox_Generic_LRM", 
            "SimGameUID": null, 
            "ComponentDefType": "AmmunitionBox", 
            "HardpointSlot": -1, 
            "GUID": null, 
            "DamageLevel": "Functional", 
            "prefabName": null, 
            "hasPrefabName": false
        }, 
        {
            "MountedLocation": "RightTorso", 
            "ComponentDefID": "Ammo_AmmunitionBox_Generic_LRM", 
            "SimGameUID": null, 
            "ComponentDefType": "AmmunitionBox", 
            "HardpointSlot": -1, 
            "GUID": null, 
            "DamageLevel": "Functional", 
            "prefabName": null, 
            "hasPrefabName": false
        }, 
        {
            "MountedLocation": "LeftLeg", 
            "ComponentDefID": "Gear_HeatSink_Generic_Standard", 
            "SimGameUID": null, 
            "ComponentDefType": "HeatSink", 
            "HardpointSlot": -1, 
            "GUID": null, 
            "DamageLevel": "Functional", 
            "prefabName": null, 
            "hasPrefabName": false
        }, 
        {
            "MountedLocation": "RightLeg", 
            "ComponentDefID": "Gear_HeatSink_Generic_Standard", 
            "SimGameUID": null, 
            "ComponentDefType": "HeatSink", 
            "HardpointSlot": -1, 
            "GUID": null, 
            "DamageLevel": "Functional", 
            "prefabName": null, 
            "hasPrefabName": false
        }, 
        {
            "MountedLocation": "Head", 
            "ComponentDefID": "Gear_Cockpit_LifeSupportA_Standard", 
            "SimGameUID": "", 
            "ComponentDefType": "Upgrade", 
            "HardpointSlot": -1, 
            "GUID": null, 
            "DamageLevel": "Functional", 
            "prefabName": null, 
            "hasPrefabName": false
        }, 
        {
            "MountedLocation": "Head", 
            "ComponentDefID": "Gear_FCS_Generic_Standard", 
            "SimGameUID": "", 
            "ComponentDefType": "Upgrade", 
            "HardpointSlot": -1, 
            "GUID": null, 
            "DamageLevel": "Functional", 
            "prefabName": null, 
            "hasPrefabName": false
        }, 
        {
            "MountedLocation": "Head", 
            "ComponentDefID": "Gear_Sensors_Generic_Standard", 
            "SimGameUID": "", 
            "ComponentDefType": "Upgrade", 
            "HardpointSlot": -1, 
            "GUID": null, 
            "DamageLevel": "Functional", 
            "prefabName": null, 
            "hasPrefabName": false
        }, 
        {
            "MountedLocation": "Head", 
            "ComponentDefID": "Gear_Cockpit_LifeSupportB_Standard", 
            "SimGameUID": "", 
            "ComponentDefType": "Upgrade", 
            "HardpointSlot": -1, 
            "GUID": null, 
            "DamageLevel": "Functional", 
            "prefabName": null, 
            "hasPrefabName": false
        }, 
        {
            "MountedLocation": "CenterTorso", 
            "ComponentDefID": "Gear_HandHeld_Slot", 
            "SimGameUID": "", 
            "ComponentDefType": "Upgrade", 
            "HardpointSlot": -1, 
            "GUID": null, 
            "DamageLevel": "Functional", 
            "prefabName": null, 
            "hasPrefabName": false
        }, 
        {
            "MountedLocation": "CenterTorso", 
            "ComponentDefID": "Gear_HandHeld_Slot", 
            "SimGameUID": "", 
            "ComponentDefType": "Upgrade", 
            "HardpointSlot": -1, 
            "GUID": null, 
            "DamageLevel": "Functional", 
            "prefabName": null, 
            "hasPrefabName": false
        }, 
        {
            "MountedLocation": "RightTorso", 
            "ComponentDefID": "Weapon_LRM_LRM10_1-Telos", 
            "SimGameUID": "", 
            "ComponentDefType": "Weapon", 
            "HardpointSlot": 0, 
            "GUID": null, 
            "DamageLevel": "Functional", 
            "prefabName": null, 
            "hasPrefabName": false
        }, 
        {
            "MountedLocation": "RightArm", 
            "ComponentDefID": "Weapon_PPC_PPC_1-Tiegart", 
            "SimGameUID": "", 
            "ComponentDefType": "Weapon", 
            "HardpointSlot": 0, 
            "GUID": null, 
            "DamageLevel": "Functional", 
            "prefabName": null, 
            "hasPrefabName": false
        }
    ], 
    "simGameMechPartCost": 1003316
}