{
    "Description" : {
        "Id" : "fp_betrayalAtHelm",
        "Name" : "Betrayal At Helm",
        "Details" : "The journey with Grey Death Legion",
        "Icon" : "betrayalAtHelm_titlecard.png"
    },
    "Weight" : 50,
    "InternalName" : "betrayalAtHelm",
    "PublishState" : "PUBLISHED",
    "Difficulty" : 6,
    "Requirements" : [
        {
            "Scope" : "Company",
            "RequirementTags" : {
                "items" : [
                    "fp_finished_birthOfALegend"
                ],
                "tagSetSourceFile" : "Tags/CompanyTags"
            },
            "ExclusionTags" : {
                "items" : [],
                "tagSetSourceFile" : ""
            },
            "RequirementComparisons" : []
        }
    ],
    "LocationRequirements" : {
        "Scope" : "StarSystem",
        "RequirementTags" : {
            "items" : [
                "planet_name_helm"
            ],
            "tagSetSourceFile" : "Tags/PlanetNameTags"
        },
        "ExclusionTags" : {
            "items" : [
                "fp_finished_betrayalAtHelm"
            ],
            "tagSetSourceFile" : ""
        },
        "RequirementComparisons" : []
    },
    "PotentialEmployers" : [
        "GrayDeathLegion"
    ],
    "TargetFaction" : "Unknown",
    "AllowRefitTime" : false,
    "FlashpointLength" : "LONG",
    "Repeatable" : false,
    "MilestoneSetID" : "ms_fp_betrayalAtHelm",
    "UseAvailableTimeoutOverride" : false,
    "AvailableTimeout" : 0,
    "UseInProgressTimeoutOverride" : false,
    "InProgressTimeout" : 0,
    "RewardCollectionID" : "itemCollection_loot_Weapon_SLDF",
    "UnitDropTonnageHint" : "None",
    "LanceDropTonnageHint" : "None",
    "FlashpointShortDescription" : "Gray Death Legion is currently located at Helm. It looks like Grayson is onto something important, but he wouldn't tell me and wanted to speak with you personally.",
    "FlashpointDescriberCastDefId" : "castDef_DariusDefault",
    "Tags" : {
        "items" : [],
        "tagSetSourceFile" : "tags/FlashpointTags"
    }
}