{
    "Description" : {
        "Id" : "fp_solaris_championship_assault",
        "Name" : "Solaris Assault Championship",
        "Details" : "Solaris Assault Championship",
        "Icon" : "solaris7_titlecard.png"
    },
    "Weight" : 10000,
    "InternalName" : "solaris_championship_assault",
    "PublishState" : "PUBLISHED",
    "Difficulty" : 4,
    "Requirements" : [
        {
            "Scope" : "Company",
            "RequirementTags" : {
                "items" : [
                    "company_solaris_season_assault"
                ],
                "tagSetSourceFile" : "Tags/CompanyTags"
            },
            "ExclusionTags" : {
                "items" : [],
                "tagSetSourceFile" : ""
            },
            "RequirementComparisons" : [
                {
                    "obj" : "Reputation.Solaris7",
                    "op" : "GreaterThan",
                    "val" : 85,
                    "valueConstant" : "[rep_liked_min]"
                }
            ]
        }
    ],
    "LocationRequirements" : {
        "Scope" : "StarSystem",
        "RequirementTags" : {
            "items" : [
                "planet_name_solaris"
            ],
            "tagSetSourceFile" : "Tags/PlanetNameTags"
        },
        "ExclusionTags" : {
            "items" : [],
            "tagSetSourceFile" : ""
        },
        "RequirementComparisons" : []
    },
    "PotentialEmployers" : [
        "Solaris7"
    ],
    "TargetFaction" : "Unknown",
    "AllowRefitTime" : true,
    "FlashpointLength" : "LONG",
    "Repeatable" : true,
    "MilestoneSetID" : "ms_fp_solaris_championship_assault",
    "UseAvailableTimeoutOverride" : true,
    "AvailableTimeout" : 60,
    "UseInProgressTimeoutOverride" : false,
    "InProgressTimeout" : 0,
    "RewardCollectionID" : null,
    "UnitDropTonnageHint" : "",
    "LanceDropTonnageHint" : "None",
    "FlashpointShortDescription" : "You have qualified for Solaris Assault Championship. 128 mechwarriors will participate in the play-off to become the Champion in the weight class for mechs from 76 to 100 tons.",
    "FlashpointDescriberCastDefId" : "castDef_DariusDefault",
    "Tags" : {
        "items" : [],
        "tagSetSourceFile" : "tags/FlashpointTags"
    }
}