{
    "Description": {
        "Cost": 6800000,
        "Rarity": 1,
        "Purchasable": true,
        "Manufacturer": "",
        "Model": "",
        "UIName": "GDL Warhammer",
        "Id": "chassisdef_warhammer_GDL_WHM-6R",
        "Name": "Warhammer",
        "Details": "The 6R Warhammer is a legendary 'Mech that's often found in the thick of combat, hurling PPC bolts at its foes. It's not the most heavily armored brawler, but it tends to give at least as good as it gets, especially with any Energy-based weapons.",
        "Icon": "uixTxrIcon_warhammer"
    },
    "MovementCapDefID": "movedef_warhammer_WHM-6R",
    "PathingCapDefID": "pathingdef_heavy",
    "HardpointDataDefID": "hardpointdatadef_warhammer",
    "PrefabIdentifier": "chrPrfMech_warhammerBase-001",
    "PrefabBase": "warhammer",
    "Tonnage": 70,
    "InitialTonnage": 29,
    "weightClass": "HEAVY",
    "Heatsinks": 0,
    "MaxJumpjets": 4,
    "Stability": 160,
    "StabilityDefenses": [
        0,
        0,
        0,
        0,
        0,
        0
    ],
    "SpotterDistanceMultiplier": 1,
    "VisibilityMultiplier": 1,
    "SensorRangeMultiplier": 1,
    "Signature": 0,
    "Radius": 8,
    "PunchesWithLeftArm": false,
    "MeleeDamage": 100,
    "MeleeInstability": 70,
    "MeleeToHitModifier": 0,
    "DFADamage": 90,
    "DFAToHitModifier": 0,
    "DFASelfDamage": 90,
    "DFAInstability": 90,
    "Locations": [
        {
            "Location": "Head",
            "Hardpoints": [],
            "Tonnage": 0,
            "InventorySlots": 1,
            "MaxArmor": 45,
            "MaxRearArmor": -1,
            "InternalStructure": 16
        },
        {
            "Location": "LeftArm",
            "Hardpoints": [
                {
                    "WeaponMount": "Energy",
                    "Omni": false
                }
            ],
            "Tonnage": 0,
            "InventorySlots": 8,
            "MaxArmor": 110,
            "MaxRearArmor": -1,
            "InternalStructure": 55
        },
        {
            "Location": "LeftTorso",
            "Hardpoints": [
                {
                    "WeaponMount": "Ballistic",
                    "Omni": false
                },
                {
                    "WeaponMount": "Energy",
                    "Omni": false
                },
                {
                    "WeaponMount": "AntiPersonnel",
                    "Omni": false
                },
                {
                    "WeaponMount": "AntiPersonnel",
                    "Omni": false
                }
            ],
            "Tonnage": 0,
            "InventorySlots": 10,
            "MaxArmor": 150,
            "MaxRearArmor": 75,
            "InternalStructure": 75
        },
        {
            "Location": "CenterTorso",
            "Hardpoints": [],
            "Tonnage": 0,
            "InventorySlots": 4,
            "MaxArmor": 220,
            "MaxRearArmor": 110,
            "InternalStructure": 110
        },
        {
            "Location": "RightTorso",
            "Hardpoints": [
                {
                    "WeaponMount": "Energy",
                    "Omni": false
                },
                {
                    "WeaponMount": "Missile",
                    "Omni": false
                },
                {
                    "WeaponMount": "AntiPersonnel",
                    "Omni": false
                },
                {
                    "WeaponMount": "AntiPersonnel",
                    "Omni": false
                }
            ],
            "Tonnage": 0,
            "InventorySlots": 10,
            "MaxArmor": 150,
            "MaxRearArmor": 75,
            "InternalStructure": 75
        },
        {
            "Location": "RightArm",
            "Hardpoints": [
                {
                    "WeaponMount": "Energy",
                    "Omni": false
                }
            ],
            "Tonnage": 0,
            "InventorySlots": 8,
            "MaxArmor": 110,
            "MaxRearArmor": -1,
            "InternalStructure": 55
        },
        {
            "Location": "LeftLeg",
            "Hardpoints": [],
            "Tonnage": 0,
            "InventorySlots": 4,
            "MaxArmor": 150,
            "MaxRearArmor": -1,
            "InternalStructure": 75
        },
        {
            "Location": "RightLeg",
            "Hardpoints": [],
            "Tonnage": 0,
            "InventorySlots": 4,
            "MaxArmor": 150,
            "MaxRearArmor": -1,
            "InternalStructure": 75
        }
    ],
    "LOSSourcePositions": [
        {
            "x": 0,
            "y": 15,
            "z": 1
        },
        {
            "x": 4,
            "y": 14,
            "z": 0
        },
        {
            "x": -4,
            "y": 14,
            "z": 0
        }
    ],
    "LOSTargetPositions": [
        {
            "x": 0,
            "y": 15,
            "z": 1
        },
        {
            "x": 4,
            "y": 14,
            "z": 0
        },
        {
            "x": -4,
            "y": 14,
            "z": 0
        },
        {
            "x": 2.5,
            "y": 5,
            "z": 1
        },
        {
            "x": -2.5,
            "y": 5,
            "z": 1
        }
    ],
    "VariantName": "GDL WHM-6R",
    "ChassisTags": {
        "items": [],
        "tagSetSourceFile": ""
    },
    "StockRole": "Brawler",
    "YangsThoughts": "The 6R Warhammer is a legendary 'Mech that's often found in the thick of combat, hurling PPC bolts at its foes. It's not the most heavily armored brawler, but it tends to give at least as good as it gets, especially with any Energy-based weapons.",
    "FixedEquipment" : [
        {
            "MountedLocation" : "CenterTorso",
            "ComponentDefID" : "Gear_General_Optimized_Capacitors",
            "SimGameUID" : "",
            "ComponentDefType" : "Upgrade",
            "HardpointSlot" : -1,
            "IsFixed" : true,
            "GUID" : null,
            "DamageLevel" : "Functional",
            "prefabName" : null,
            "hasPrefabName" : false
        }
    ]
}