{
    "Description": {
        "Cost": 7400000,
        "Rarity": 1,
        "Purchasable": false,
        "Manufacturer": "",
        "Model": "",
        "UIName": "Marauder",
        "Id": "chassisdef_marauder_GDL_MAD-3R",
        "Name": "Marauder",
        "Details": "Perhaps one of the best-known 'Mechs in existence, the Marauder makes a worthy opponent on the battlefield. It's no slouch at midrange combat, but experienced MechWarriors will hang back at longer ranges to let its PPCs and AC/5 punish targets from afar.",
        "Icon": "uixTxrIcon_marauder"
    },
    "MovementCapDefID": "movedef_marauder_MAD-3R",
    "PathingCapDefID": "pathingdef_heavy",
    "HardpointDataDefID": "hardpointdatadef_marauder",
    "PrefabIdentifier": "chrPrfMech_marauderBase-001",
    "PrefabBase": "marauder",
    "Tonnage": 75,
    "InitialTonnage": 32.5,
    "weightClass": "HEAVY",
    "Heatsinks": 0,
    "MaxJumpjets": 4,
    "Stability": 160,
    "StabilityDefenses": [
        0,
        0,
        0,
        0,
        0,
        0
    ],
    "SpotterDistanceMultiplier": 1,
    "VisibilityMultiplier": 1,
    "SensorRangeMultiplier": 1,
    "Signature": 0,
    "Radius": 8,
    "PunchesWithLeftArm": false,
    "MeleeDamage": 95,
    "MeleeInstability": 75,
    "MeleeToHitModifier": 0,
    "DFADamage": 95,
    "DFAToHitModifier": 0,
    "DFASelfDamage": 95,
    "DFAInstability": 95,
    "Locations": [
        {
            "Location": "Head",
            "Hardpoints": [],
            "Tonnage": 0,
            "InventorySlots": 1,
            "MaxArmor": 45,
            "MaxRearArmor": -1,
            "InternalStructure": 16
        },
        {
            "Location": "LeftArm",
            "Hardpoints": [
                {
                    "WeaponMount": "Energy",
                    "Omni": false
                },
                {
                    "WeaponMount": "Energy",
                    "Omni": false
                },
                {
                    "WeaponMount": "AntiPersonnel",
                    "Omni": false
                }
            ],
            "Tonnage": 0,
            "InventorySlots": 8,
            "MaxArmor": 120,
            "MaxRearArmor": -1,
            "InternalStructure": 60
        },
        {
            "Location": "LeftTorso",
            "Hardpoints": [],
            "Tonnage": 0,
            "InventorySlots": 10,
            "MaxArmor": 160,
            "MaxRearArmor": 80,
            "InternalStructure": 80
        },
        {
            "Location": "CenterTorso",
            "Hardpoints": [],
            "Tonnage": 0,
            "InventorySlots": 4,
            "MaxArmor": 230,
            "MaxRearArmor": 115,
            "InternalStructure": 115
        },
        {
            "Location": "RightTorso",
            "Hardpoints": [
                {
                    "WeaponMount": "Ballistic",
                    "Omni": false
                },
                {
                    "WeaponMount": "Ballistic",
                    "Omni": false
                },
                {
                    "WeaponMount": "Ballistic",
                    "Omni": false
                }
            ],
            "Tonnage": 0,
            "InventorySlots": 10,
            "MaxArmor": 160,
            "MaxRearArmor": 80,
            "InternalStructure": 80
        },
        {
            "Location": "RightArm",
            "Hardpoints": [
                {
                    "WeaponMount": "Energy",
                    "Omni": false
                },
                {
                    "WeaponMount": "Energy",
                    "Omni": false
                },
                {
                    "WeaponMount": "AntiPersonnel",
                    "Omni": false
                }
            ],
            "Tonnage": 0,
            "InventorySlots": 8,
            "MaxArmor": 120,
            "MaxRearArmor": -1,
            "InternalStructure": 60
        },
        {
            "Location": "LeftLeg",
            "Hardpoints": [],
            "Tonnage": 0,
            "InventorySlots": 4,
            "MaxArmor": 160,
            "MaxRearArmor": -1,
            "InternalStructure": 80
        },
        {
            "Location": "RightLeg",
            "Hardpoints": [],
            "Tonnage": 0,
            "InventorySlots": 4,
            "MaxArmor": 160,
            "MaxRearArmor": -1,
            "InternalStructure": 80
        }
    ],
    "LOSSourcePositions": [
        {
            "x": 0,
            "y": 13.5,
            "z": 1
        },
        {
            "x": 3,
            "y": 13,
            "z": -1
        },
        {
            "x": -3,
            "y": 13,
            "z": -1
        }
    ],
    "LOSTargetPositions": [
        {
            "x": 0,
            "y": 13.5,
            "z": 1
        },
        {
            "x": 3,
            "y": 13,
            "z": -1
        },
        {
            "x": -3,
            "y": 13,
            "z": -1
        },
        {
            "x": 2.5,
            "y": 7,
            "z": -2.5
        },
        {
            "x": -2.5,
            "y": 7,
            "z": -2.5
        }
    ],
    "VariantName": "GDL MAD-3R",
    "ChassisTags": {
        "items": [
	        "BLACKLISTED"
	],
        "tagSetSourceFile": ""
    },
    "StockRole": "Ranged Assault",
    "YangsThoughts": "Perhaps one of the best-known 'Mechs in existence, the Marauder makes a worthy opponent on the battlefield. It's no slouch at midrange combat, but experienced MechWarriors will hang back at longer ranges to let its PPCs and AC/5 punish targets from afar.",
    "FixedEquipment" : [
        {
            "MountedLocation" : "LeftTorso",
            "ComponentDefID" : "Gear_General_Lance_Command_Module",
            "SimGameUID" : "",
            "ComponentDefType" : "Upgrade",
            "HardpointSlot" : -1,
            "IsFixed" : true,
            "GUID" : null,
            "DamageLevel" : "Functional",
            "prefabName" : null,
            "hasPrefabName" : false
        }
    ]
}