{
  "Description": {
    "Cost": 6900000,
    "Rarity": 1,
    "Purchasable": true,
    "Manufacturer": "",
    "Model": "",
    "UIName": "GDL Archer",
    "Id": "chassisdef_archer_GDL_ARC-2R",
    "Name": "Archer",
    "Details": "The well-known Archer is the epitome of the \"missile boat\" concept. It is commonly found hurling deadly swarms of LRMs at targets from behind the safety of a hill. It's not too shabby in closer-range fights, either. Its only real weakness is terrible heat management.",
    "Icon": "uixTxrIcon_archer"
  },
  "MovementCapDefID": "movedef_archer_ARC-2R",
  "PathingCapDefID": "pathingdef_assault",
  "HardpointDataDefID": "hardpointdatadef_archer",
  "PrefabIdentifier": "chrPrfMech_archerBase-001",
  "PrefabBase": "archer",
  "Tonnage": 70,
  "InitialTonnage": 29,
  "weightClass": "HEAVY",
  "Heatsinks": 0,
  "MaxJumpjets": 0,
  "Stability": 160,
  "StabilityDefenses": [
    0,
    0,
    0,
    0,
    0,
    0
  ],
  "SpotterDistanceMultiplier": 1,
  "VisibilityMultiplier": 1,
  "SensorRangeMultiplier": 1,
  "Signature": 0,
  "Radius": 8,
  "PunchesWithLeftArm": false,
  "MeleeDamage": 105,
  "MeleeInstability": 70,
  "MeleeToHitModifier": 0,
  "DFADamage": 90,
  "DFAToHitModifier": 0,
  "DFASelfDamage": 90,
  "DFAInstability": 90,
  "Locations": [
    {
      "Location": "Head",
      "Hardpoints": [],
      "Tonnage": 0,
      "InventorySlots": 1,
      "MaxArmor": 45,
      "MaxRearArmor": -1,
      "InternalStructure": 16
    },
    {
      "Location": "LeftArm",
      "Hardpoints": [
        {
          "WeaponMount": "Energy",
          "Omni": false
        },
        {
          "WeaponMount": "AntiPersonnel",
          "Omni": false
        }
      ],
      "Tonnage": 0,
      "InventorySlots": 8,
      "MaxArmor": 110,
      "MaxRearArmor": -1,
      "InternalStructure": 55
    },
    {
      "Location": "LeftTorso",
      "Hardpoints": [
        {
          "WeaponMount": "Missile",
          "Omni": false
        }
      ],
      "Tonnage": 0,
      "InventorySlots": 10,
      "MaxArmor": 150,
      "MaxRearArmor": 75,
      "InternalStructure": 75
    },
    {
      "Location": "CenterTorso",
      "Hardpoints": [
        {
          "WeaponMount": "Energy",
          "Omni": false
        },
        {
          "WeaponMount": "Energy",
          "Omni": false
        }
      ],
      "Tonnage": 0,
      "InventorySlots": 4,
      "MaxArmor": 220,
      "MaxRearArmor": 110,
      "InternalStructure": 110
    },
    {
      "Location": "RightTorso",
      "Hardpoints": [
        {
          "WeaponMount": "Missile",
          "Omni": false
        }
      ],
      "Tonnage": 0,
      "InventorySlots": 10,
      "MaxArmor": 150,
      "MaxRearArmor": 75,
      "InternalStructure": 75
    },
    {
      "Location": "RightArm",
      "Hardpoints": [
        {
          "WeaponMount": "Energy",
          "Omni": false
        },
        {
          "WeaponMount": "AntiPersonnel",
          "Omni": false
        }
      ],
      "Tonnage": 0,
      "InventorySlots": 8,
      "MaxArmor": 110,
      "MaxRearArmor": -1,
      "InternalStructure": 55
    },
    {
      "Location": "LeftLeg",
      "Hardpoints": [],
      "Tonnage": 0,
      "InventorySlots": 4,
      "MaxArmor": 150,
      "MaxRearArmor": -1,
      "InternalStructure": 75
    },
    {
      "Location": "RightLeg",
      "Hardpoints": [],
      "Tonnage": 0,
      "InventorySlots": 4,
      "MaxArmor": 150,
      "MaxRearArmor": -1,
      "InternalStructure": 75
    }
  ],
  "LOSSourcePositions": [
    {
      "x": 0,
      "y": 15,
      "z": -1
    },
    {
      "x": 4,
      "y": 14,
      "z": -0.5
    },
    {
      "x": -4,
      "y": 14,
      "z": -0.5
    }
  ],
  "LOSTargetPositions": [
    {
      "x": 0,
      "y": 15,
      "z": -1
    },
    {
      "x": 4,
      "y": 14,
      "z": -0.5
    },
    {
      "x": -4,
      "y": 14,
      "z": -0.5
    },
    {
      "x": 2.5,
      "y": 5,
      "z": 1
    },
    {
      "x": -2.5,
      "y": 5,
      "z": 1
    }
  ],
  "VariantName": "GDL ARC-2R",
  "ChassisTags": {
    "items": [],
    "tagSetSourceFile": ""
  },
  "YangsThoughts": "The well-known Archer is the epitome of the \"missile boat\" concept. It is commonly found hurling deadly swarms of LRMs at targets from behind the safety of a hill. It's not too shabby in closer-range fights, either. Its only real weakness is terrible heat management.",
  "StockRole": "Missile Boat",
  "FixedEquipment": [
    {
      "MountedLocation": "RightTorso",
      "ComponentDefID": "Gear_General_Enhanced_Missilery_System",
      "SimGameUID": "",
      "ComponentDefType": "Upgrade",
      "HardpointSlot": -1,
      "IsFixed": true,
      "GUID": null,
      "DamageLevel": "Functional",
      "prefabName": null,
      "hasPrefabName": false
    }
  ]
}