{
  "Description": {
    "Id": "movedef_wolfhound-6",
    "Name": "MovementCapabilitiesDef for WolfhoundIIC",
    "Details": "",
    "Icon": ""
  },
  "MaxWalkDistance": 180.0,
  "MaxSprintDistance": 360.0,
  "WalkVelocity": 45.0,
  "RunVelocity": 67.0,
  "SprintVelocity": 90.0,
  "LimpVelocity": 11.25,
  "WalkAcceleration": 45.0,
  "SprintAcceleration": 56.25,
  "MaxRadialVelocity": 22.5,
  "MaxRadialAcceleration": 67.5,
  "MaxJumpVel": 90.0,
  "MaxJumpAccel": 45.0,
  "MaxJumpVerticalAccel": 90.0
}