{
    "Description": {
        "Id": "lancedef_solaris_1_64",
        "Name": "Solaris 1/64 lance",
        "Details": "",
        "Icon": "",
        "Cost": 0,
        "Rarity": 0,
        "Purchasable": false
    },
    "Difficulty": 1,
    "LanceTags": {
        "items": [
            "lance_type_dynamic",
            "lance_type_solo",
            "lance_type_mech",
            "lance_bracket_low"
        ],
        "tagSetSourceFile": "Tags/LanceTags"
    },
    "LanceUnits": [
        {
            "unitType": "Mech",
            "unitId": "Tagged",
            "pilotId": "Tagged",
            "unitTagSet": {
                "items": [
                    "unit_mech",
                    "unit_legendary",
                    "unit_bracket_low",
                    "{CUR_TEAM.faction}"
                ],
                "tagSetSourceFile": "Tags/UnitTags"
            },
            "excludedUnitTagSet": {
                "items": [
                    "unit_noncombatant",
                    "unit_assault",
                    "unit_heavy"
                ],
                "tagSetSourceFile": "Tags/UnitTags"
            },
            "pilotTagSet": {
                "items": [
                    "pilot_npc_d1",
                    "pilot_npc_high"
                ],
                "tagSetSourceFile": "Tags/PilotTags"
            },
            "excludedPilotTagSet": {
                "items": null,
                "tagSetSourceFile": "Tags/PilotTags"
            }
        },
        {
            "unitType": "Vehicle",
            "unitId": "Tagged",
            "pilotId": "Tagged",
            "unitTagSet": {
                "items": [
                    "unit_vehicle",
                    "unit_light",
                    "{CUR_TEAM.faction}"
                ],
                "tagSetSourceFile": "Tags/UnitTags"
            },
            "excludedUnitTagSet": {
                "items": [
                    "unit_noncombatant",
					"unit_advanced",
					"unit_legendary"
                ],
                "tagSetSourceFile": "Tags/UnitTags"
            },
            "pilotTagSet": {
                "items": [
                    "pilot_npc_tanker_d1",
                    "{CUR_TEAM.faction}"
                ],
                "tagSetSourceFile": "Tags/PilotTags"
            },
            "excludedPilotTagSet": {
                "items": null,
                "tagSetSourceFile": "Tags/PilotTags"
            }
        }
    ]
}