{
    "id" : "castDef_Ali_Khaled",
    "internalName" : "Hassan_Ali_Khaled",
    "firstName" : "Hassan",
    "lastName" : "Ali Khaled",
    "callsign" : "",
    "rank" : "Lieutenant",
    "gender" : "Male",
    "factionID" : "GrayDeathLegion",
    "sgCharType" : "UNSET",
    "showRank" : true,
    "showFirstName" : true,
    "showCallsign" : false,
    "showLastName" : true,
    "localizeName" : true,
    "defaultEmotePortrait" : {
        "emote" : "Default",
        "portraitAssetPath" : "../../Mods/fp_betrayalAtHelmBEXCE/portraits/GDL_Ali_Khaed.png"
    },
    "emotePotraitList" : [
        
    ]
}
