{
    "Description": {
        "Id": "pilot_fp_1GR_LeeCleve",
        "Name": "Sgt. Cleve",
        "FirstName": "Lee",
        "LastName": "Cleve",
        "Callsign": "Sgt. Cleve",
        "Gender": "Male",
        "Faction": "Kurita",
        "Age": 35,
        "Details": "NONE",
        "Icon": ""
    },
    "BaseGunnery": "6",
    "BonusGunnery": 0,
    "BasePiloting": "4",
    "BonusPiloting": 0,
    "BaseGuts": "6",
    "BonusGuts": 0,
    "BaseTactics": "8",
    "BonusTactics": 0,
    "ExperienceUnspent": 0,
    "ExperienceSpent": 0,
    "Injuries": 0,
    "Health": 3,
    "LethalInjury": false,
    "Incapacitated": false,
    "Morale": 0,
    "Voice": "m_pro05_rick",
    "abilityDefNames": [
        "AbilityDefG5",
        "AbilityDefT5A",
        "AbilityDefT8A",
        "TraitDefCalledShotImprove",
        "TraitDefCalledShotMaster",
        "TraitDefEvasiveChargeAddOne",
        "TraitDefHealthAddOne",
        "TraitDefHealthAddTwo",
        "TraitDefIndirectReduceOne",
        "TraitDefIndirectReduceTwo",
        "TraitDefMinRangeReduce45",
        "TraitDefMinRangeReduce90",
        "TraitDefOverheatAddFifteen",
        "TraitDefRefireReduceOne",
        "TraitDefSprintIncrease10",
        "TraitDefSprintIncrease20",
        "TraitDefUnsteadySet60"
    ],
    "AIPersonality": "Undefined",
    "PilotTags": {
        "items": [
         pilot_officer",
	"BLACKLISTED"
        ],
        "tagSetSourceFile": ""
    },
    "PilotCost": 0,
	"IsImmortal" : true
}