{
    "Name": "Flashpoint_Birth_Of_A_Legend",
    "Enabled": true,

    "Version": "1.0.0",
    "Description": "The journey with Gray Death Legion",
    "Author": "Ablomis",
    "Manifest": [
        { "Type": "CastDef", "Path": "cast" },
	{ "Type": "FlashpointDef", "Path": "flashpoints" },
	{ "Type": "ContractOverride", "Path": "contracts" },
	{ "Type": "SimGameMilestoneSet", "Path": "milestoneSets" },
	{ "Type": "SimGameConversations", "Path": "simGameConversations" },
	{ "Type": "Sprite", "Path": "sprites" },
	{ "Type": "ItemCollectionDef", "Path": "itemCollections" },
	{ "Type": "MechDef", "Path": "mech" },
	{ "Type": "ChassisDef", "Path": "chassis" },
	{ "Type": "Texture2D",  "Path": "textures", "AddToAddendum": "ConversationTexture" }]
}
