{
  "ChassisID": "chassisdef_rifleman_RFL-3N",
  "HeraldryID": null,
  "Description": {
    "Cost": 6100000,
    "Rarity": 0,
    "Purchasable": true,
    "Manufacturer": null,
    "Model": null,
    "UIName": "GDL Rifleman RFL-3N",
    "Id": "mechdef_rifleman_GDL_RFL-3N",
    "Name": "GDL Rifleman",
    "Details": "The RFL-3N Rifleman is as well known for its terrible armor as for its ability to hammer opponents from long range. It has only average speed and poor heat sinking ability, but if you can put it in the right position, it can rain death on anything it surveys.",
    "Icon": "uixTxrIcon_rifleman"
  },
  "simGameMechPartCost": 610000,
  "Version": 1,
  "Locations": [
    {
      "DamageLevel": "Functional",
      "Location": "Head",
      "CurrentArmor": 30,
      "CurrentRearArmor": -1,
      "CurrentInternalStructure": 16,
      "AssignedArmor": 30,
      "AssignedRearArmor": -1
    },
    {
      "DamageLevel": "Functional",
      "Location": "LeftArm",
      "CurrentArmor": 75,
      "CurrentRearArmor": -1,
      "CurrentInternalStructure": 50,
      "AssignedArmor": 75,
      "AssignedRearArmor": -1
    },
    {
      "DamageLevel": "Functional",
      "Location": "LeftTorso",
      "CurrentArmor": 75,
      "CurrentRearArmor": 10,
      "CurrentInternalStructure": 70,
      "AssignedArmor": 75,
      "AssignedRearArmor": 10
    },
    {
      "DamageLevel": "Functional",
      "Location": "CenterTorso",
      "CurrentArmor": 110,
      "CurrentRearArmor": 20,
      "CurrentInternalStructure": 100,
      "AssignedArmor": 110,
      "AssignedRearArmor": 20
    },
    {
      "DamageLevel": "Functional",
      "Location": "RightTorso",
      "CurrentArmor": 75,
      "CurrentRearArmor": 10,
      "CurrentInternalStructure": 70,
      "AssignedArmor": 75,
      "AssignedRearArmor": 10
    },
    {
      "DamageLevel": "Functional",
      "Location": "RightArm",
      "CurrentArmor": 75,
      "CurrentRearArmor": -1,
      "CurrentInternalStructure": 50,
      "AssignedArmor": 75,
      "AssignedRearArmor": -1
    },
    {
      "DamageLevel": "Functional",
      "Location": "LeftLeg",
      "CurrentArmor": 60,
      "CurrentRearArmor": -1,
      "CurrentInternalStructure": 70,
      "AssignedArmor": 60,
      "AssignedRearArmor": -1
    },
    {
      "DamageLevel": "Functional",
      "Location": "RightLeg",
      "CurrentArmor": 60,
      "CurrentRearArmor": -1,
      "CurrentInternalStructure": 70,
      "AssignedArmor": 60,
      "AssignedRearArmor": -1
    }
  ],
  "inventory": [
    {
      "MountedLocation": "LeftTorso",
      "ComponentDefID": "Weapon_Laser_MediumLaser_0-STOCK",
      "SimGameUID": null,
      "ComponentDefType": "Weapon",
      "HardpointSlot": 0,
      "GUID": null,
      "DamageLevel": "Functional",
      "prefabName": null,
      "hasPrefabName": false
    },
    {
      "MountedLocation": "RightTorso",
      "ComponentDefID": "Weapon_Laser_MediumLaser_0-STOCK",
      "SimGameUID": null,
      "ComponentDefType": "Weapon",
      "HardpointSlot": 0,
      "GUID": null,
      "DamageLevel": "Functional",
      "prefabName": null,
      "hasPrefabName": false
    },
    {
      "MountedLocation": "RightArm",
      "ComponentDefID": "Weapon_Autocannon_AC5_2-Defiance",
      "SimGameUID": null,
      "ComponentDefType": "Weapon",
      "HardpointSlot": 0,
      "GUID": null,
      "DamageLevel": "Functional",
      "prefabName": null,
      "hasPrefabName": false
    },
    {
      "MountedLocation": "RightArm",
      "ComponentDefID": "Weapon_Laser_LargeLaser_0-STOCK",
      "SimGameUID": null,
      "ComponentDefType": "Weapon",
      "HardpointSlot": 0,
      "GUID": null,
      "DamageLevel": "Functional",
      "prefabName": null,
      "hasPrefabName": false
    },
    {
      "MountedLocation": "LeftArm",
      "ComponentDefID": "Weapon_Autocannon_AC5_2-Defiance",
      "SimGameUID": null,
      "ComponentDefType": "Weapon",
      "HardpointSlot": 0,
      "GUID": null,
      "DamageLevel": "Functional",
      "prefabName": null,
      "hasPrefabName": false
    },
    {
      "MountedLocation": "LeftArm",
      "ComponentDefID": "Weapon_Laser_LargeLaser_0-STOCK",
      "SimGameUID": null,
      "ComponentDefType": "Weapon",
      "HardpointSlot": 0,
      "GUID": null,
      "DamageLevel": "Functional",
      "prefabName": null,
      "hasPrefabName": false
    },
    {
      "MountedLocation": "CenterTorso",
      "ComponentDefID": "Ammo_AmmunitionBox_Generic_AC5",
      "SimGameUID": null,
      "ComponentDefType": "AmmunitionBox",
      "HardpointSlot": -1,
      "GUID": null,
      "DamageLevel": "Functional",
      "prefabName": null,
      "hasPrefabName": false
    }
  ],
  "MechTags": {
    "items": [
      "unit_mech",
      "unit_heavy",
      "unit_range_long",
      "unit_speed_low",
      "unit_armor_low",
      "unit_hot",
      "unit_lance_support",
      "unit_role_sniper",
      "unit_release",
      "Davion",
      "Liao",
      "Marik",
      "Steiner",
      "Kurita",
      "MagistracyOfCanopus",
      "TaurianConcordat",
      "unit_common",
      "unit_common_Davion",
      "unit_common_Liao",
      "unit_common_Marik",
      "unit_common_Steiner",
      "unit_common_Kurita",
      "unit_common_MagistracyOfCanopus",
      "unit_common_TaurianConcordat",
      "unit_common_AuriganDirectorate",
      "unit_common_AuriganRestoration",
      "unit_common_ComStar",
      "unit_common_MercenaryReviewBoard",
      "unit_common_DuchyOfAndurien",
      "unit_common_AuriganMercenaries",
      "unit_common_AuriganPirates",
      "unit_common_Locals",
      "unit_common_Betrayers",
      "unit_common_MajestyMetals",
      "unit_common_KellHounds",
      "unit_common_GrayDeathLegion",
      "unit_common_FlakJackals",
      "unit_common_LocalsBrockwayRefugees",
      "unit_common_SelfEmployed",
      "unit_common_MasonsMarauders",
      "unit_common_SteelBeast",
      "unit_common_RazorbackMercs",
      "unit_common_RedHareRegiment",
      "unit_common_EmeraldDawn",
      "unit_common_SianTriumphant",
      "unit_common_BlackCalderaDefense",
      "unit_common_BlackCalderaDefense_Hidden",
      "unit_common_SecuritySolutionsInc",
      "unit_common_PaladinProtectionLLC",
      "unit_common_HouseNakano",
      "unit_common_HouseKhulan",
      "unit_common_HostileMercenaries",
      "unit_common_NoFaction",
      "BLACKLISTED"
    ],
    "tagSetSourceFile": ""
  },
  "MinAppearanceDate": "2770-01-01T00:00:00Z"
}