{
  "MechTags": {
    "items": [
      "unit_mech",
      "unit_medium",
      "unit_jumpOK",
      "unit_indirectFire",
      "unit_range_medium",
      "unit_hot",
      "unit_lance_support",
      "unit_role_sniper",
      "unit_release",
      "Davion",
      "Steiner",
      "unit_uncommon",
      "unit_common_Davion",
      "unit_rare_Liao",
      "unit_rare_Marik",
      "unit_uncommon_Steiner",
      "unit_rare_Kurita",
      "unit_rare_MagistracyOfCanopus",
      "unit_rare_TaurianConcordat",
      "unit_rare_AuriganDirectorate",
      "unit_rare_AuriganRestoration",
      "unit_uncommon_ComStar",
      "unit_rare_MercenaryReviewBoard",
      "unit_rare_DuchyOfAndurien",
      "unit_rare_AuriganMercenaries",
      "unit_rare_AuriganPirates",
      "unit_very_rare_Locals",
      "unit_very_rare_Betrayers",
      "unit_rare_MajestyMetals",
      "unit_rare_KellHounds",
      "unit_rare_GrayDeathLegion",
      "unit_rare_FlakJackals",
      "unit_rare_LocalsBrockwayRefugees",
      "unit_rare_SelfEmployed",
      "unit_rare_MasonsMarauders",
      "unit_rare_SteelBeast",
      "unit_rare_RazorbackMercs",
      "unit_rare_RedHareRegiment",
      "unit_rare_EmeraldDawn",
      "unit_rare_SianTriumphant",
      "unit_very_rare_BlackCalderaDefense",
      "unit_very_rare_BlackCalderaDefense_Hidden",
      "unit_rare_SecuritySolutionsInc",
      "unit_rare_PaladinProtectionLLC",
      "unit_very_rare_HouseNakano",
      "unit_very_rare_HouseKhulan",
      "unit_rare_HostileMercenaries",
      "unit_rare_NoFaction",
      "BLACKLISTED"
    ],
    "tagSetSourceFile": ""
  },
  "ChassisID": "chassisdef_dervish_DV-6M",
  "HeraldryID": null,
  "Description": {
    "Cost": 5900000,
    "Rarity": 1,
    "Purchasable": true,
    "Manufacturer": null,
    "Model": null,
    "UIName": "GDL Dervish DV-6M",
    "Id": "mechdef_dervish_GDL_DV-6M",
    "Name": "GDL Dervish",
    "Details": "The Dervish was among the first 'Mechs mass-produced by the Great Houses and has served as a workhorse for their armies since its introduction. While regarded by some as a poor man's Archer, the Dervish's speed and weaponry nevertheless allow it to provide quick fire support and free larger 'Mechs for other duties.",
    "Icon": "uixTxrIcon_dervish"
  },
  "simGameMechPartCost": 590000,
  "Version": 1,
  "Locations": [
    {
      "DamageLevel": "Functional",
      "Location": "Head",
      "CurrentArmor": 40,
      "CurrentRearArmor": -1,
      "CurrentInternalStructure": 16,
      "AssignedArmor": 40,
      "AssignedRearArmor": -1
    },
    {
      "DamageLevel": "Functional",
      "Location": "LeftArm",
      "CurrentArmor": 50,
      "CurrentRearArmor": -1,
      "CurrentInternalStructure": 45,
      "AssignedArmor": 50,
      "AssignedRearArmor": -1
    },
    {
      "DamageLevel": "Functional",
      "Location": "LeftTorso",
      "CurrentArmor": 75,
      "CurrentRearArmor": 20,
      "CurrentInternalStructure": 65,
      "AssignedArmor": 75,
      "AssignedRearArmor": 20
    },
    {
      "DamageLevel": "Functional",
      "Location": "CenterTorso",
      "CurrentArmor": 100,
      "CurrentRearArmor": 20,
      "CurrentInternalStructure": 90,
      "AssignedArmor": 100,
      "AssignedRearArmor": 20
    },
    {
      "DamageLevel": "Functional",
      "Location": "RightTorso",
      "CurrentArmor": 75,
      "CurrentRearArmor": 20,
      "CurrentInternalStructure": 65,
      "AssignedArmor": 75,
      "AssignedRearArmor": 20
    },
    {
      "DamageLevel": "Functional",
      "Location": "RightArm",
      "CurrentArmor": 50,
      "CurrentRearArmor": -1,
      "CurrentInternalStructure": 45,
      "AssignedArmor": 50,
      "AssignedRearArmor": -1
    },
    {
      "DamageLevel": "Functional",
      "Location": "LeftLeg",
      "CurrentArmor": 75,
      "CurrentRearArmor": -1,
      "CurrentInternalStructure": 65,
      "AssignedArmor": 75,
      "AssignedRearArmor": -1
    },
    {
      "DamageLevel": "Functional",
      "Location": "RightLeg",
      "CurrentArmor": 75,
      "CurrentRearArmor": -1,
      "CurrentInternalStructure": 65,
      "AssignedArmor": 75,
      "AssignedRearArmor": -1
    }
  ],
  "inventory": [
    {
      "MountedLocation": "LeftArm",
      "ComponentDefID": "Weapon_Laser_MediumLaser_0-STOCK",
      "SimGameUID": null,
      "ComponentDefType": "Weapon",
      "HardpointSlot": 0,
      "GUID": null,
      "DamageLevel": "Functional",
      "prefabName": null,
      "hasPrefabName": false
    },
    {
      "MountedLocation": "LeftArm",
      "ComponentDefID": "Weapon_SRM_SRM2_0-STOCK",
      "SimGameUID": null,
      "ComponentDefType": "Weapon",
      "HardpointSlot": 0,
      "GUID": null,
      "DamageLevel": "Functional",
      "prefabName": null,
      "hasPrefabName": false
    },
    {
      "MountedLocation": "LeftArm",
      "ComponentDefID": "Ammo_AmmunitionBox_Generic_SRM",
      "SimGameUID": null,
      "ComponentDefType": "AmmunitionBox",
      "HardpointSlot": -1,
      "GUID": null,
      "DamageLevel": "Functional",
      "prefabName": null,
      "hasPrefabName": false
    },
    {
      "MountedLocation": "LeftTorso",
      "ComponentDefID": "Weapon_LRM_LRM10_3-Zeus",
      "SimGameUID": null,
      "ComponentDefType": "Weapon",
      "HardpointSlot": 0,
      "GUID": null,
      "DamageLevel": "Functional",
      "prefabName": null,
      "hasPrefabName": false
    },
    {
      "MountedLocation": "LeftTorso",
      "ComponentDefID": "Ammo_AmmunitionBox_Generic_LRM",
      "SimGameUID": null,
      "ComponentDefType": "AmmunitionBox",
      "HardpointSlot": -1,
      "GUID": null,
      "DamageLevel": "Functional",
      "prefabName": null,
      "hasPrefabName": false
    },
    {
      "MountedLocation": "CenterTorso",
      "ComponentDefID": "Gear_JumpJet_Generic_Standard",
      "SimGameUID": null,
      "ComponentDefType": "JumpJet",
      "HardpointSlot": -1,
      "GUID": null,
      "DamageLevel": "Functional",
      "prefabName": null,
      "hasPrefabName": false
    },
    {
      "MountedLocation": "RightTorso",
      "ComponentDefID": "Weapon_LRM_LRM10_3-Zeus",
      "SimGameUID": null,
      "ComponentDefType": "Weapon",
      "HardpointSlot": 0,
      "GUID": null,
      "DamageLevel": "Functional",
      "prefabName": null,
      "hasPrefabName": false
    },
    {
      "MountedLocation": "RightTorso",
      "ComponentDefID": "Ammo_AmmunitionBox_Generic_LRM",
      "SimGameUID": null,
      "ComponentDefType": "AmmunitionBox",
      "HardpointSlot": -1,
      "GUID": null,
      "DamageLevel": "Functional",
      "prefabName": null,
      "hasPrefabName": false
    },
    {
      "MountedLocation": "RightArm",
      "ComponentDefID": "Weapon_Laser_MediumLaser_0-STOCK",
      "SimGameUID": null,
      "ComponentDefType": "Weapon",
      "HardpointSlot": 0,
      "GUID": null,
      "DamageLevel": "Functional",
      "prefabName": null,
      "hasPrefabName": false
    },
    {
      "MountedLocation": "RightArm",
      "ComponentDefID": "Weapon_SRM_SRM2_0-STOCK",
      "SimGameUID": null,
      "ComponentDefType": "Weapon",
      "HardpointSlot": 0,
      "GUID": null,
      "DamageLevel": "Functional",
      "prefabName": null,
      "hasPrefabName": false
    },
    {
      "MountedLocation": "RightArm",
      "ComponentDefID": "Ammo_AmmunitionBox_Generic_SRM",
      "SimGameUID": null,
      "ComponentDefType": "AmmunitionBox",
      "HardpointSlot": -1,
      "GUID": null,
      "DamageLevel": "Functional",
      "prefabName": null,
      "hasPrefabName": false
    },
    {
      "MountedLocation": "LeftLeg",
      "ComponentDefID": "Gear_JumpJet_Generic_Standard",
      "SimGameUID": null,
      "ComponentDefType": "JumpJet",
      "HardpointSlot": -1,
      "GUID": null,
      "DamageLevel": "Functional",
      "prefabName": null,
      "hasPrefabName": false
    },
    {
      "MountedLocation": "LeftLeg",
      "ComponentDefID": "Gear_JumpJet_Generic_Standard",
      "SimGameUID": null,
      "ComponentDefType": "JumpJet",
      "HardpointSlot": -1,
      "GUID": null,
      "DamageLevel": "Functional",
      "prefabName": null,
      "hasPrefabName": false
    },
    {
      "MountedLocation": "RightLeg",
      "ComponentDefID": "Gear_JumpJet_Generic_Standard",
      "SimGameUID": null,
      "ComponentDefType": "JumpJet",
      "HardpointSlot": -1,
      "GUID": null,
      "DamageLevel": "Functional",
      "prefabName": null,
      "hasPrefabName": false
    },
    {
      "MountedLocation": "RightLeg",
      "ComponentDefID": "Gear_JumpJet_Generic_Standard",
      "SimGameUID": null,
      "ComponentDefType": "JumpJet",
      "HardpointSlot": -1,
      "GUID": null,
      "DamageLevel": "Functional",
      "prefabName": null,
      "hasPrefabName": false
    }
  ],
  "MinAppearanceDate": "2610-01-01T00:00:00Z"
}