{
  "ChassisID": "chassisdef_archer_GDL_ARC-2R",
  "HeraldryID": null,
  "Description": {
    "Cost": 8500000,
    "Rarity": 0,
    "Purchasable": true,
    "Manufacturer": null,
    "Model": null,
    "UIName": "GDL Archer ARC-2R",
    "Id": "mechdef_archer_GDL_ARC-2R",
    "Name": "GDL Archer",
    "Details": "The well-known Archer is the epitome of the \"missile boat\" concept. It is commonly found hurling deadly swarms of LRMs at targets from behind the safety of a hill. It's not too shabby in closer-range fights, either. Its only real weakness is terrible heat management.",
    "Icon": "uixTxrIcon_archer"
  },
  "simGameMechPartCost": 850000,
  "Version": 1,
  "Locations": [
    {
      "DamageLevel": "Functional",
      "Location": "Head",
      "CurrentArmor": 45,
      "CurrentRearArmor": -1,
      "CurrentInternalStructure": 16,
      "AssignedArmor": 45,
      "AssignedRearArmor": -1
    },
    {
      "DamageLevel": "Functional",
      "Location": "LeftArm",
      "CurrentArmor": 110,
      "CurrentRearArmor": -1,
      "CurrentInternalStructure": 55,
      "AssignedArmor": 110,
      "AssignedRearArmor": -1
    },
    {
      "DamageLevel": "Functional",
      "Location": "LeftTorso",
      "CurrentArmor": 120,
      "CurrentRearArmor": 30,
      "CurrentInternalStructure": 75,
      "AssignedArmor": 120,
      "AssignedRearArmor": 30
    },
    {
      "DamageLevel": "Functional",
      "Location": "CenterTorso",
      "CurrentArmor": 165,
      "CurrentRearArmor": 50,
      "CurrentInternalStructure": 110,
      "AssignedArmor": 165,
      "AssignedRearArmor": 50
    },
    {
      "DamageLevel": "Functional",
      "Location": "RightTorso",
      "CurrentArmor": 120,
      "CurrentRearArmor": 30,
      "CurrentInternalStructure": 75,
      "AssignedArmor": 120,
      "AssignedRearArmor": 30
    },
    {
      "DamageLevel": "Functional",
      "Location": "RightArm",
      "CurrentArmor": 110,
      "CurrentRearArmor": -1,
      "CurrentInternalStructure": 55,
      "AssignedArmor": 110,
      "AssignedRearArmor": -1
    },
    {
      "DamageLevel": "Functional",
      "Location": "LeftLeg",
      "CurrentArmor": 130,
      "CurrentRearArmor": -1,
      "CurrentInternalStructure": 75,
      "AssignedArmor": 130,
      "AssignedRearArmor": -1
    },
    {
      "DamageLevel": "Functional",
      "Location": "RightLeg",
      "CurrentArmor": 130,
      "CurrentRearArmor": -1,
      "CurrentInternalStructure": 75,
      "AssignedArmor": 130,
      "AssignedRearArmor": -1
    }
  ],
  "inventory": [
    {
      "MountedLocation": "LeftTorso",
      "ComponentDefID": "Weapon_LRM_LRM20_2-Telos",
      "SimGameUID": null,
      "ComponentDefType": "Weapon",
      "HardpointSlot": 0,
      "GUID": null,
      "DamageLevel": "Functional",
      "prefabName": null,
      "hasPrefabName": false
    },
    {
      "MountedLocation": "LeftTorso",
      "ComponentDefID": "Ammo_AmmunitionBox_Generic_LRM",
      "SimGameUID": null,
      "ComponentDefType": "AmmunitionBox",
      "HardpointSlot": -1,
      "GUID": null,
      "DamageLevel": "Functional",
      "prefabName": null,
      "hasPrefabName": false
    },
    {
      "MountedLocation": "LeftTorso",
      "ComponentDefID": "Ammo_AmmunitionBox_Generic_LRM",
      "SimGameUID": null,
      "ComponentDefType": "AmmunitionBox",
      "HardpointSlot": -1,
      "GUID": null,
      "DamageLevel": "Functional",
      "prefabName": null,
      "hasPrefabName": false
    },
    {
      "MountedLocation": "RightTorso",
      "ComponentDefID": "Weapon_LRM_LRM20_2-Telos",
      "SimGameUID": null,
      "ComponentDefType": "Weapon",
      "HardpointSlot": 0,
      "GUID": null,
      "DamageLevel": "Functional",
      "prefabName": null,
      "hasPrefabName": false
    },
    {
      "MountedLocation": "RightTorso",
      "ComponentDefID": "Ammo_AmmunitionBox_Generic_LRM",
      "SimGameUID": null,
      "ComponentDefType": "AmmunitionBox",
      "HardpointSlot": -1,
      "GUID": null,
      "DamageLevel": "Functional",
      "prefabName": null,
      "hasPrefabName": false
    },
    {
      "MountedLocation": "RightTorso",
      "ComponentDefID": "Ammo_AmmunitionBox_Generic_LRM",
      "SimGameUID": null,
      "ComponentDefType": "AmmunitionBox",
      "HardpointSlot": -1,
      "GUID": null,
      "DamageLevel": "Functional",
      "prefabName": null,
      "hasPrefabName": false
    },
    {
      "MountedLocation": "CenterTorso",
      "ComponentDefID": "Weapon_Laser_MediumLaser_0-STOCK",
      "SimGameUID": null,
      "ComponentDefType": "Weapon",
      "HardpointSlot": 0,
      "GUID": null,
      "DamageLevel": "Functional",
      "prefabName": null,
      "hasPrefabName": false
    },
    {
      "MountedLocation": "CenterTorso",
      "ComponentDefID": "Weapon_Laser_MediumLaser_0-STOCK",
      "SimGameUID": null,
      "ComponentDefType": "Weapon",
      "HardpointSlot": 1,
      "GUID": null,
      "DamageLevel": "Functional",
      "prefabName": null,
      "hasPrefabName": false
    },
    {
      "MountedLocation": "LeftArm",
      "ComponentDefID": "Weapon_Laser_MediumLaser_0-STOCK",
      "SimGameUID": null,
      "ComponentDefType": "Weapon",
      "HardpointSlot": 0,
      "GUID": null,
      "DamageLevel": "Functional",
      "prefabName": null,
      "hasPrefabName": false
    },
    {
      "MountedLocation": "RightArm",
      "ComponentDefID": "Weapon_Laser_MediumLaser_0-STOCK",
      "SimGameUID": null,
      "ComponentDefType": "Weapon",
      "HardpointSlot": 0,
      "GUID": null,
      "DamageLevel": "Functional",
      "prefabName": null,
      "hasPrefabName": false
    }
  ],
  "MechTags": {
    "items": [
      "unit_mech",
      "unit_heavy",
      "unit_indirectFire",
      "unit_range_long",
      "unit_speed_low",
      "unit_armor_high",
      "unit_hot",
      "unit_lance_support",
      "unit_role_sniper",
      "unit_release",
      "Davion",
      "Liao",
      "Marik",
      "Steiner",
      "Kurita",
      "MagistracyOfCanopus",
      "TaurianConcordat",
      "unit_common",
      "unit_common_Davion",
      "unit_common_Liao",
      "unit_common_Marik",
      "unit_common_Steiner",
      "unit_common_Kurita",
      "unit_common_MagistracyOfCanopus",
      "unit_common_TaurianConcordat",
      "unit_common_AuriganDirectorate",
      "unit_common_AuriganRestoration",
      "unit_common_ComStar",
      "unit_common_MercenaryReviewBoard",
      "unit_common_DuchyOfAndurien",
      "unit_common_AuriganMercenaries",
      "unit_common_AuriganPirates",
      "unit_common_Locals",
      "unit_common_Betrayers",
      "unit_common_MajestyMetals",
      "unit_common_KellHounds",
      "unit_common_GrayDeathLegion",
      "unit_common_FlakJackals",
      "unit_common_LocalsBrockwayRefugees",
      "unit_common_SelfEmployed",
      "unit_common_MasonsMarauders",
      "unit_common_SteelBeast",
      "unit_common_RazorbackMercs",
      "unit_common_RedHareRegiment",
      "unit_common_EmeraldDawn",
      "unit_common_SianTriumphant",
      "unit_common_BlackCalderaDefense",
      "unit_common_BlackCalderaDefense_Hidden",
      "unit_common_SecuritySolutionsInc",
      "unit_common_PaladinProtectionLLC",
      "unit_common_HouseNakano",
      "unit_common_HouseKhulan",
      "unit_common_HostileMercenaries",
      "unit_common_NoFaction",
      "BLACKLISTED"
    ],
    "tagSetSourceFile": ""
  },
  "MinAppearanceDate": "2474-01-01T00:00:00Z"
}