{
  "ChassisID": "chassisdef_wolfhound_iic",
  "MechTags": {
    "items": [
      "unit_release",
      "unit_ready",
      "unit_light",
      "unit_role_brawler",
      "unit_mech",
      "unit_speed_medium"
    ],
    "tagSetSourceFile": ""
  },
  "Description": {
    "Cost": 5694030,
    "Rarity": 3,
    "Purchasable": true,
    "Manufacturer": "",
    "Model": "",
    "UIName": "Wolfhound IIC",
    "ID": "mechdef_wolfhound_iic",
    "Name": "Wolfhound IIC",
    "Details": "",
    "Icon": "uixTxrIcon_wolfhound"
  },
  "simGameMechPartCost": 569403,
  "Version": 1,
  "Locations": [
    {
      "DamageLevel": "Functional",
      "Location": "Head",
      "CurrentArmor": 45,
      "CurrentRearArmor": -1,
      "CurrentInternalStructure": 15,
      "AssignedArmor": 45,
      "AssignedRearArmor": -1
    },
    {
      "DamageLevel": "Functional",
      "Location": "CenterTorso",
      "CurrentArmor": 80,
      "CurrentRearArmor": 30,
      "CurrentInternalStructure": 55,
      "AssignedArmor": 80,
      "AssignedRearArmor": 30
    },
    {
      "DamageLevel": "Functional",
      "Location": "RightTorso",
      "CurrentArmor": 55,
      "CurrentRearArmor": 25,
      "CurrentInternalStructure": 40,
      "AssignedArmor": 55,
      "AssignedRearArmor": 25
    },
    {
      "DamageLevel": "Functional",
      "Location": "LeftTorso",
      "CurrentArmor": 55,
      "CurrentRearArmor": 25,
      "CurrentInternalStructure": 40,
      "AssignedArmor": 55,
      "AssignedRearArmor": 25
    },
    {
      "DamageLevel": "Functional",
      "Location": "RightArm",
      "CurrentArmor": 60,
      "CurrentRearArmor": -1,
      "CurrentInternalStructure": 30,
      "AssignedArmor": 60,
      "AssignedRearArmor": -1
    },
    {
      "DamageLevel": "Functional",
      "Location": "LeftArm",
      "CurrentArmor": 60,
      "CurrentRearArmor": -1,
      "CurrentInternalStructure": 30,
      "AssignedArmor": 60,
      "AssignedRearArmor": -1
    },
    {
      "DamageLevel": "Functional",
      "Location": "RightLeg",
      "CurrentArmor": 80,
      "CurrentRearArmor": -1,
      "CurrentInternalStructure": 40,
      "AssignedArmor": 80,
      "AssignedRearArmor": -1
    },
    {
      "DamageLevel": "Functional",
      "Location": "LeftLeg",
      "CurrentArmor": 80,
      "CurrentRearArmor": -1,
      "CurrentInternalStructure": 40,
      "AssignedArmor": 80,
      "AssignedRearArmor": -1
    }
  ],
  "inventory": [
    {
      "MountedLocation": "CenterTorso",
      "ComponentDefID": "Weapon_Laser_CMediumLaserPulse_0-STOCK",
      "ComponentDefType": "Weapon",
      "HardpointSlot": 0,
      "IsFixed": false,
      "DamageLevel": "Functional",
      "hasPrefabName": false
    },
    {
      "MountedLocation": "CenterTorso",
      "ComponentDefID": "Weapon_Laser_CMediumLaserER_0-STOCK",
      "ComponentDefType": "Weapon",
      "HardpointSlot": 0,
      "IsFixed": false,
      "DamageLevel": "Functional",
      "hasPrefabName": false
    },
    {
      "MountedLocation": "RightTorso",
      "ComponentDefID": "Weapon_Laser_CMediumLaserPulse_0-STOCK",
      "ComponentDefType": "Weapon",
      "HardpointSlot": 0,
      "IsFixed": false,
      "DamageLevel": "Functional",
      "hasPrefabName": false
    },
    {
      "MountedLocation": "LeftTorso",
      "ComponentDefID": "Weapon_Laser_CMediumLaserPulse_0-STOCK",
      "ComponentDefType": "Weapon",
      "HardpointSlot": 0,
      "IsFixed": false,
      "DamageLevel": "Functional",
      "hasPrefabName": false
    },
    {
      "MountedLocation": "RightArm",
      "ComponentDefID": "Gear_HeatSink_Clan_Double",
      "ComponentDefType": "HeatSink",
      "HardpointSlot": -1,
      "IsFixed": false,
      "DamageLevel": "Functional",
      "hasPrefabName": false
    },
    {
      "MountedLocation": "RightArm",
      "ComponentDefID": "Weapon_Laser_CLargeLaserER_0-STOCK",
      "ComponentDefType": "Weapon",
      "HardpointSlot": 0,
      "IsFixed": false,
      "DamageLevel": "Functional",
      "hasPrefabName": false
    },
    {
      "MountedLocation": "LeftArm",
      "ComponentDefID": "Gear_HeatSink_Clan_Double",
      "ComponentDefType": "HeatSink",
      "HardpointSlot": -1,
      "IsFixed": false,
      "DamageLevel": "Functional",
      "hasPrefabName": false
    },
    {
      "MountedLocation": "RightLeg",
      "ComponentDefID": "Gear_HeatSink_Clan_Double",
      "ComponentDefType": "HeatSink",
      "HardpointSlot": -1,
      "IsFixed": false,
      "DamageLevel": "Functional",
      "hasPrefabName": false
    },
    {
      "MountedLocation": "LeftLeg",
      "ComponentDefID": "Gear_HeatSink_Clan_Double",
      "ComponentDefType": "HeatSink",
      "HardpointSlot": -1,
      "IsFixed": false,
      "DamageLevel": "Functional",
      "hasPrefabName": false
    }
  ]
}