{
    "Description" : {
        "Id" : "fp_falconsFury",
        "Name" : "Falcon's Fury",
        "Details" : "The journey with Grey Death Legion",
        "Icon" : "falconsFury_titlecard.png"
    },
    "Weight" : 50,
    "InternalName" : "falconsFury",
    "PublishState" : "PUBLISHED",
    "Difficulty" : 10,
    "Requirements" : [
        {
            "Scope" : "Company",
            "RequirementTags" : {
                "items" : [],
                "tagSetSourceFile" : "Tags/CompanyTags"
            },
            "ExclusionTags" : {
                "items" : [],
                "tagSetSourceFile" : ""
            },
            "RequirementComparisons" : []
        }
    ],
    "LocationRequirements" : {
        "Scope" : "StarSystem",
        "RequirementTags" : {
            "items" : [
                "planet_name_sudeten"
            ],
            "tagSetSourceFile" : "Tags/PlanetNameTags"
        },
        "ExclusionTags" : {
            "items" : [
                "fp_finished_falconsFury"
            ],
            "tagSetSourceFile" : ""
        },
        "RequirementComparisons" : []
    },
    "PotentialEmployers" : [
        "GrayDeathLegion"
    ],
    "TargetFaction" : "ClanJadeFalcon",
    "AllowRefitTime" : false,
    "FlashpointLength" : "MEDIUM",
    "Repeatable" : false,
    "MilestoneSetID" : "ms_fp_falconsFury",
    "UseAvailableTimeoutOverride" : false,
    "AvailableTimeout" : 0,
    "UseInProgressTimeoutOverride" : false,
    "InProgressTimeout" : 0,
    "RewardCollectionID" : "itemCollection_reward_fp_falconsFury",
    "UnitDropTonnageHint" : "None",
    "LanceDropTonnageHint" : "None",
    "FlashpointShortDescription" : "Clan Jade Falcon is planning an attack on Sudeten. Gray Death Legion, on behalf of House Steiner, offered us to participate in a defensive operation.",
    "FlashpointDescriberCastDefId" : "castDef_DariusDefault",
    "Tags" : {
        "items" : [],
        "tagSetSourceFile" : "tags/FlashpointTags"
    }
}