{
    "FixedEquipment": [
        {
            "MountedLocation": "CenterTorso", 
            "ComponentDefID": "Special_Accurate_Category_Missiles", 
            "SimGameUID": "", 
            "ComponentDefType": "Upgrade", 
            "HardpointSlot": -1, 
            "GUID": null, 
            "DamageLevel": "Functional", 
            "prefabName": "", 
            "hasPrefabName": true
        }
    ], 
    "Description": {
        "Cost": 7859770, 
        "Rarity": 4, 
        "Purchasable": true, 
        "Manufacturer": "", 
        "Model": "", 
        "UIName": "Catapult GDL", 
        "Id": "chassisdef_catapultgdl_CPLT-C4C", 
        "Name": "Catapult GDL", 
        "Details": "<color=#00cc44><b>Arm Actuator Limit</b>: LeftArm <b>upper</b> RightArm <b>upper</b></color>\r\n__/Base_3061.chassisdef_catapult_CPLT-C4C.Details/__", 
        "Icon": "uixTxrIcon_catapult"
    }, 
    "VariantName": "CPLT-C4C", 
    "StockRole": "__/Base_3061.chassisdef_catapult_CPLT-C4C.StockRole/__", 
    "YangsThoughts": "<color=#00cc44><b>Arm Actuator Limit</b>: LeftArm <b>upper</b> RightArm <b>upper</b></color>\r\n__/Base_3061.chassisdef_catapult_CPLT-C4C.Details/__", 
    "PrefabIdentifier": "chrPrfMech_catapultBase-001", 
    "PrefabBase": "catapult", 
    "Tonnage": 65, 
    "InitialTonnage": 6.5, 
    "weightClass": "HEAVY", 
    "BattleValue": 7144000, 
    "Heatsinks": 0, 
    "TopSpeed": 64, 
    "TurnRadius": 90, 
    "MaxJumpjets": 20, 
    "Stability": 100, 
    "StabilityDefenses": [
        0, 
        0, 
        0, 
        0, 
        0, 
        0
    ], 
    "SpotterDistanceMultiplier": 1, 
    "VisibilityMultiplier": 1, 
    "SensorRangeMultiplier": 1, 
    "Signature": 0, 
    "Radius": 8, 
    "PunchesWithLeftArm": false, 
    "AlwaysPunchIfPossible": false, 
    "EngageRangeModifier": 0, 
    "MeleeDamage": 33, 
    "MeleeInstability": 17, 
    "MeleeToHitModifier": 0, 
    "DFADamage": 65, 
    "DFAToHitModifier": 0, 
    "DFASelfDamage": 65, 
    "DFAInstability": 33, 
    "ChassisTags": {
        "items": [], 
        "tagSetSourceFile": ""
    }, 
    "MechPartMax": 0, 
    "MovementCapDefID": "movedef_heavymech", 
    "PathingCapDefID": "pathingdef_heavy", 
    "HardpointDataDefID": "hardpointdatadef_catapult", 
    "LOSSourcePositions": [
        {
            "x": 0, 
            "y": 12, 
            "z": 1
        }, 
        {
            "x": 4, 
            "y": 12, 
            "z": 0
        }, 
        {
            "x": -4, 
            "y": 12, 
            "z": 0
        }
    ], 
    "LOSTargetPositions": [
        {
            "x": 0, 
            "y": 12, 
            "z": 1
        }, 
        {
            "x": 4, 
            "y": 12, 
            "z": 0
        }, 
        {
            "x": -4, 
            "y": 12, 
            "z": 0
        }, 
        {
            "x": 3, 
            "y": 5, 
            "z": 0
        }, 
        {
            "x": -3, 
            "y": 5, 
            "z": 0
        }
    ], 
    "MechPartCount": 0, 
    "Locations": [
        {
            "Location": "Head", 
            "Hardpoints": [], 
            "Tonnage": 0, 
            "InventorySlots": 6, 
            "MaxArmor": 45, 
            "MaxRearArmor": -1, 
            "InternalStructure": 16
        }, 
        {
            "Location": "LeftArm", 
            "Hardpoints": [
                {
                    "Omni": false, 
                    "weaponMountID": "Missile"
                }
            ], 
            "Tonnage": 0, 
            "InventorySlots": 12, 
            "MaxArmor": 100, 
            "MaxRearArmor": -1, 
            "InternalStructure": 50
        }, 
        {
            "Location": "LeftTorso", 
            "Hardpoints": [
                {
                    "Omni": false, 
                    "weaponMountID": "AntiPersonnel"
                }
            ], 
            "Tonnage": 0, 
            "InventorySlots": 12, 
            "MaxArmor": 150, 
            "MaxRearArmor": 75, 
            "InternalStructure": 75
        }, 
        {
            "Location": "CenterTorso", 
            "Hardpoints": [
                {
                    "Omni": false, 
                    "weaponMountID": "Energy"
                }, 
                {
                    "Omni": false, 
                    "weaponMountID": "Special"
                }, 
                {
                    "Omni": false, 
                    "weaponMountID": "Special"
                }, 
                {
                    "Omni": false, 
                    "weaponMountID": "SpecialMelee"
                }, 
                {
                    "Omni": false, 
                    "weaponMountID": "SpecialMelee"
                }
            ], 
            "Tonnage": 0, 
            "InventorySlots": 15, 
            "MaxArmor": 210, 
            "MaxRearArmor": 105, 
            "InternalStructure": 105
        }, 
        {
            "Location": "RightTorso", 
            "Hardpoints": [
                {
                    "Omni": false, 
                    "weaponMountID": "Energy"
                }
            ], 
            "Tonnage": 0, 
            "InventorySlots": 12, 
            "MaxArmor": 150, 
            "MaxRearArmor": 75, 
            "InternalStructure": 75
        }, 
        {
            "Location": "RightArm", 
            "Hardpoints": [
                {
                    "Omni": false, 
                    "weaponMountID": "Missile"
                }
            ], 
            "Tonnage": 0, 
            "InventorySlots": 12, 
            "MaxArmor": 100, 
            "MaxRearArmor": -1, 
            "InternalStructure": 50
        }, 
        {
            "Location": "LeftLeg", 
            "Hardpoints": [], 
            "Tonnage": 0, 
            "InventorySlots": 6, 
            "MaxArmor": 150, 
            "MaxRearArmor": -1, 
            "InternalStructure": 75
        }, 
        {
            "Location": "RightLeg", 
            "Hardpoints": [], 
            "Tonnage": 0, 
            "InventorySlots": 6, 
            "MaxArmor": 150, 
            "MaxRearArmor": -1, 
            "InternalStructure": 75
        }
    ]
}