{
    "Name": "Flashpoint_Fighting_Ghosts",
    "Enabled": true,

    "Version": "1.0.0",
    "Description": "The journey with the Gray Death Legion",
    "Author": "Ablomis",
	"DependsOn": [
	],
    "Manifest": [
        { "Type": "CastDef", "Path": "cast" },
	{ "Type": "FlashpointDef", "Path": "flashpoints" },
	{ "Type": "ContractOverride", "Path": "contracts" },
	{ "Type": "SimGameMilestoneSet", "Path": "milestoneSets" },
	{ "Type": "SimGameConversations", "Path": "simGameConversations" },
	{ "Type": "Sprite", "Path": "sprites" },
	{ "Type": "Texture2D",  "Path": "textures", "AddToAddendum": "ConversationTexture" },
	{ "Type": "ChassisDef",  "Path": "chassis" },
	{ "Type": "MechDef",  "Path": "mech" }
    ]
}
