{
    "MechTags": {
        "items": [
            "unit_release"
        ], 
        "tagSetSourceFile": ""
    }, 
    "ChassisID": "chassisdef_catapultgdl_CPLT-C4C", 
    "HeraldryID": null, 
    "Description": {
        "Cost": 1571954, 
        "Rarity": 4, 
        "Purchasable": false, 
        "Manufacturer": null, 
        "Model": null, 
        "UIName": "Catapult GDL CPLT-C4C", 
        "Id": "mechdef_catapultgdl_CPLT-C4C", 
        "Name": "Catapult GDL", 
        "Details": "<color=#00cc44><b>Arm Actuator Limit</b>: LeftArm <b>upper</b> RightArm <b>upper</b></color>\r\n__/Base_3061.chassisdef_catapult_CPLT-C4C.Details/__", 
        "Icon": "uixTxrIcon_catapult"
    }, 
    "RequiredToSpawnCompanyTags": {
        "items": [], 
        "tagSetSourceFile": ""
    }, 
    "MinAppearanceDate": null, 
    "prefabOverride": null, 
    "Version": 1, 
    "Locations": [
        {
            "DamageLevel": "Functional", 
            "Location": "Head", 
            "CurrentArmor": 45, 
            "CurrentRearArmor": 0, 
            "CurrentInternalStructure": 16, 
            "AssignedArmor": 45, 
            "AssignedRearArmor": 0
        }, 
        {
            "DamageLevel": "Functional", 
            "Location": "CenterTorso", 
            "CurrentArmor": 115, 
            "CurrentRearArmor": 40, 
            "CurrentInternalStructure": 105, 
            "AssignedArmor": 115, 
            "AssignedRearArmor": 40
        }, 
        {
            "DamageLevel": "Functional", 
            "Location": "LeftTorso", 
            "CurrentArmor": 85, 
            "CurrentRearArmor": 35, 
            "CurrentInternalStructure": 75, 
            "AssignedArmor": 85, 
            "AssignedRearArmor": 35
        }, 
        {
            "DamageLevel": "Functional", 
            "Location": "RightTorso", 
            "CurrentArmor": 85, 
            "CurrentRearArmor": 35, 
            "CurrentInternalStructure": 75, 
            "AssignedArmor": 85, 
            "AssignedRearArmor": 35
        }, 
        {
            "DamageLevel": "Functional", 
            "Location": "LeftArm", 
            "CurrentArmor": 75, 
            "CurrentRearArmor": 0, 
            "CurrentInternalStructure": 50, 
            "AssignedArmor": 75, 
            "AssignedRearArmor": 0
        }, 
        {
            "DamageLevel": "Functional", 
            "Location": "RightArm", 
            "CurrentArmor": 75, 
            "CurrentRearArmor": 0, 
            "CurrentInternalStructure": 50, 
            "AssignedArmor": 75, 
            "AssignedRearArmor": 0
        }, 
        {
            "DamageLevel": "Functional", 
            "Location": "LeftLeg", 
            "CurrentArmor": 115, 
            "CurrentRearArmor": 0, 
            "CurrentInternalStructure": 75, 
            "AssignedArmor": 115, 
            "AssignedRearArmor": 0
        }, 
        {
            "DamageLevel": "Functional", 
            "Location": "RightLeg", 
            "CurrentArmor": 115, 
            "CurrentRearArmor": 0, 
            "CurrentInternalStructure": 75, 
            "AssignedArmor": 115, 
            "AssignedRearArmor": 0
        }
    ], 
    "inventory": [
        {
            "MountedLocation": "CenterTorso", 
            "ComponentDefID": "emod_armorslots_standard", 
            "SimGameUID": null, 
            "ComponentDefType": "Upgrade", 
            "HardpointSlot": -1, 
            "GUID": null, 
            "DamageLevel": "Functional", 
            "prefabName": null, 
            "hasPrefabName": false
        }, 
        {
            "MountedLocation": "CenterTorso", 
            "ComponentDefID": "emod_structureslots_standard", 
            "SimGameUID": null, 
            "ComponentDefType": "Upgrade", 
            "HardpointSlot": -1, 
            "GUID": null, 
            "DamageLevel": "Functional", 
            "prefabName": null, 
            "hasPrefabName": false
        }, 
        {
            "MountedLocation": "CenterTorso", 
            "ComponentDefID": "Gear_Engine_Heatsinks", 
            "SimGameUID": null, 
            "ComponentDefType": "HeatSink", 
            "HardpointSlot": -1, 
            "GUID": null, 
            "DamageLevel": "Functional", 
            "prefabName": null, 
            "hasPrefabName": false
        }, 
        {
            "MountedLocation": "CenterTorso", 
            "ComponentDefID": "Gear_Gyro_Generic_Standard", 
            "SimGameUID": null, 
            "ComponentDefType": "Upgrade", 
            "HardpointSlot": -1, 
            "GUID": null, 
            "DamageLevel": "Functional", 
            "prefabName": null, 
            "hasPrefabName": false
        }, 
        {
            "MountedLocation": "LeftArm", 
            "ComponentDefID": "emod_arm_part_shoulder", 
            "SimGameUID": "", 
            "ComponentDefType": "Upgrade", 
            "HardpointSlot": 0, 
            "GUID": null, 
            "DamageLevel": "Functional", 
            "prefabName": null, 
            "hasPrefabName": false
        }, 
        {
            "MountedLocation": "LeftArm", 
            "ComponentDefID": "emod_arm_part_upper", 
            "SimGameUID": "", 
            "ComponentDefType": "Upgrade", 
            "HardpointSlot": 0, 
            "GUID": null, 
            "DamageLevel": "Functional", 
            "prefabName": null, 
            "hasPrefabName": false
        }, 
        {
            "MountedLocation": "RightArm", 
            "ComponentDefID": "emod_arm_part_shoulder", 
            "SimGameUID": "", 
            "ComponentDefType": "Upgrade", 
            "HardpointSlot": 0, 
            "GUID": null, 
            "DamageLevel": "Functional", 
            "prefabName": null, 
            "hasPrefabName": false
        }, 
        {
            "MountedLocation": "RightArm", 
            "ComponentDefID": "emod_arm_part_upper", 
            "SimGameUID": "", 
            "ComponentDefType": "Upgrade", 
            "HardpointSlot": 0, 
            "GUID": null, 
            "DamageLevel": "Functional", 
            "prefabName": null, 
            "hasPrefabName": false
        }, 
        {
            "MountedLocation": "LeftLeg", 
            "ComponentDefID": "emod_leg_hip", 
            "SimGameUID": "", 
            "ComponentDefType": "Upgrade", 
            "HardpointSlot": 0, 
            "GUID": null, 
            "DamageLevel": "Functional", 
            "prefabName": null, 
            "hasPrefabName": false
        }, 
        {
            "MountedLocation": "LeftLeg", 
            "ComponentDefID": "emod_leg_upper", 
            "SimGameUID": "", 
            "ComponentDefType": "Upgrade", 
            "HardpointSlot": 0, 
            "GUID": null, 
            "DamageLevel": "Functional", 
            "prefabName": null, 
            "hasPrefabName": false
        }, 
        {
            "MountedLocation": "LeftLeg", 
            "ComponentDefID": "emod_leg_lower", 
            "SimGameUID": "", 
            "ComponentDefType": "Upgrade", 
            "HardpointSlot": 0, 
            "GUID": null, 
            "DamageLevel": "Functional", 
            "prefabName": null, 
            "hasPrefabName": false
        }, 
        {
            "MountedLocation": "LeftLeg", 
            "ComponentDefID": "emod_leg_foot", 
            "SimGameUID": "", 
            "ComponentDefType": "Upgrade", 
            "HardpointSlot": 0, 
            "GUID": null, 
            "DamageLevel": "Functional", 
            "prefabName": null, 
            "hasPrefabName": false
        }, 
        {
            "MountedLocation": "RightLeg", 
            "ComponentDefID": "emod_leg_hip", 
            "SimGameUID": "", 
            "ComponentDefType": "Upgrade", 
            "HardpointSlot": 0, 
            "GUID": null, 
            "DamageLevel": "Functional", 
            "prefabName": null, 
            "hasPrefabName": false
        }, 
        {
            "MountedLocation": "RightLeg", 
            "ComponentDefID": "emod_leg_upper", 
            "SimGameUID": "", 
            "ComponentDefType": "Upgrade", 
            "HardpointSlot": 0, 
            "GUID": null, 
            "DamageLevel": "Functional", 
            "prefabName": null, 
            "hasPrefabName": false
        }, 
        {
            "MountedLocation": "RightLeg", 
            "ComponentDefID": "emod_leg_lower", 
            "SimGameUID": "", 
            "ComponentDefType": "Upgrade", 
            "HardpointSlot": 0, 
            "GUID": null, 
            "DamageLevel": "Functional", 
            "prefabName": null, 
            "hasPrefabName": false
        }, 
        {
            "MountedLocation": "RightLeg", 
            "ComponentDefID": "emod_leg_foot", 
            "SimGameUID": "", 
            "ComponentDefType": "Upgrade", 
            "HardpointSlot": 0, 
            "GUID": null, 
            "DamageLevel": "Functional", 
            "prefabName": null, 
            "hasPrefabName": false
        }, 
        {
            "MountedLocation": "CenterTorso", 
            "ComponentDefID": "emod_kit_dhs", 
            "SimGameUID": "", 
            "ComponentDefType": "HeatSink", 
            "HardpointSlot": -1, 
            "GUID": null, 
            "DamageLevel": "Functional", 
            "prefabName": null, 
            "hasPrefabName": false
        }, 
        {
            "MountedLocation": "CenterTorso", 
            "ComponentDefID": "emod_engineslots_xl_center", 
            "SimGameUID": "", 
            "ComponentDefType": "HeatSink", 
            "HardpointSlot": -1, 
            "GUID": null, 
            "DamageLevel": "Functional", 
            "prefabName": null, 
            "hasPrefabName": false
        }, 
        {
            "MountedLocation": "LeftTorso", 
            "ComponentDefID": "emod_engineslots_size3", 
            "SimGameUID": "", 
            "ComponentDefType": "HeatSink", 
            "HardpointSlot": -1, 
            "GUID": null, 
            "DamageLevel": "Functional", 
            "prefabName": null, 
            "hasPrefabName": false
        }, 
        {
            "MountedLocation": "RightTorso", 
            "ComponentDefID": "emod_engineslots_size3", 
            "SimGameUID": "", 
            "ComponentDefType": "HeatSink", 
            "HardpointSlot": -1, 
            "GUID": null, 
            "DamageLevel": "Functional", 
            "prefabName": null, 
            "hasPrefabName": false
        }, 
        {
            "MountedLocation": "LeftArm", 
            "ComponentDefID": "Weapon_LRM_LRM20_0-STOCK", 
            "SimGameUID": "", 
            "ComponentDefType": "Weapon", 
            "HardpointSlot": 0, 
            "GUID": null, 
            "DamageLevel": "Functional", 
            "prefabName": null, 
            "hasPrefabName": false
        }, 
        {
            "MountedLocation": "RightTorso", 
            "ComponentDefID": "Gear_JumpJet_Generic_Heavy", 
            "SimGameUID": "", 
            "ComponentDefType": "JumpJet", 
            "HardpointSlot": -1, 
            "GUID": null, 
            "DamageLevel": "Functional", 
            "prefabName": null, 
            "hasPrefabName": false
        }, 
        {
            "MountedLocation": "RightTorso", 
            "ComponentDefID": "Gear_JumpJet_Generic_Heavy", 
            "SimGameUID": "", 
            "ComponentDefType": "JumpJet", 
            "HardpointSlot": -1, 
            "GUID": null, 
            "DamageLevel": "Functional", 
            "prefabName": null, 
            "hasPrefabName": false
        }, 
        {
            "MountedLocation": "LeftTorso", 
            "ComponentDefID": "Gear_JumpJet_Generic_Heavy", 
            "SimGameUID": "", 
            "ComponentDefType": "JumpJet", 
            "HardpointSlot": -1, 
            "GUID": null, 
            "DamageLevel": "Functional", 
            "prefabName": null, 
            "hasPrefabName": false
        }, 
        {
            "MountedLocation": "LeftTorso", 
            "ComponentDefID": "Gear_JumpJet_Generic_Heavy", 
            "SimGameUID": "", 
            "ComponentDefType": "JumpJet", 
            "HardpointSlot": -1, 
            "GUID": null, 
            "DamageLevel": "Functional", 
            "prefabName": null, 
            "hasPrefabName": false
        }, 
        {
            "MountedLocation": "CenterTorso", 
            "ComponentDefID": "Weapon_Laser_SmallLaserPulse_0-STOCK", 
            "SimGameUID": "", 
            "ComponentDefType": "Weapon", 
            "HardpointSlot": 0, 
            "GUID": null, 
            "DamageLevel": "Functional", 
            "prefabName": null, 
            "hasPrefabName": false
        }, 
        {
            "MountedLocation": "RightTorso", 
            "ComponentDefID": "Weapon_Laser_LargeLaser_0-STOCK", 
            "SimGameUID": "", 
            "ComponentDefType": "Weapon", 
            "HardpointSlot": 0, 
            "GUID": null, 
            "DamageLevel": "Functional", 
            "prefabName": null, 
            "hasPrefabName": false
        }, 
        {
            "MountedLocation": "LeftTorso", 
            "ComponentDefID": "Gear_BAP", 
            "SimGameUID": "", 
            "ComponentDefType": "Upgrade", 
            "HardpointSlot": -1, 
            "GUID": null, 
            "DamageLevel": "Functional", 
            "prefabName": null, 
            "hasPrefabName": false
        }, 
        {
            "MountedLocation": "RightArm", 
            "ComponentDefID": "Weapon_LRM_LRM20_0-STOCK", 
            "SimGameUID": "", 
            "ComponentDefType": "Weapon", 
            "HardpointSlot": 0, 
            "GUID": null, 
            "DamageLevel": "Functional", 
            "prefabName": null, 
            "hasPrefabName": false
        }, 
        {
            "MountedLocation": "CenterTorso", 
            "ComponentDefID": "emod_engine_260", 
            "SimGameUID": "", 
            "ComponentDefType": "HeatSink", 
            "HardpointSlot": -1, 
            "GUID": null, 
            "DamageLevel": "Functional", 
            "prefabName": null, 
            "hasPrefabName": false
        }, 
        {
            "MountedLocation": "CenterTorso", 
            "ComponentDefID": "Gear_HandHeld_Slot", 
            "SimGameUID": "", 
            "ComponentDefType": "Upgrade", 
            "HardpointSlot": -1, 
            "GUID": null, 
            "DamageLevel": "Functional", 
            "prefabName": null, 
            "hasPrefabName": false
        }, 
        {
            "MountedLocation": "CenterTorso", 
            "ComponentDefID": "Gear_HandHeld_Slot", 
            "SimGameUID": "", 
            "ComponentDefType": "Upgrade", 
            "HardpointSlot": -1, 
            "GUID": null, 
            "DamageLevel": "Functional", 
            "prefabName": null, 
            "hasPrefabName": false
        }, 
        {
            "MountedLocation": "RightTorso", 
            "ComponentDefID": "Ammo_AmmunitionBox_Generic_LRM_double", 
            "SimGameUID": "", 
            "ComponentDefType": "AmmunitionBox", 
            "HardpointSlot": -1, 
            "GUID": null, 
            "DamageLevel": "Functional", 
            "prefabName": null, 
            "hasPrefabName": false
        }, 
        {
            "MountedLocation": "LeftTorso", 
            "ComponentDefID": "Ammo_AmmunitionBox_Generic_LRM_double", 
            "SimGameUID": "", 
            "ComponentDefType": "AmmunitionBox", 
            "HardpointSlot": -1, 
            "GUID": null, 
            "DamageLevel": "Functional", 
            "prefabName": null, 
            "hasPrefabName": false
        }, 
        {
            "MountedLocation": "Head", 
            "ComponentDefID": "Gear_Sensors_Tracker", 
            "SimGameUID": "", 
            "ComponentDefType": "Upgrade", 
            "HardpointSlot": -1, 
            "GUID": null, 
            "DamageLevel": "Functional", 
            "prefabName": null, 
            "hasPrefabName": false
        }, 
        {
            "MountedLocation": "Head", 
            "ComponentDefID": "Gear_Cockpit_StarCorps_Dalban", 
            "SimGameUID": "", 
            "ComponentDefType": "Upgrade", 
            "HardpointSlot": -1, 
            "GUID": null, 
            "DamageLevel": "Functional", 
            "prefabName": null, 
            "hasPrefabName": false
        }, 
        {
            "MountedLocation": "Head", 
            "ComponentDefID": "Gear_Cockpit_LifeSupportA_Gunnery", 
            "SimGameUID": "", 
            "ComponentDefType": "Upgrade", 
            "HardpointSlot": -1, 
            "GUID": null, 
            "DamageLevel": "Functional", 
            "prefabName": null, 
            "hasPrefabName": false
        }, 
        {
            "MountedLocation": "Head", 
            "ComponentDefID": "Gear_Cockpit_LifeSupportB_Gunnery", 
            "SimGameUID": "", 
            "ComponentDefType": "Upgrade", 
            "HardpointSlot": -1, 
            "GUID": null, 
            "DamageLevel": "Functional", 
            "prefabName": null, 
            "hasPrefabName": false
        }, 
        {
            "MountedLocation": "Head", 
            "ComponentDefID": "Gear_TargetingTrackingSystem_I3F3", 
            "SimGameUID": "", 
            "ComponentDefType": "Upgrade", 
            "HardpointSlot": -1, 
            "GUID": null, 
            "DamageLevel": "Functional", 
            "prefabName": null, 
            "hasPrefabName": false
        }
    ], 
    "simGameMechPartCost": 1571954
}