{
    "Description" : {
        "Id" : "fp_birthOfALegend",
        "Name" : "Birth Of A Legend",
        "Details" : "The journey with Grey Death Legion",
        "Icon" : "BOAL_Title_Card.png"
    },
    "Weight" : 50,
    "InternalName" : "birthOfALegend",
    "PublishState" : "PUBLISHED",
    "Difficulty" : 4,
    "Requirements" : [
        {
            "Scope" : "Company",
            "RequirementTags" : {
                "items" : [],
                "tagSetSourceFile" : "Tags/CompanyTags"
            },
            "ExclusionTags" : {
                "items" : [],
                "tagSetSourceFile" : ""
            },
            "RequirementComparisons" : []
        }
    ],
    "LocationRequirements" : {
        "Scope" : "StarSystem",
        "RequirementTags" : {
            "items" : [
                "planet_name_trell(trellwan)"
            ],
            "tagSetSourceFile" : "Tags/PlanetNameTags"
        },
        "ExclusionTags" : {
            "items" : [
                "fp_finished_birthOfALegend"
            ],
            "tagSetSourceFile" : ""
        },
        "RequirementComparisons" : []
    },
    "PotentialEmployers" : [
        "Locals"
    ],
    "TargetFaction" : "Kurita",
    "AllowRefitTime" : false,
    "FlashpointLength" : "SHORT",
    "Repeatable" : false,
    "MilestoneSetID" : "ms_fp_birthOfALegend",
    "UseAvailableTimeoutOverride" : false,
    "AvailableTimeout" : 0,
    "UseInProgressTimeoutOverride" : false,
    "InProgressTimeout" : 0,
    "RewardCollectionID" : "itemCollection_loot_Weapon_uncommon",
    "UnitDropTonnageHint" : "Light",
    "LanceDropTonnageHint" : "None",
    "FlashpointShortDescription" : "Duke Hassid Ricol of the Draconis Combine is trying to seize the Trell. We have been contacted by an individual representing planetary government.",
    "FlashpointDescriberCastDefId" : "castDef_DariusDefault",
    "Tags" : {
        "items" : [],
        "tagSetSourceFile" : "tags/FlashpointTags"
    }
}