{
    "Description": {
        "Cost": 5200000,
        "Rarity": 1,
        "Purchasable": true,
        "Manufacturer": "",
        "Model": "",
        "UIName": "Griffin",
        "Id": "chassisdef_griffin_GDL_GRF-1N",
        "Name": "Griffin",
        "Details": "This is a Gray Death Legion custom version of the Griffin GRF-1N.",
        "Icon": "uixTxrIcon_griffin"
    },
    "MovementCapDefID": "movedef_griffin_GRF-1N",
    "PathingCapDefID": "pathingdef_medium",
    "HardpointDataDefID": "hardpointdatadef_griffin",
    "PrefabIdentifier": "chrPrfMech_griffinBase-001",
    "PrefabBase": "griffin",
    "Tonnage": 55,
    "InitialTonnage": 27,
    "weightClass": "MEDIUM",
    "BattleValue": 6088000,
    "Heatsinks": 0,
    "TopSpeed": 80,
    "TurnRadius": 90,
    "MaxJumpjets": 5,
    "Stability": 130,
    "StabilityDefenses": [
        0,
        0,
        0,
        0,
        0,
        0
    ],
    "SpotterDistanceMultiplier": 1,
    "VisibilityMultiplier": 1,
    "SensorRangeMultiplier": 1,
    "Signature": 0,
    "Radius": 5,
    "PunchesWithLeftArm": false,
    "MeleeDamage": 70,
    "MeleeInstability": 55,
    "MeleeToHitModifier": 0,
    "DFADamage": 70,
    "DFAToHitModifier": 0,
    "DFASelfDamage": 70,
    "DFAInstability": 70,
    "Locations": [
        {
            "Location": "Head",
            "Hardpoints": [],
            "Tonnage": 0,
            "InventorySlots": 1,
            "MaxArmor": 45,
            "MaxRearArmor": -1,
            "InternalStructure": 16
        },
        {
            "Location": "LeftArm",
            "Hardpoints": [],
            "Tonnage": 0,
            "InventorySlots": 8,
            "MaxArmor": 90,
            "MaxRearArmor": -1,
            "InternalStructure": 45
        },
        {
            "Location": "LeftTorso",
            "Hardpoints": [],
            "Tonnage": 0,
            "InventorySlots": 10,
            "MaxArmor": 130,
            "MaxRearArmor": 65,
            "InternalStructure": 65
        },
        {
            "Location": "CenterTorso",
            "Hardpoints": [],
            "Tonnage": 0,
            "InventorySlots": 4,
            "MaxArmor": 180,
            "MaxRearArmor": 90,
            "InternalStructure": 90
        },
        {
            "Location": "RightTorso",
            "Hardpoints": [
                {
                    "WeaponMount": "Missile",
                    "Omni": false
                },
                {
                    "WeaponMount": "Missile",
                    "Omni": false
                },
                {
                    "WeaponMount": "Missile",
                    "Omni": false
                }
            ],
            "Tonnage": 0,
            "InventorySlots": 10,
            "MaxArmor": 130,
            "MaxRearArmor": 65,
            "InternalStructure": 65
        },
        {
            "Location": "RightArm",
            "Hardpoints": [
                {
                    "WeaponMount": "Energy",
                    "Omni": false
                },
                {
                    "WeaponMount": "Energy",
                    "Omni": false
                },
                {
                    "WeaponMount": "Energy",
                    "Omni": false
                },
                {
                    "WeaponMount": "AntiPersonnel",
                    "Omni": false
                }
            ],
            "Tonnage": 0,
            "InventorySlots": 8,
            "MaxArmor": 90,
            "MaxRearArmor": -1,
            "InternalStructure": 45
        },
        {
            "Location": "LeftLeg",
            "Hardpoints": [],
            "Tonnage": 0,
            "InventorySlots": 4,
            "MaxArmor": 130,
            "MaxRearArmor": -1,
            "InternalStructure": 65
        },
        {
            "Location": "RightLeg",
            "Hardpoints": [],
            "Tonnage": 0,
            "InventorySlots": 4,
            "MaxArmor": 130,
            "MaxRearArmor": -1,
            "InternalStructure": 65
        }
    ],
    "LOSSourcePositions": [
        {
            "x": 0,
            "y": 15,
            "z": 0
        },
        {
            "x": 4,
            "y": 15,
            "z": 0
        },
        {
            "x": -4,
            "y": 15,
            "z": 0
        }
    ],
    "LOSTargetPositions": [
        {
            "x": 0,
            "y": 15,
            "z": 0
        },
        {
            "x": 4,
            "y": 15,
            "z": 0
        },
        {
            "x": -4,
            "y": 15,
            "z": 0
        },
        {
            "x": 3,
            "y": 5,
            "z": 0
        },
        {
            "x": -3,
            "y": 5,
            "z": 0
        }
    ],
    "VariantName": "GDL GRF-1N",
    "ChassisTags": {
        "items": [],
        "tagSetSourceFile": ""
    },
    "StockRole": "Sniper & Fire Support",
    "YangsThoughts": "Griffin 1Ns use their Jump Jets to stay at range and pelt their opponents from relative safety. 1Ns can run hot if they spend all their time bounding around the battlefield taking potshots, though."
}