{
    "Description": {
        "Cost": 4100000,
        "Rarity": 1,
        "Purchasable": true,
        "Manufacturer": "",
        "Model": "",
        "UIName": "GDL Hunchback",
        "Id": "chassisdef_hunchback_GDL_HBK-4G",
        "Name": "GDL Hunchback",
        "Details": "The Hunchback 4G is a tried and tested juggernaut on the field. One of the lightest 'Mechs to mount such a massive Autocannon, it is capable of destroying some lighter units in a single volley. It tends to mount heavy armor to boot.",
        "Icon": "uixTxrIcon_hunchback"
    },
    "MovementCapDefID": "movedef_hunchback_HBK-4G",
    "PathingCapDefID": "pathingdef_medium",
    "HardpointDataDefID": "hardpointdatadef_hunchback",
    "PrefabIdentifier": "chrPrfMech_hunchbackBase-001",
    "PrefabBase": "hunchback",
    "Tonnage": 50,
    "InitialTonnage": 18.5,
    "weightClass": "MEDIUM",
    "BattleValue": 4048000,
    "Heatsinks": 0,
    "TopSpeed": 65,
    "TurnRadius": 90,
    "MaxJumpjets": 4,
    "Stability": 130,
    "StabilityDefenses": [
        0,
        0,
        0,
        0,
        0,
        0
    ],
    "SpotterDistanceMultiplier": 1,
    "VisibilityMultiplier": 1,
    "SensorRangeMultiplier": 1,
    "Signature": 0,
    "Radius": 5,
    "PunchesWithLeftArm": false,
    "MeleeDamage": 80,
    "MeleeInstability": 50,
    "MeleeToHitModifier": 0,
    "DFADamage": 65,
    "DFAToHitModifier": 0,
    "DFASelfDamage": 65,
    "DFAInstability": 65,
    "Locations": [
        {
            "Location": "Head",
            "Hardpoints": [
                {
                    "WeaponMount": "AntiPersonnel",
                    "Omni": false
                }
            ],
            "Tonnage": 0,
            "InventorySlots": 1,
            "MaxArmor": 45,
            "MaxRearArmor": -1,
            "InternalStructure": 16
        },
        {
            "Location": "LeftArm",
            "Hardpoints": [
                {
                    "WeaponMount": "Energy",
                    "Omni": false
                }
            ],
            "Tonnage": 0,
            "InventorySlots": 8,
            "MaxArmor": 80,
            "MaxRearArmor": -1,
            "InternalStructure": 40
        },
        {
            "Location": "LeftTorso",
            "Hardpoints": [],
            "Tonnage": 0,
            "InventorySlots": 10,
            "MaxArmor": 120,
            "MaxRearArmor": 60,
            "InternalStructure": 60
        },
        {
            "Location": "CenterTorso",
            "Hardpoints": [],
            "Tonnage": 0,
            "InventorySlots": 4,
            "MaxArmor": 160,
            "MaxRearArmor": 80,
            "InternalStructure": 80
        },
        {
            "Location": "RightTorso",
            "Hardpoints": [
                {
                    "WeaponMount": "Ballistic",
                    "Omni": false
                },
                {
                    "WeaponMount": "Ballistic",
                    "Omni": false
                },
                {
                    "WeaponMount": "Ballistic",
                    "Omni": false
                }
            ],
            "Tonnage": 0,
            "InventorySlots": 10,
            "MaxArmor": 120,
            "MaxRearArmor": 60,
            "InternalStructure": 60
        },
        {
            "Location": "RightArm",
            "Hardpoints": [
                {
                    "WeaponMount": "Energy",
                    "Omni": false
                }
            ],
            "Tonnage": 0,
            "InventorySlots": 8,
            "MaxArmor": 80,
            "MaxRearArmor": -1,
            "InternalStructure": 40
        },
        {
            "Location": "LeftLeg",
            "Hardpoints": [],
            "Tonnage": 0,
            "InventorySlots": 4,
            "MaxArmor": 120,
            "MaxRearArmor": -1,
            "InternalStructure": 60
        },
        {
            "Location": "RightLeg",
            "Hardpoints": [],
            "Tonnage": 0,
            "InventorySlots": 4,
            "MaxArmor": 120,
            "MaxRearArmor": -1,
            "InternalStructure": 60
        }
    ],
    "LOSSourcePositions": [
        {
            "x": 0,
            "y": 12.5,
            "z": 1
        },
        {
            "x": 3,
            "y": 13,
            "z": 0
        },
        {
            "x": -3,
            "y": 13,
            "z": 0
        }
    ],
    "LOSTargetPositions": [
        {
            "x": 0,
            "y": 12.5,
            "z": 1
        },
        {
            "x": 3,
            "y": 13,
            "z": 0
        },
        {
            "x": -3,
            "y": 13,
            "z": 0
        },
        {
            "x": 2.5,
            "y": 4.5,
            "z": 2
        },
        {
            "x": -2.5,
            "y": 4.5,
            "z": 2
        }
    ],
    "VariantName": "GDL HBK-4G",
    "ChassisTags": {
        "items": [],
        "tagSetSourceFile": ""
    },
    "StockRole": "Juggernaut & Close Assault",
    "YangsThoughts": "The Hunchback 4G is a tried and tested juggernaut on the field. One of the lightest 'Mechs to mount such a massive Autocannon, it is capable of destroying some lighter units in a single volley. It tends to mount heavy armor to boot."
}