{
  "Description": {
    "Cost": 5100000,
    "Rarity": 1,
    "Purchasable": true,
    "Manufacturer": "",
    "Model": "",
    "UIName": "GDL Rifleman",
    "Id": "chassisdef_rifleman_GDL_RFL-3N",
    "Name": "GDL Rifleman",
    "Details": "The RFL-3N Rifleman is as well known for its terrible armor as for its ability to hammer opponents from long range. It has only average speed and poor heat sinking ability, but if you can put it in the right position, it can rain death on anything it surveys.",
    "Icon": "uixTxrIcon_rifleman"
  },
  "MovementCapDefID": "movedef_rifleman_RFL-3N",
  "PathingCapDefID": "pathingdef_heavy",
  "HardpointDataDefID": "hardpointdatadef_rifleman",
  "PrefabIdentifier": "chrPrfMech_riflemanBase-001",
  "PrefabBase": "rifleman",
  "Tonnage": 60,
  "InitialTonnage": 23.5,
  "weightClass": "HEAVY",
  "Heatsinks": 0,
  "MaxJumpjets": 0,
  "Stability": 160,
  "StabilityDefenses": [
    0,
    0,
    0,
    0,
    0,
    0
  ],
  "SpotterDistanceMultiplier": 1,
  "VisibilityMultiplier": 1,
  "SensorRangeMultiplier": 1,
  "Signature": 0,
  "Radius": 8,
  "PunchesWithLeftArm": false,
  "MeleeDamage": 55,
  "MeleeInstability": 60,
  "MeleeToHitModifier": 0,
  "DFADamage": 75,
  "DFAToHitModifier": 0,
  "DFASelfDamage": 75,
  "DFAInstability": 75,
  "Locations": [
    {
      "Location": "Head",
      "Hardpoints": [],
      "Tonnage": 0,
      "InventorySlots": 1,
      "MaxArmor": 45,
      "MaxRearArmor": -1,
      "InternalStructure": 16
    },
    {
      "Location": "LeftArm",
      "Hardpoints": [
        {
          "WeaponMount": "Ballistic",
          "Omni": false
        },
        {
          "WeaponMount": "Energy",
          "Omni": false
        }
      ],
      "Tonnage": 0,
      "InventorySlots": 8,
      "MaxArmor": 100,
      "MaxRearArmor": -1,
      "InternalStructure": 50
    },
    {
      "Location": "LeftTorso",
      "Hardpoints": [
        {
          "WeaponMount": "Energy",
          "Omni": false
        },
        {
          "WeaponMount": "AntiPersonnel",
          "Omni": false
        }
      ],
      "Tonnage": 0,
      "InventorySlots": 10,
      "MaxArmor": 140,
      "MaxRearArmor": 70,
      "InternalStructure": 70
    },
    {
      "Location": "CenterTorso",
      "Hardpoints": [],
      "Tonnage": 0,
      "InventorySlots": 4,
      "MaxArmor": 200,
      "MaxRearArmor": 100,
      "InternalStructure": 100
    },
    {
      "Location": "RightTorso",
      "Hardpoints": [
        {
          "WeaponMount": "Energy",
          "Omni": false
        },
        {
          "WeaponMount": "AntiPersonnel",
          "Omni": false
        }
      ],
      "Tonnage": 0,
      "InventorySlots": 10,
      "MaxArmor": 140,
      "MaxRearArmor": 70,
      "InternalStructure": 70
    },
    {
      "Location": "RightArm",
      "Hardpoints": [
        {
          "WeaponMount": "Ballistic",
          "Omni": false
        },
        {
          "WeaponMount": "Energy",
          "Omni": false
        }
      ],
      "Tonnage": 0,
      "InventorySlots": 8,
      "MaxArmor": 100,
      "MaxRearArmor": -1,
      "InternalStructure": 50
    },
    {
      "Location": "LeftLeg",
      "Hardpoints": [],
      "Tonnage": 0,
      "InventorySlots": 4,
      "MaxArmor": 140,
      "MaxRearArmor": -1,
      "InternalStructure": 70
    },
    {
      "Location": "RightLeg",
      "Hardpoints": [],
      "Tonnage": 0,
      "InventorySlots": 4,
      "MaxArmor": 140,
      "MaxRearArmor": -1,
      "InternalStructure": 70
    }
  ],
  "LOSSourcePositions": [
    {
      "x": 0,
      "y": 14,
      "z": 0.5
    },
    {
      "x": 4.5,
      "y": 13,
      "z": -0.5
    },
    {
      "x": -4.5,
      "y": 13,
      "z": -0.5
    }
  ],
  "LOSTargetPositions": [
    {
      "x": 0,
      "y": 14,
      "z": 0.5
    },
    {
      "x": 4.5,
      "y": 13,
      "z": -0.5
    },
    {
      "x": -4.5,
      "y": 13,
      "z": -0.5
    },
    {
      "x": 2.5,
      "y": 5,
      "z": 1.25
    },
    {
      "x": -2.5,
      "y": 5,
      "z": 1.25
    }
  ],
  "VariantName": "GDL RFL-3N",
  "ChassisTags": {
    "items": [],
    "tagSetSourceFile": ""
  },
  "StockRole": "Sniper",
  "YangsThoughts": "The RFL-3N Rifleman is as well known for its terrible armor as for its ability to hammer opponents from long range. It has only average speed and poor heat sinking ability, but if you can put it in the right position, it can rain death on anything it surveys.",
  "FixedEquipment": [
    {
      "MountedLocation": "Head",
      "ComponentDefID": "Gear_General_Rangefinder_Suite",
      "SimGameUID": "",
      "ComponentDefType": "Upgrade",
      "HardpointSlot": -1,
      "IsFixed": true,
      "GUID": null,
      "DamageLevel": "Functional",
      "prefabName": null,
      "hasPrefabName": false
    }
  ]
}