{
    "Name": "Solaris7",
    "Enabled": true,

    "Version": "1.0.0",
    "Description": "Solaris 7",
    "Author": "Ablomis",
    "DependsOn": [],
    "Manifest": [
        { "Type": "CastDef", "Path": "cast" },
	{ "Type": "FlashpointDef", "Path": "flashpoints" },
	{ "Type": "ContractOverride", "Path": "contracts" },
	{ "Type": "SimGameMilestoneSet", "Path": "milestoneSets" },
	{ "Type": "SimGameConversations", "Path": "simGameConversations" },
	{ "Type": "Sprite", "Path": "sprites" },
	{ "Type": "ItemCollectionDef", "Path": "itemCollections" },
	{ "Type": "MechDef", "Path": "mech" },
	{ "Type": "ChassisDef", "Path": "chassis" },
	{ "Type": "SimGameEventDef", "Path": "events" },
	{ "Type": "FactionDef", "Path": "factions", "ShouldMergeJSON":false },
	{ "Type": "MovementCapabilitiesDef", "Path": "movement"},
	{ "Type": "SimGameEventDef", "Path": "events" },
	 { "Type": "ContractOverride", "Path": "contracts"},
	 {"Type": "LanceDef", "Path": "Lances"},
	{ "Type": "Texture2D",  "Path": "textures", "AddToAddendum": "ConversationTexture" }]
}
